{
  "PEC_consultas": 15.812005620007325,
  "PEC_partos_nat": 19.368131777361295,
  "PEC_partos_ces": 35.74445959387551,
  "PEC_general": 18.97369919059405,
  "UT_med": 0.15865248675005308,
  "UT_Q": 0.3076552949910936,
  "PTOSR": [
    1.0034670423788339,
    0.0,
    0.0,
    0.0,
    0.0,
    0.0,
    0.0,
    0.0,
    0.0,
    0.0,
    0.0,
    0.0,
    0.0,
    0.0,
    0.0,
    0.0,
    0.0,
    0.0,
    0.0,
    0.0
  ],
  "PTOSR_promedio": 0.050173352118941694,
  "PPDSR": 0.006623507839688658,
  "PPDINC": 0.0,
  "total_pacientes_llegados": 89385,
  "total_pacientes_atendidos": 89384,
  "total_consultas": 62661,
  "total_partos_naturales": 15269,
  "total_partos_cesarea": 11454,
  "total_derivaciones_sr": 177,
  "total_derivaciones_inc": 0,
  "total_partos": 26723,
  "costo_medicos": 877402000.0,
  "costo_quirofano": 2538685000.0,
  "costo_sr_operacion": 2388761894.9900975,
  "costo_inc_operacion": 267700000.0,
  "CTM": 49911360.78074052,
  "costo_total_10_anios": 6072548894.990097,
  "CII": 10000000.0,
  "eventos_procesados": 297369,
  "tiempo_simulacion": 5256001.3740516445,
  "G": 3,
  "SR": 20,
  "I": 13,
  "SC": 2
}