{
  "PEC_consultas": 15.168882754426827,
  "PEC_partos_nat": 19.598205390959873,
  "PEC_partos_ces": 35.81280310275496,
  "PEC_general": 18.546586088597795,
  "UT_med": 0.160484795120012,
  "UT_Q": 0.3110487944273324,
  "PTOSR": [
    1.0026120341246783,
    0.0,
    0.0,
    0.0,
    0.0,
    0.0,
    0.0,
    0.0,
    0.0,
    0.0,
    0.0,
    0.0,
    0.0,
    0.0,
    0.0,
    0.0,
    0.0,
    0.0,
    0.0,
    0.0
  ],
  "PTOSR_promedio": 0.050130601706233915,
  "PPDSR": 0.006066659268301705,
  "PPDINC": 0.0,
  "total_pacientes_llegados": 90487,
  "total_pacientes_atendidos": 90487,
  "total_consultas": 63454,
  "total_partos_naturales": 15568,
  "total_partos_cesarea": 11465,
  "total_derivaciones_sr": 164,
  "total_derivaciones_inc": 0,
  "total_partos": 27033,
  "costo_medicos": 879112000.0,
  "costo_quirofano": 2568135000.0,
  "costo_sr_operacion": 2417280293.3686714,
  "costo_inc_operacion": 262200000.0,
  "CTM": 50356662.685221955,
  "costo_total_10_anios": 6126727293.368671,
  "CII": 10000000.0,
  "eventos_procesados": 300940,
  "tiempo_simulacion": 5256009.879766654,
  "G": 3,
  "SR": 20,
  "I": 13,
  "SC": 2
}