{
  "PEC_consultas": 14.79670728722472,
  "PEC_partos_nat": 19.532321898273914,
  "PEC_partos_ces": 35.326839231003056,
  "PEC_general": 18.26239349218001,
  "UT_med": 0.15853940280449327,
  "UT_Q": 0.30777796969129007,
  "PTOSR": [
    1.0033817281984465,
    0.0,
    0.0,
    0.0,
    0.0,
    0.0,
    0.0,
    0.0,
    0.0,
    0.0,
    0.0,
    0.0,
    0.0,
    0.0,
    0.0,
    0.0,
    0.0,
    0.0,
    0.0,
    0.0
  ],
  "PTOSR_promedio": 0.05016908640992233,
  "PPDSR": 0.005155987296842892,
  "PPDINC": 0.0,
  "total_pacientes_llegados": 89216,
  "total_pacientes_atendidos": 89215,
  "total_consultas": 62450,
  "total_partos_naturales": 15214,
  "total_partos_cesarea": 11551,
  "total_derivaciones_sr": 138,
  "total_derivaciones_inc": 0,
  "total_partos": 26765,
  "costo_medicos": 877573000.0,
  "costo_quirofano": 2542675000.0,
  "costo_sr_operacion": 2398206041.455262,
  "costo_inc_operacion": 272500000.0,
  "CTM": 50062635.95716654,
  "costo_total_10_anios": 6090954041.455262,
  "CII": 10000000.0,
  "eventos_procesados": 296993,
  "tiempo_simulacion": 5256152.053513798,
  "G": 3,
  "SR": 20,
  "I": 13,
  "SC": 2
}