{
  "PEC_consultas": 13.612535038251977,
  "PEC_partos_nat": 19.004484910467077,
  "PEC_partos_ces": 33.86672538434235,
  "PEC_general": 17.156023700088802,
  "UT_med": 0.16004465044319072,
  "UT_Q": 0.3110668195964061,
  "PTOSR": [
    1.003491614567084,
    0.0,
    0.0,
    0.0,
    0.0,
    0.0,
    0.0,
    0.0,
    0.0,
    0.0,
    0.0,
    0.0,
    0.0,
    0.0,
    0.0,
    0.0,
    0.0,
    0.0,
    0.0,
    0.0
  ],
  "PTOSR_promedio": 0.0501745807283542,
  "PPDSR": 0.004365842829658132,
  "PPDINC": 0.0,
  "total_pacientes_llegados": 89882,
  "total_pacientes_atendidos": 89881,
  "total_consultas": 62853,
  "total_partos_naturales": 15404,
  "total_partos_cesarea": 11624,
  "total_derivaciones_sr": 118,
  "total_derivaciones_inc": 0,
  "total_partos": 27028,
  "costo_medicos": 878941000.0,
  "costo_quirofano": 2567660000.0,
  "costo_sr_operacion": 2419969422.700234,
  "costo_inc_operacion": 267600000.0,
  "CTM": 50417839.09068685,
  "costo_total_10_anios": 6134170422.700233,
  "CII": 10000000.0,
  "eventos_procesados": 299223,
  "tiempo_simulacion": 5256077.817518047,
  "G": 3,
  "SR": 20,
  "I": 13,
  "SC": 2
}