{
  "PEC_consultas": 13.515430941595021,
  "PEC_partos_nat": 19.240016979918803,
  "PEC_partos_ces": 33.48688185069866,
  "PEC_general": 17.059425925764035,
  "UT_med": 0.15882401974435587,
  "UT_Q": 0.3086166898323594,
  "PTOSR": [
    1.0031223349459497,
    0.0,
    0.0,
    0.0,
    0.0,
    0.0,
    0.0,
    0.0,
    0.0,
    0.0,
    0.0,
    0.0,
    0.0,
    0.0,
    0.0,
    0.0,
    0.0,
    0.0,
    0.0,
    0.0
  ],
  "PTOSR_promedio": 0.05015611674729749,
  "PPDSR": 0.005930180516186782,
  "PPDINC": 0.0,
  "total_pacientes_llegados": 89296,
  "total_pacientes_atendidos": 89294,
  "total_consultas": 62482,
  "total_partos_naturales": 15373,
  "total_partos_cesarea": 11439,
  "total_derivaciones_sr": 159,
  "total_derivaciones_inc": 0,
  "total_partos": 26812,
  "costo_medicos": 877744000.0,
  "costo_quirofano": 2547140000.0,
  "costo_sr_operacion": 2400115722.8362026,
  "costo_inc_operacion": 274000000.0,
  "CTM": 50128764.84522906,
  "costo_total_10_anios": 6098999722.836203,
  "CII": 10000000.0,
  "eventos_procesados": 297271,
  "tiempo_simulacion": 5256001.262117995,
  "G": 3,
  "SR": 20,
  "I": 13,
  "SC": 2
}