{
  "PEC_consultas": 14.06241184678883,
  "PEC_partos_nat": 19.52329581870855,
  "PEC_partos_ces": 34.32384213308329,
  "PEC_general": 17.585581685786334,
  "UT_med": 0.1591846966908932,
  "UT_Q": 0.3089705041357358,
  "PTOSR": [
    1.0031188858656261,
    0.0,
    0.0,
    0.0,
    0.0,
    0.0,
    0.0,
    0.0,
    0.0,
    0.0,
    0.0,
    0.0,
    0.0,
    0.0,
    0.0,
    0.0,
    0.0,
    0.0,
    0.0,
    0.0
  ],
  "PTOSR_promedio": 0.05015594429328131,
  "PPDSR": 0.006074609622479782,
  "PPDINC": 0.0,
  "total_pacientes_llegados": 89536,
  "total_pacientes_atendidos": 89536,
  "total_consultas": 62703,
  "total_partos_naturales": 15420,
  "total_partos_cesarea": 11413,
  "total_derivaciones_sr": 163,
  "total_derivaciones_inc": 0,
  "total_partos": 26833,
  "costo_medicos": 877915000.0,
  "costo_quirofano": 2549135000.0,
  "costo_sr_operacion": 2401650533.9769244,
  "costo_inc_operacion": 265400000.0,
  "CTM": 50088497.539536364,
  "costo_total_10_anios": 6094100533.976925,
  "CII": 10000000.0,
  "eventos_procesados": 297925,
  "tiempo_simulacion": 5256038.821946332,
  "G": 3,
  "SR": 20,
  "I": 13,
  "SC": 2
}