{
  "PEC_consultas": 14.98962029524349,
  "PEC_partos_nat": 20.11954540481963,
  "PEC_partos_ces": 35.028653917292814,
  "PEC_general": 18.43645339568932,
  "UT_med": 0.1609869587759814,
  "UT_Q": 0.3124792355022677,
  "PTOSR": [
    1.0039812266970254,
    0.0,
    0.0,
    0.0,
    0.0,
    0.0,
    0.0,
    0.0,
    0.0,
    0.0,
    0.0,
    0.0,
    0.0,
    0.0,
    0.0,
    0.0,
    0.0,
    0.0,
    0.0,
    0.0
  ],
  "PTOSR_promedio": 0.05019906133485127,
  "PPDSR": 0.005409582689335394,
  "PPDINC": 0.0,
  "total_pacientes_llegados": 90614,
  "total_pacientes_atendidos": 90614,
  "total_consultas": 63440,
  "total_partos_naturales": 15575,
  "total_partos_cesarea": 11599,
  "total_derivaciones_sr": 147,
  "total_derivaciones_inc": 0,
  "total_partos": 27174,
  "costo_medicos": 879796000.0,
  "costo_quirofano": 2581530000.0,
  "costo_sr_operacion": 2430737093.533838,
  "costo_inc_operacion": 271700000.0,
  "CTM": 50661066.52219593,
  "costo_total_10_anios": 6163763093.533838,
  "CII": 10000000.0,
  "eventos_procesados": 301571,
  "tiempo_simulacion": 5256012.38247129,
  "G": 3,
  "SR": 20,
  "I": 13,
  "SC": 2
}