{
  "PEC_consultas": 14.601326712640926,
  "PEC_partos_nat": 18.88224005022313,
  "PEC_partos_ces": 35.868676119830354,
  "PEC_general": 18.06886207202792,
  "UT_med": 0.16044153487646085,
  "UT_Q": 0.3119754818094732,
  "PTOSR": [
    1.0038558403323248,
    0.0,
    0.0,
    0.0,
    0.0,
    0.0,
    0.0,
    0.0,
    0.0,
    0.0,
    0.0,
    0.0,
    0.0,
    0.0,
    0.0,
    0.0,
    0.0,
    0.0,
    0.0,
    0.0
  ],
  "PTOSR_promedio": 0.050192792016616236,
  "PPDSR": 0.004314954822054214,
  "PPDINC": 0.00035971223021582735,
  "total_pacientes_llegados": 90077,
  "total_pacientes_atendidos": 90075,
  "total_consultas": 62960,
  "total_partos_naturales": 15561,
  "total_partos_cesarea": 11554,
  "total_derivaciones_sr": 117,
  "total_derivaciones_inc": 1,
  "total_partos": 27115,
  "costo_medicos": 879454000.0,
  "costo_quirofano": 2575925000.0,
  "costo_sr_operacion": 2431046262.746071,
  "costo_inc_operacion": 277700000.0,
  "CTM": 50664043.25544716,
  "costo_total_10_anios": 6164125262.746071,
  "CII": 10000000.0,
  "eventos_procesados": 299999,
  "tiempo_simulacion": 5256004.047100329,
  "G": 3,
  "SR": 20,
  "I": 13,
  "SC": 2
}