{
  "PEC_consultas": 13.879461448695272,
  "PEC_partos_nat": 19.522804600331927,
  "PEC_partos_ces": 35.446777277404024,
  "PEC_general": 17.618504382687398,
  "UT_med": 0.16283384094489295,
  "UT_Q": 0.31704558693759416,
  "PTOSR": [
    1.0031763189175082,
    0.0,
    0.0,
    0.0,
    0.0,
    0.0,
    0.0,
    0.0,
    0.0,
    0.0,
    0.0,
    0.0,
    0.0,
    0.0,
    0.0,
    0.0,
    0.0,
    0.0,
    0.0,
    0.0
  ],
  "PTOSR_promedio": 0.050158815945875415,
  "PPDSR": 0.005482137670636073,
  "PPDINC": 0.0,
  "total_pacientes_llegados": 91360,
  "total_pacientes_atendidos": 91358,
  "total_consultas": 63814,
  "total_partos_naturales": 15854,
  "total_partos_cesarea": 11690,
  "total_derivaciones_sr": 151,
  "total_derivaciones_inc": 0,
  "total_partos": 27544,
  "costo_medicos": 881848000.0,
  "costo_quirofano": 2616680000.0,
  "costo_sr_operacion": 2465372495.1008267,
  "costo_inc_operacion": 270800000.0,
  "CTM": 51244113.658362955,
  "costo_total_10_anios": 6234700495.100826,
  "CII": 10000000.0,
  "eventos_procesados": 304171,
  "tiempo_simulacion": 5256028.489967983,
  "G": 3,
  "SR": 20,
  "I": 13,
  "SC": 2
}