{
  "PEC_consultas": 15.259308126318883,
  "PEC_partos_nat": 19.37911792344603,
  "PEC_partos_ces": 36.43164903266514,
  "PEC_general": 18.666366878564457,
  "UT_med": 0.15743216903343166,
  "UT_Q": 0.3061749895167597,
  "PTOSR": [
    1.0033022542809493,
    0.0,
    0.0,
    0.0,
    0.0,
    0.0,
    0.0,
    0.0,
    0.0,
    0.0,
    0.0,
    0.0,
    0.0,
    0.0,
    0.0,
    0.0,
    0.0,
    0.0,
    0.0,
    0.0
  ],
  "PTOSR_promedio": 0.050165112714047465,
  "PPDSR": 0.005829916876669049,
  "PPDINC": 0.0,
  "total_pacientes_llegados": 88587,
  "total_pacientes_atendidos": 88581,
  "total_consultas": 61994,
  "total_partos_naturales": 15312,
  "total_partos_cesarea": 11275,
  "total_derivaciones_sr": 155,
  "total_derivaciones_inc": 0,
  "total_partos": 26587,
  "costo_medicos": 876547000.0,
  "costo_quirofano": 2525765000.0,
  "costo_sr_operacion": 2378675186.159455,
  "costo_inc_operacion": 262200000.0,
  "CTM": 49670031.667064,
  "costo_total_10_anios": 6043187186.159454,
  "CII": 10000000.0,
  "eventos_procesados": 294785,
  "tiempo_simulacion": 5256019.688185168,
  "G": 3,
  "SR": 20,
  "I": 13,
  "SC": 2
}