{
  "PEC_consultas": 15.319504594646757,
  "PEC_partos_nat": 19.803900873754475,
  "PEC_partos_ces": 35.85533881773786,
  "PEC_general": 18.757190066217703,
  "UT_med": 0.15811184386777546,
  "UT_Q": 0.30712454561025415,
  "PTOSR": [
    1.0025228363872893,
    0.0,
    0.0,
    0.0,
    0.0,
    0.0,
    0.0,
    0.0,
    0.0,
    0.0,
    0.0,
    0.0,
    0.0,
    0.0,
    0.0,
    0.0,
    0.0,
    0.0,
    0.0,
    0.0
  ],
  "PTOSR_promedio": 0.050126141819364464,
  "PPDSR": 0.006450403150196887,
  "PPDINC": 0.0,
  "total_pacientes_llegados": 88869,
  "total_pacientes_atendidos": 88868,
  "total_consultas": 62203,
  "total_partos_naturales": 15082,
  "total_partos_cesarea": 11583,
  "total_derivaciones_sr": 172,
  "total_derivaciones_inc": 0,
  "total_partos": 26665,
  "costo_medicos": 877060000.0,
  "costo_quirofano": 2533175000.0,
  "costo_sr_operacion": 2382976742.4200726,
  "costo_inc_operacion": 259700000.0,
  "CTM": 49749959.52674032,
  "costo_total_10_anios": 6052911742.420073,
  "CII": 10000000.0,
  "eventos_procesados": 295694,
  "tiempo_simulacion": 5256210.159862599,
  "G": 3,
  "SR": 20,
  "I": 13,
  "SC": 2
}