{
  "PEC_consultas": 15.105261099303428,
  "PEC_partos_nat": 19.74056415718689,
  "PEC_partos_ces": 35.260070099649234,
  "PEC_general": 18.507573025211396,
  "UT_med": 0.1597724418481111,
  "UT_Q": 0.31010124474206413,
  "PTOSR": [
    1.0026842942675005,
    0.0,
    0.0,
    0.0,
    0.0,
    0.0,
    0.0,
    0.0,
    0.0,
    0.0,
    0.0,
    0.0,
    0.0,
    0.0,
    0.0,
    0.0,
    0.0,
    0.0,
    0.0,
    0.0
  ],
  "PTOSR_promedio": 0.05013421471337502,
  "PPDSR": 0.006652296714731679,
  "PPDINC": 0.0,
  "total_pacientes_llegados": 89919,
  "total_pacientes_atendidos": 89919,
  "total_consultas": 63011,
  "total_partos_naturales": 15232,
  "total_partos_cesarea": 11676,
  "total_derivaciones_sr": 179,
  "total_derivaciones_inc": 0,
  "total_partos": 26908,
  "costo_medicos": 878428000.0,
  "costo_quirofano": 2556260000.0,
  "costo_sr_operacion": 2405346266.1123996,
  "costo_inc_operacion": 272600000.0,
  "CTM": 50240829.58448548,
  "costo_total_10_anios": 6112634266.1124,
  "CII": 10000000.0,
  "eventos_procesados": 299201,
  "tiempo_simulacion": 5256054.418880465,
  "G": 3,
  "SR": 20,
  "I": 13,
  "SC": 2
}