{
  "PEC_consultas": 15.14887709270512,
  "PEC_partos_nat": 20.167648774670347,
  "PEC_partos_ces": 35.57276335626517,
  "PEC_general": 18.647210772275717,
  "UT_med": 0.15923843257305836,
  "UT_Q": 0.30951161652086306,
  "PTOSR": [
    1.003897196390416,
    0.0,
    0.0,
    0.0,
    0.0,
    0.0,
    0.0,
    0.0,
    0.0,
    0.0,
    0.0,
    0.0,
    0.0,
    0.0,
    0.0,
    0.0,
    0.0,
    0.0,
    0.0,
    0.0
  ],
  "PTOSR_promedio": 0.0501948598195208,
  "PPDSR": 0.005134501618484206,
  "PPDINC": 0.0,
  "total_pacientes_llegados": 89526,
  "total_pacientes_atendidos": 89525,
  "total_consultas": 62648,
  "total_partos_naturales": 15303,
  "total_partos_cesarea": 11574,
  "total_derivaciones_sr": 138,
  "total_derivaciones_inc": 0,
  "total_partos": 26877,
  "costo_medicos": 878257000.0,
  "costo_quirofano": 2553315000.0,
  "costo_sr_operacion": 2404656923.0778317,
  "costo_inc_operacion": 275800000.0,
  "CTM": 50235854.16228354,
  "costo_total_10_anios": 6112028923.077831,
  "CII": 10000000.0,
  "eventos_procesados": 298060,
  "tiempo_simulacion": 5256042.49199711,
  "G": 3,
  "SR": 20,
  "I": 13,
  "SC": 2
}