{
  "PEC_consultas": 14.67433237841622,
  "PEC_partos_nat": 19.13675497379371,
  "PEC_partos_ces": 35.672032010354826,
  "PEC_general": 18.184373204257767,
  "UT_med": 0.15846480364434434,
  "UT_Q": 0.30778225864643677,
  "PTOSR": [
    1.0037467535750055,
    0.0,
    0.0,
    0.0,
    0.0,
    0.0,
    0.0,
    0.0,
    0.0,
    0.0,
    0.0,
    0.0,
    0.0,
    0.0,
    0.0,
    0.0,
    0.0,
    0.0,
    0.0,
    0.0
  ],
  "PTOSR_promedio": 0.05018733767875028,
  "PPDSR": 0.005753997907637125,
  "PPDINC": 0.0,
  "total_pacientes_llegados": 89124,
  "total_pacientes_atendidos": 89124,
  "total_consultas": 62360,
  "total_partos_naturales": 15068,
  "total_partos_cesarea": 11696,
  "total_derivaciones_sr": 154,
  "total_derivaciones_inc": 0,
  "total_partos": 26764,
  "costo_medicos": 877573000.0,
  "costo_quirofano": 2542580000.0,
  "costo_sr_operacion": 2394868321.2126765,
  "costo_inc_operacion": 274700000.0,
  "CTM": 50052504.00996721,
  "costo_total_10_anios": 6089721321.212677,
  "CII": 10000000.0,
  "eventos_procesados": 296720,
  "tiempo_simulacion": 5256028.412767795,
  "G": 3,
  "SR": 20,
  "I": 13,
  "SC": 2
}