{
  "PEC_consultas": 15.931172980132976,
  "PEC_partos_nat": 19.982044745839925,
  "PEC_partos_ces": 36.32130362271895,
  "PEC_general": 19.24899090140114,
  "UT_med": 0.15970513674663697,
  "UT_Q": 0.31108847079855717,
  "PTOSR": [
    1.002901073378319,
    0.0,
    0.0,
    0.0,
    0.0,
    0.0,
    0.0,
    0.0,
    0.0,
    0.0,
    0.0,
    0.0,
    0.0,
    0.0,
    0.0,
    0.0,
    0.0,
    0.0,
    0.0,
    0.0
  ],
  "PTOSR_promedio": 0.05014505366891595,
  "PPDSR": 0.006068230592762525,
  "PPDINC": 0.0,
  "total_pacientes_llegados": 89652,
  "total_pacientes_atendidos": 89651,
  "total_consultas": 62625,
  "total_partos_naturales": 15522,
  "total_partos_cesarea": 11504,
  "total_derivaciones_sr": 164,
  "total_derivaciones_inc": 0,
  "total_partos": 27026,
  "costo_medicos": 878941000.0,
  "costo_quirofano": 2567470000.0,
  "costo_sr_operacion": 2417083385.0279956,
  "costo_inc_operacion": 271400000.0,
  "CTM": 50423789.465983525,
  "costo_total_10_anios": 6134894385.027996,
  "CII": 10000000.0,
  "eventos_procesados": 298523,
  "tiempo_simulacion": 5256029.822929898,
  "G": 3,
  "SR": 20,
  "I": 13,
  "SC": 2
}