{
  "PEC_consultas": 14.847000634044111,
  "PEC_partos_nat": 18.893048232553763,
  "PEC_partos_ces": 35.57724310870046,
  "PEC_general": 18.218014371789337,
  "UT_med": 0.15985885016841705,
  "UT_Q": 0.3107551707935822,
  "PTOSR": [
    1.0030086855646139,
    0.0,
    0.0,
    0.0,
    0.0,
    0.0,
    0.0,
    0.0,
    0.0,
    0.0,
    0.0,
    0.0,
    0.0,
    0.0,
    0.0,
    0.0,
    0.0,
    0.0,
    0.0,
    0.0
  ],
  "PTOSR_promedio": 0.050150434278230696,
  "PPDSR": 0.006522141930702242,
  "PPDINC": 0.0,
  "total_pacientes_llegados": 89867,
  "total_pacientes_atendidos": 89865,
  "total_consultas": 62880,
  "total_partos_naturales": 15372,
  "total_partos_cesarea": 11613,
  "total_derivaciones_sr": 176,
  "total_derivaciones_inc": 0,
  "total_partos": 26985,
  "costo_medicos": 878770000.0,
  "costo_quirofano": 2563575000.0,
  "costo_sr_operacion": 2412150652.136455,
  "costo_inc_operacion": 274800000.0,
  "CTM": 50377772.48331333,
  "costo_total_10_anios": 6129295652.136456,
  "CII": 10000000.0,
  "eventos_procesados": 299141,
  "tiempo_simulacion": 5256040.886660795,
  "G": 3,
  "SR": 20,
  "I": 13,
  "SC": 2
}