{
  "nombre": "MEJOR_2",
  "configuracion": {
    "G": 3,
    "SC": 2,
    "SR": 20,
    "I": 13,
    "descripcion": "Configuración optimizada alternativa - balance costo-calidad"
  },
  "num_replicas": 30,
  "indicadores": {
    "PEC_consultas": {
      "media": 14.76118798883963,
      "std": 0.6721769502673469,
      "ic_95": [
        14.520652556352614,
        15.001723421326647
      ],
      "min": 13.515430941595021,
      "max": 15.931172980132976
    },
    "PEC_partos_nat": {
      "media": 19.508173317334435,
      "std": 0.33749752004312744,
      "ic_95": [
        19.387401380845716,
        19.628945253823154
      ],
      "min": 18.88224005022313,
      "max": 20.167648774670347
    },
    "PEC_partos_ces": {
      "media": 35.18915102468197,
      "std": 0.8317635092978299,
      "ic_95": [
        34.89150827546794,
        35.486793773896
      ],
      "min": 33.36158026608977,
      "max": 36.43164903266514
    },
    "PEC_general": {
      "media": 18.20286017022121,
      "std": 0.5909545891944501,
      "ic_95": [
        17.991389786365385,
        18.414330554077036
      ],
      "min": 17.059425925764035,
      "max": 19.24899090140114
    },
    "UT_med": {
      "media": 0.15903387181220136,
      "std": 0.0013689431701623966,
      "ic_95": [
        0.1585440017900975,
        0.1595237418343052
      ],
      "min": 0.15619108364601691,
      "max": 0.16283384094489295
    },
    "UT_Q": {
      "media": 0.3089666168110868,
      "std": 0.0027946179565346337,
      "ic_95": [
        0.30796657561874347,
        0.3099666580034301
      ],
      "min": 0.30167223509890756,
      "max": 0.31704558693759416
    },
    "PTOSR_promedio": {
      "media": 0.050166169710027485,
      "std": 2.456172098495855e-05,
      "ic_95": [
        0.050157380411052874,
        0.050174959009002096
      ],
      "min": 0.0501145327579874,
      "max": 0.05021284698047749
    },
    "PPDSR": {
      "media": 0.005699860728155889,
      "std": 0.000708747121640809,
      "ic_95": [
        0.00544623882791073,
        0.005953482628401048
      ],
      "min": 0.004314954822054214,
      "max": 0.006702214322743094
    },
    "PPDINC": {
      "media": 4.885006277280249e-05,
      "std": 0.00015949507860513014,
      "ic_95": [
        -8.224518104415904e-06,
        0.00010592464365002088
      ],
      "min": 0.0,
      "max": 0.0007380073800738007
    },
    "CTM": {
      "media": 50122236.70919622,
      "std": 396636.92813198414,
      "ic_95": [
        49980302.007313624,
        50264171.41107881
      ],
      "min": 49191120.029804096,
      "max": 51244113.658362955
    },
    "CII": {
      "media": 10000000.0,
      "std": 0.0,
      "ic_95": [
        10000000.0,
        10000000.0
      ],
      "min": 10000000.0,
      "max": 10000000.0
    },
    "total_pacientes_llegados": {
      "media": 89448.46666666666,
      "std": 760.1303759920052,
      "ic_95": [
        89176.4575049972,
        89720.47582833612
      ],
      "min": 87889.0,
      "max": 91360.0
    },
    "total_pacientes_atendidos": {
      "media": 89447.23333333334,
      "std": 760.3409708505935,
      "ic_95": [
        89175.14881126158,
        89719.3178554051
      ],
      "min": 87889.0,
      "max": 91358.0
    },
    "total_derivaciones_sr": {
      "media": 153.0,
      "std": 19.067936618746973,
      "ic_95": [
        146.17662651270456,
        159.82337348729544
      ],
      "min": 117.0,
      "max": 181.0
    },
    "total_derivaciones_inc": {
      "media": 0.13333333333333333,
      "std": 0.43417248545530474,
      "ic_95": [
        -0.022033295232876643,
        0.2886999618995433
      ],
      "min": 0.0,
      "max": 2.0
    }
  }
}