{
  "ACTUAL": {
    "nombre": "ACTUAL",
    "configuracion": {
      "G": 1,
      "SC": 1,
      "SR": 24,
      "I": 15,
      "descripcion": "Configuración actual del hospital según propuesta formal"
    },
    "num_replicas": 30,
    "indicadores": {
      "PEC_consultas": {
        "media": 83.95026813384024,
        "std": 2.3741495606094745,
        "ic_95": [
          83.10068962460554,
          84.79984664307494
        ],
        "min": 78.77950122266951,
        "max": 90.51431520186783
      },
      "PEC_partos_nat": {
        "media": 21.774532877111877,
        "std": 0.36460141203422985,
        "ic_95": [
          21.644061937437215,
          21.90500381678654
        ],
        "min": 21.09912467911568,
        "max": 22.436634141828403
      },
      "PEC_partos_ces": {
        "media": 39.87395993684823,
        "std": 1.1992173290152899,
        "ic_95": [
          39.44482552697909,
          40.30309434671737
        ],
        "min": 38.08929811068857,
        "max": 42.533327752695925
      },
      "PEC_general": {
        "media": 67.63264274133422,
        "std": 1.779920538931381,
        "ic_95": [
          66.9957063565711,
          68.26957912609734
        ],
        "min": 63.85668433955964,
        "max": 72.56189304970357
      },
      "UT_med": {
        "media": 0.47739530937910696,
        "std": 0.00354775506482304,
        "ic_95": [
          0.47612576153380254,
          0.4786648572244114
        ],
        "min": 0.46975761454019577,
        "max": 0.4835213950423108
      },
      "UT_Q": {
        "media": 0.3091598682352013,
        "std": 0.0027111643157879933,
        "ic_95": [
          0.308189690544666,
          0.3101300459257366
        ],
        "min": 0.3040378562182142,
        "max": 0.31435389258876434
      },
      "PTOSR_promedio": {
        "media": 0.04199291087928691,
        "std": 6.185770321384143e-06,
        "ic_95": [
          0.04199069732980574,
          0.04199512442876808
        ],
        "min": 0.041974861035333294,
        "max": 0.04200380947830643
      },
      "PPDSR": {
        "media": 0.0005582688958568964,
        "std": 0.00020288979903081107,
        "ic_95": [
          0.00048566571370721126,
          0.0006308720780065815
        ],
        "min": 0.00022232103156958648,
        "max": 0.001066450924870371
      },
      "PPDINC": {
        "media": 0.0,
        "std": 0.0,
        "ic_95": [
          0.0,
          0.0
        ],
        "min": 0.0,
        "max": 0.0
      },
      "CTM": {
        "media": 45432308.89761646,
        "std": 399153.28892622376,
        "ic_95": [
          45289473.727588244,
          45575144.06764468
        ],
        "min": 44664672.65003484,
        "max": 46197235.53955619
      },
      "CII": {
        "media": 0.0,
        "std": 0.0,
        "ic_95": [
          0.0,
          0.0
        ],
        "min": 0.0,
        "max": 0.0
      },
      "total_pacientes_llegados": {
        "media": 89515.23333333334,
        "std": 617.7007245078083,
        "ic_95": [
          89294.19196787453,
          89736.27469879214
        ],
        "min": 87939.0,
        "max": 90403.0
      },
      "total_pacientes_atendidos": {
        "media": 89513.96666666666,
        "std": 617.7942679171314,
        "ic_95": [
          89292.89182712873,
          89735.0415062046
        ],
        "min": 87939.0,
        "max": 90403.0
      },
      "total_derivaciones_sr": {
        "media": 15.0,
        "std": 5.464619745738696,
        "ic_95": [
          13.044510938086237,
          16.955489061913763
        ],
        "min": 6.0,
        "max": 29.0
      },
      "total_derivaciones_inc": {
        "media": 0.0,
        "std": 0.0,
        "ic_95": [
          0.0,
          0.0
        ],
        "min": 0.0,
        "max": 0.0
      }
    }
  },
  "MEJOR": {
    "nombre": "MEJOR",
    "configuracion": {
      "G": 3,
      "SC": 3,
      "SR": 24,
      "I": 15,
      "descripcion": "Configuración optimizada que minimiza costos manteniendo calidad"
    },
    "num_replicas": 30,
    "indicadores": {
      "PEC_consultas": {
        "media": 0.08393622284360215,
        "std": 0.003385277803190695,
        "ic_95": [
          0.08272481673966582,
          0.08514762894753848
        ],
        "min": 0.07613328782756201,
        "max": 0.08981101460860672
      },
      "PEC_partos_nat": {
        "media": 19.460725096532016,
        "std": 0.39423389350913524,
        "ic_95": [
          19.319650309545427,
          19.601799883518606
        ],
        "min": 18.822238301769573,
        "max": 20.001493078282195
      },
      "PEC_partos_ces": {
        "media": 35.245761094706296,
        "std": 0.9941730008111466,
        "ic_95": [
          34.89000085534981,
          35.60152133406278
        ],
        "min": 33.432758171862375,
        "max": 37.27896537277773
      },
      "PEC_general": {
        "media": 7.9336513751751,
        "std": 0.18658908584831474,
        "ic_95": [
          7.866881328323552,
          8.000421422026648
        ],
        "min": 7.534706329139698,
        "max": 8.280254024809574
      },
      "UT_med": {
        "media": 0.15916888203876906,
        "std": 0.0011465873649520765,
        "ic_95": [
          0.15875858101966508,
          0.15957918305787303
        ],
        "min": 0.15688682847168628,
        "max": 0.16132523399563023
      },
      "UT_Q": {
        "media": 0.30928652140959884,
        "std": 0.0025389649189547,
        "ic_95": [
          0.3083779644818327,
          0.310195078337365
        ],
        "min": 0.30368472292895154,
        "max": 0.31429099527571486
      },
      "PTOSR_promedio": {
        "media": 0.04199241009361429,
        "std": 7.6012090274727824e-06,
        "ic_95": [
          0.04198969003589717,
          0.04199513015133141
        ],
        "min": 0.041975773362672573,
        "max": 0.0420068212470333
      },
      "PPDSR": {
        "media": 0.000511560531447285,
        "std": 0.0002525029741530942,
        "ic_95": [
          0.0004212035025904999,
          0.0006019175603040702
        ],
        "min": 3.748125937031484e-05,
        "max": 0.001195769963753223
      },
      "PPDINC": {
        "media": 0.0,
        "std": 0.0,
        "ic_95": [
          0.0,
          0.0
        ],
        "min": 0.0,
        "max": 0.0
      },
      "CTM": {
        "media": 50271790.012926534,
        "std": 345999.43041064823,
        "ic_95": [
          50147975.70688556,
          50395604.31896751
        ],
        "min": 49454159.38168444,
        "max": 50893376.06218274
      },
      "CII": {
        "media": 20000000.0,
        "std": 0.0,
        "ic_95": [
          20000000.0,
          20000000.0
        ],
        "min": 20000000.0,
        "max": 20000000.0
      },
      "total_pacientes_llegados": {
        "media": 89530.8,
        "std": 607.2902163682136,
        "ic_95": [
          89313.48398703472,
          89748.11601296529
        ],
        "min": 88487.0,
        "max": 90728.0
      },
      "total_pacientes_atendidos": {
        "media": 89529.9,
        "std": 607.4701269794374,
        "ic_95": [
          89312.51960684931,
          89747.28039315068
        ],
        "min": 88486.0,
        "max": 90728.0
      },
      "total_derivaciones_sr": {
        "media": 13.766666666666667,
        "std": 6.811163925716992,
        "ic_95": [
          11.329322958345983,
          16.20401037498735
        ],
        "min": 1.0,
        "max": 32.0
      },
      "total_derivaciones_inc": {
        "media": 0.0,
        "std": 0.0,
        "ic_95": [
          0.0,
          0.0
        ],
        "min": 0.0,
        "max": 0.0
      }
    }
  },
  "PEOR": {
    "nombre": "PEOR",
    "configuracion": {
      "G": 2,
      "SC": 2,
      "SR": 15,
      "I": 10,
      "descripcion": "Configuración subóptima con recursos insuficientes"
    },
    "num_replicas": 30,