{
  "ACTUAL": {
    "nombre": "ACTUAL",
    "configuracion": {
      "G": 1,
      "SC": 1,
      "SR": 24,
      "I": 15,
      "descripcion": "Configuración actual del hospital según propuesta formal"
    },
    "num_replicas": 30,
    "indicadores": {
      "PEC_consultas": {
        "media": 83.95026813384024,
        "std": 2.3741495606094745,
        "ic_95": [
          83.10068962460554,
          84.79984664307494
        ],
        "min": 78.77950122266951,
        "max": 90.51431520186783
      },
      "PEC_partos_nat": {
        "media": 21.774532877111877,
        "std": 0.36460141203422985,
        "ic_95": [
          21.644061937437215,
          21.90500381678654
        ],
        "min": 21.09912467911568,
        "max": 22.436634141828403
      },
      "PEC_partos_ces": {
        "media": 39.87395993684823,
        "std": 1.1992173290152899,
        "ic_95": [
          39.44482552697909,
          40.30309434671737
        ],
        "min": 38.08929811068857,
        "max": 42.533327752695925
      },
      "PEC_general": {
        "media": 67.63264274133422,
        "std": 1.779920538931381,
        "ic_95": [
          66.9957063565711,
          68.26957912609734
        ],
        "min": 63.85668433955964,
        "max": 72.56189304970357
      },
      "UT_med": {
        "media": 0.47739530937910696,
        "std": 0.00354775506482304,
        "ic_95": [
          0.47612576153380254,
          0.4786648572244114
        ],
        "min": 0.46975761454019577,
        "max": 0.4835213950423108
      },
      "UT_Q": {
        "media": 0.3091598682352013,
        "std": 0.0027111643157879933,
        "ic_95": [
          0.308189690544666,
          0.3101300459257366
        ],
        "min": 0.3040378562182142,
        "max": 0.31435389258876434
      },
      "PTOSR_promedio": {
        "media": 0.04199291087928691,
        "std": 6.185770321384143e-06,
        "ic_95": [
          0.04199069732980574,
          0.04199512442876808
        ],
        "min": 0.041974861035333294,
        "max": 0.04200380947830643
      },
      "PPDSR": {
        "media": 0.0005582688958568964,
        "std": 0.00020288979903081107,
        "ic_95": [
          0.00048566571370721126,
          0.0006308720780065815
        ],
        "min": 0.00022232103156958648,
        "max": 0.001066450924870371
      },
      "PPDINC": {
        "media": 0.0,
        "std": 0.0,
        "ic_95": [
          0.0,
          0.0
        ],
        "min": 0.0,
        "max": 0.0
      },
      "CTM": {
        "media": 45432308.89761646,
        "std": 399153.28892622376,
        "ic_95": [
          45289473.727588244,
          45575144.06764468
        ],
        "min": 44664672.65003484,
        "max": 46197235.53955619
      },
      "CII": {
        "media": 0.0,
        "std": 0.0,
        "ic_95": [
          0.0,
          0.0
        ],
        "min": 0.0,
        "max": 0.0
      },
      "total_pacientes_llegados": {
        "media": 89515.23333333334,
        "std": 617.7007245078083,
        "ic_95": [
          89294.19196787453,
          89736.27469879214
        ],
        "min": 87939.0,
        "max": 90403.0
      },
      "total_pacientes_atendidos": {
        "media": 89513.96666666666,
        "std": 617.7942679171314,
        "ic_95": [
          89292.89182712873,
          89735.0415062046
        ],
        "min": 87939.0,
        "max": 90403.0
      },
      "total_derivaciones_sr": {
        "media": 15.0,
        "std": 5.464619745738696,
        "ic_95": [
          13.044510938086237,
          16.955489061913763
        ],
        "min": 6.0,
        "max": 29.0
      },
      "total_derivaciones_inc": {
        "media": 0.0,
        "std": 0.0,
        "ic_95": [
          0.0,
          0.0
        ],
        "min": 0.0,
        "max": 0.0
      }
    }
  },
  "MEJOR": {
    "nombre": "MEJOR",
    "configuracion": {
      "G": 3,
      "SC": 3,
      "SR": 24,
      "I": 15,
      "descripcion": "Configuración optimizada que minimiza costos manteniendo calidad"
    },
    "num_replicas": 30,
    "indicadores": {
      "PEC_consultas": {
        "media": 14.667147343398645,
        "std": 0.6726084670255473,
        "ic_95": [
          14.426457494622856,
          14.907837192174433
        ],
        "min": 13.415272048156682,
        "max": 16.239124926674798
      },
      "PEC_partos_nat": {
        "media": 19.53519869004186,
        "std": 0.34891063003788775,
        "ic_95": [
          19.41034262459347,
          19.66005475549025
        ],
        "min": 18.869826922845775,
        "max": 20.240019560015583
      },
      "PEC_partos_ces": {
        "media": 35.26095934753489,
        "std": 0.8160007545417454,
        "ic_95": [
          34.96895722766844,
          35.552961467401346
        ],
        "min": 33.79720783656044,
        "max": 36.647058314054235
      },
      "PEC_general": {
        "media": 18.152076967178214,
        "std": 0.5927380792785125,
        "ic_95": [
          17.939968369592304,
          18.364185564764124
        ],
        "min": 17.044900619530285,
        "max": 19.53624363638577
      },
      "UT_med": {
        "media": 0.1591141808224541,
        "std": 0.0013804055681833718,
        "ic_95": [
          0.15862020903389693,
          0.15960815261101127
        ],
        "min": 0.15572756893217005,
        "max": 0.16257751732471484
      },
      "UT_Q": {
        "media": 0.3091549213203396,
        "std": 0.002864745297052836,
        "ic_95": [
          0.30812978538148056,
          0.31018005725919867
        ],
        "min": 0.3007391087524347,
        "max": 0.3165901509155189
      },
      "PTOSR_promedio": {
        "media": 0.04199415740220015,
        "std": 5.475182482640535e-06,
        "ic_95": [
          0.041992198133311384,
          0.04199611667108892
        ],
        "min": 0.041983088385315004,
        "max": 0.042003193480379286
      },
      "PPDSR": {
        "media": 0.0005002841912846728,
        "std": 0.00017615657708192436,
        "ic_95": [
          0.0004372473697498367,
          0.000563321012819509
        ],
        "min": 0.00018394525789125157,
        "max": 0.0008814131991626574
      },
      "PPDINC": {
        "media": 0.0,
        "std": 0.0,
        "ic_95": [
          0.0,
          0.0
        ],
        "min": 0.0,
        "max": 0.0
      },
      "CTM": {
        "media": 50251338.355709046,
        "std": 406799.9226752013,
        "ic_95": [
          50105766.872935876,
          50396909.838482216
        ],
        "min": 49114960.08379523,
        "max": 51268482.939017236
      },
      "CII": {
        "media": 20000000.0,
        "std": 0.0,
        "ic_95": [
          20000000.0,
          20000000.0
        ],
        "min": 20000000.0,
        "max": 20000000.0
      },
      "total_pacientes_llegados": {
        "media": 89479.63333333333,
        "std": 756.1767483284867,
        "ic_95": [
          89209.03895915333,
          89750.22770751333
        ],
        "min": 88171.0,
        "max": 91211.0
      },
      "total_pacientes_atendidos": {
        "media": 89478.83333333333,
        "std": 756.145173223043,
        "ic_95": [
          89208.2502581597,
          89749.41640850696
        ],
        "min": 88171.0,
        "max": 91210.0
      },
      "total_derivaciones_sr": {
        "media": 13.433333333333334,
        "std": 4.7320137386728405,
        "ic_95": [
          11.740003964164293,
          15.126662702502374
        ],
        "min": 5.0,
        "max": 24.0
      },
      "total_derivaciones_inc": {
        "media": 0.0,
        "std": 0.0,
        "ic_95": [
          0.0,
          0.0
        ],
        "min": 0.0,
        "max": 0.0
      }
    }
  },
  "PEOR": {
    "nombre": "PEOR",
    "configuracion": {
      "G": 2,
      "SC": 2,
      "SR": 15,
      "I": 10,
      "descripcion": "Configuración subóptima con recursos insuficientes"
    },