{
  "PEC_consultas": 14.838086675272667,
  "PEC_partos_nat": 19.772957788354304,
  "PEC_partos_ces": 36.29688257713727,
  "PEC_general": 18.464566541836714,
  "UT_med": 0.1591425050214073,
  "UT_Q": 0.30934180807406164,
  "PTOSR": [
    1.0077911987578692,
    0.0,
    0.0,
    0.0,
    0.0,
    0.0,
    0.0,
    0.0,
    0.0,
    0.0,
    0.0,
    0.0,
    0.0,
    0.0,
    0.0,
    0.0,
    0.0,
    0.0,
    0.0,
    0.0,
    0.0,
    0.0,
    0.0,
    0.0
  ],
  "PTOSR_promedio": 0.04199129994824455,
  "PPDSR": 0.0004836849350745991,
  "PPDINC": 0.0,
  "total_pacientes_llegados": 89440,
  "total_pacientes_atendidos": 89438,
  "total_consultas": 62561,
  "total_partos_naturales": 15275,
  "total_partos_cesarea": 11602,
  "total_derivaciones_sr": 13,
  "total_derivaciones_inc": 0,
  "total_partos": 26877,
  "costo_medicos": 878257000.0,
  "costo_quirofano": 2553315000.0,
  "costo_sr_operacion": 2413010632.539275,
  "costo_inc_operacion": 270000000.0,
  "CTM": 50256843.55511733,
  "costo_total_10_anios": 6114582632.539275,
  "CII": 20000000.0,
  "eventos_procesados": 297865,
  "tiempo_simulacion": 5256012.771316831,
  "G": 3,
  "SR": 24,
  "I": 15,
  "SC": 3
}