{
  "PEC_consultas": 14.768716712506825,
  "PEC_partos_nat": 19.8551192759139,
  "PEC_partos_ces": 35.02408521117108,
  "PEC_general": 18.250847506257482,
  "UT_med": 0.156851891886343,
  "UT_Q": 0.30460402943449005,
  "PTOSR": [
    1.0079813455133138,
    0.0,
    0.0,
    0.0,
    0.0,
    0.0,
    0.0,
    0.0,
    0.0,
    0.0,
    0.0,
    0.0,
    0.0,
    0.0,
    0.0,
    0.0,
    0.0,
    0.0,
    0.0,
    0.0,
    0.0,
    0.0,
    0.0,
    0.0
  ],
  "PTOSR_promedio": 0.041999222729721404,
  "PPDSR": 0.00030224035664362084,
  "PPDINC": 0.0,
  "total_pacientes_llegados": 88317,
  "total_pacientes_atendidos": 88316,
  "total_consultas": 61847,
  "total_partos_naturales": 15071,
  "total_partos_cesarea": 11398,
  "total_derivaciones_sr": 8,
  "total_derivaciones_inc": 0,
  "total_partos": 26469,
  "costo_medicos": 875863000.0,
  "costo_quirofano": 2514555000.0,
  "costo_sr_operacion": 2379103821.162325,
  "costo_inc_operacion": 264200000.0,
  "CTM": 49592234.14653966,
  "costo_total_10_anios": 6033721821.162325,
  "CII": 20000000.0,
  "eventos_procesados": 294048,
  "tiempo_simulacion": 5256070.942157816,
  "G": 3,
  "SR": 24,
  "I": 15,
  "SC": 3
}