{
  "PEC_consultas": 13.873114124056494,
  "PEC_partos_nat": 19.400202691299512,
  "PEC_partos_ces": 35.71455950262797,
  "PEC_general": 17.61950446659441,
  "UT_med": 0.16257751732471484,
  "UT_Q": 0.3165901509155189,
  "PTOSR": [
    1.0079423388271076,
    0.0,
    0.0,
    0.0,
    0.0,
    0.0,
    0.0,
    0.0,
    0.0,
    0.0,
    0.0,
    0.0,
    0.0,
    0.0,
    0.0,
    0.0,
    0.0,
    0.0,
    0.0,
    0.0,
    0.0,
    0.0,
    0.0,
    0.0
  ],
  "PTOSR_promedio": 0.041997597451129486,
  "PPDSR": 0.0003637686431429611,
  "PPDINC": 0.0,
  "total_pacientes_llegados": 91211,
  "total_pacientes_atendidos": 91210,
  "total_consultas": 63720,
  "total_partos_naturales": 15858,
  "total_partos_cesarea": 11632,
  "total_derivaciones_sr": 10,
  "total_derivaciones_inc": 0,
  "total_partos": 27490,
  "costo_medicos": 881506000.0,
  "costo_quirofano": 2611550000.0,
  "costo_sr_operacion": 2472409424.2470975,
  "costo_inc_operacion": 272200000.0,
  "CTM": 51268482.939017236,
  "costo_total_10_anios": 6237665424.247097,
  "CII": 20000000.0,
  "eventos_procesados": 303825,
  "tiempo_simulacion": 5256092.709694426,
  "G": 3,
  "SR": 24,
  "I": 15,
  "SC": 3
}