{
  "PEC_consultas": 13.415272048156682,
  "PEC_partos_nat": 19.09371260153347,
  "PEC_partos_ces": 33.95802358370597,
  "PEC_general": 17.044900619530285,
  "UT_med": 0.16002020683500576,
  "UT_Q": 0.31119193362328973,
  "PTOSR": [
    1.0078917340803455,
    0.0,
    0.0,
    0.0,
    0.0,
    0.0,
    0.0,
    0.0,
    0.0,
    0.0,
    0.0,
    0.0,
    0.0,
    0.0,
    0.0,
    0.0,
    0.0,
    0.0,
    0.0,
    0.0,
    0.0,
    0.0,
    0.0,
    0.0
  ],
  "PTOSR_promedio": 0.041995488920014395,
  "PPDSR": 0.0004068197788379748,
  "PPDINC": 0.0,
  "total_pacientes_llegados": 89816,
  "total_pacientes_atendidos": 89815,
  "total_consultas": 62776,
  "total_partos_naturales": 15437,
  "total_partos_cesarea": 11602,
  "total_derivaciones_sr": 11,
  "total_derivaciones_inc": 0,
  "total_partos": 27039,
  "costo_medicos": 879112000.0,
  "costo_quirofano": 2568705000.0,
  "costo_sr_operacion": 2430633316.89911,
  "costo_inc_operacion": 268700000.0,
  "CTM": 50524523.15259542,
  "costo_total_10_anios": 6147150316.89911,
  "CII": 20000000.0,
  "eventos_procesados": 299154,
  "tiempo_simulacion": 5256088.781106011,
  "G": 3,
  "SR": 24,
  "I": 15,
  "SC": 3
}