{
  "PEC_consultas": 14.342933525275896,
  "PEC_partos_nat": 19.565302687787778,
  "PEC_partos_ces": 35.556741654292814,
  "PEC_general": 17.97347470761778,
  "UT_med": 0.1599354251756434,
  "UT_Q": 0.3100489609725554,
  "PTOSR": [
    1.0080766435291029,
    0.0,
    0.0,
    0.0,
    0.0,
    0.0,
    0.0,
    0.0,
    0.0,
    0.0,
    0.0,
    0.0,
    0.0,
    0.0,
    0.0,
    0.0,
    0.0,
    0.0,
    0.0,
    0.0,
    0.0,
    0.0,
    0.0,
    0.0
  ],
  "PTOSR_promedio": 0.042003193480379286,
  "PPDSR": 0.0002966808826256258,
  "PPDINC": 0.0,
  "total_pacientes_llegados": 90227,
  "total_pacientes_atendidos": 90226,
  "total_consultas": 63261,
  "total_partos_naturales": 15287,
  "total_partos_cesarea": 11678,
  "total_derivaciones_sr": 8,
  "total_derivaciones_inc": 0,
  "total_partos": 26965,
  "costo_medicos": 878599000.0,
  "costo_quirofano": 2561675000.0,
  "costo_sr_operacion": 2423078339.3460636,
  "costo_inc_operacion": 264000000.0,
  "CTM": 50361800.0494197,
  "costo_total_10_anios": 6127352339.346064,
  "CII": 20000000.0,
  "eventos_procesados": 300261,
  "tiempo_simulacion": 5256025.585481462,
  "G": 3,
  "SR": 24,
  "I": 15,
  "SC": 3
}