{
  "PEC_consultas": 14.95357796174247,
  "PEC_partos_nat": 20.16689565743047,
  "PEC_partos_ces": 35.31012519638544,
  "PEC_general": 18.46079912127859,
  "UT_med": 0.1608171450656911,
  "UT_Q": 0.31198157170677204,
  "PTOSR": [
    1.007706502015636,
    0.0,
    0.0,
    0.0,
    0.0,
    0.0,
    0.0,
    0.0,
    0.0,
    0.0,
    0.0,
    0.0,
    0.0,
    0.0,
    0.0,
    0.0,
    0.0,
    0.0,
    0.0,
    0.0,
    0.0,
    0.0,
    0.0,
    0.0
  ],
  "PTOSR_promedio": 0.041987770917318167,
  "PPDSR": 0.000552750856763828,
  "PPDINC": 0.0,
  "total_pacientes_llegados": 90567,
  "total_pacientes_atendidos": 90566,
  "total_consultas": 63429,
  "total_partos_naturales": 15504,
  "total_partos_cesarea": 11633,
  "total_derivaciones_sr": 15,
  "total_derivaciones_inc": 0,
  "total_partos": 27137,
  "costo_medicos": 879625000.0,
  "costo_quirofano": 2578015000.0,
  "costo_sr_operacion": 2439368320.3670564,
  "costo_inc_operacion": 271800000.0,
  "CTM": 50702534.1400032,
  "costo_total_10_anios": 6168808320.367056,
  "CII": 20000000.0,
  "eventos_procesados": 301528,
  "tiempo_simulacion": 5256042.122013681,
  "G": 3,
  "SR": 24,
  "I": 15,
  "SC": 3
}