{
  "PEC_consultas": 15.014259114458552,
  "PEC_partos_nat": 19.813779530533168,
  "PEC_partos_ces": 35.59221801813942,
  "PEC_general": 18.520623387956718,
  "UT_med": 0.15899297110851698,
  "UT_Q": 0.3099006549448802,
  "PTOSR": [
    1.008027408029901,
    0.0,
    0.0,
    0.0,
    0.0,
    0.0,
    0.0,
    0.0,
    0.0,
    0.0,
    0.0,
    0.0,
    0.0,
    0.0,
    0.0,
    0.0,
    0.0,
    0.0,
    0.0,
    0.0,
    0.0,
    0.0,
    0.0,
    0.0
  ],
  "PTOSR_promedio": 0.04200114200124588,
  "PPDSR": 0.0003714710252600297,
  "PPDINC": 0.0,
  "total_pacientes_llegados": 89124,
  "total_pacientes_atendidos": 89124,
  "total_consultas": 62204,
  "total_partos_naturales": 15303,
  "total_partos_cesarea": 11617,
  "total_derivaciones_sr": 10,
  "total_derivaciones_inc": 0,
  "total_partos": 26920,
  "costo_medicos": 878428000.0,
  "costo_quirofano": 2557400000.0,
  "costo_sr_operacion": 2420442811.341175,
  "costo_inc_operacion": 267900000.0,
  "CTM": 50335650.50417404,
  "costo_total_10_anios": 6124170811.341175,
  "CII": 20000000.0,
  "eventos_procesados": 296947,
  "tiempo_simulacion": 5256037.734787521,
  "G": 3,
  "SR": 24,
  "I": 15,
  "SC": 3
}