{
  "PEC_consultas": 14.395302767252806,
  "PEC_partos_nat": 19.31376240456211,
  "PEC_partos_ces": 33.79720783656044,
  "PEC_general": 17.683937509902655,
  "UT_med": 0.15572756893217005,
  "UT_Q": 0.3007391087524347,
  "PTOSR": [
    1.0079188335179108,
    0.0,
    0.0,
    0.0,
    0.0,
    0.0,
    0.0,
    0.0,
    0.0,
    0.0,
    0.0,
    0.0,
    0.0,
    0.0,
    0.0,
    0.0,
    0.0,
    0.0,
    0.0,
    0.0,
    0.0,
    0.0,
    0.0,
    0.0
  ],
  "PTOSR_promedio": 0.04199661806324628,
  "PPDSR": 0.0006121355880327492,
  "PPDINC": 0.0,
  "total_pacientes_llegados": 88171,
  "total_pacientes_atendidos": 88171,
  "total_consultas": 62033,
  "total_partos_naturales": 14994,
  "total_partos_cesarea": 11144,
  "total_derivaciones_sr": 16,
  "total_derivaciones_inc": 0,
  "total_partos": 26138,
  "costo_medicos": 874153000.0,
  "costo_quirofano": 2483110000.0,
  "costo_sr_operacion": 2350790476.8617525,
  "costo_inc_operacion": 267600000.0,
  "CTM": 49114960.08379523,
  "costo_total_10_anios": 5975653476.8617525,
  "CII": 20000000.0,
  "eventos_procesados": 293303,
  "tiempo_simulacion": 5256015.774856279,
  "G": 3,
  "SR": 24,
  "I": 15,
  "SC": 3
}