{
  "PEC_consultas": 14.624780706048156,
  "PEC_partos_nat": 19.55969173286838,
  "PEC_partos_ces": 34.97002467934898,
  "PEC_general": 18.096013640159452,
  "UT_med": 0.1591696543961792,
  "UT_Q": 0.30902045280593443,
  "PTOSR": [
    1.007886818345853,
    0.0,
    0.0,
    0.0,
    0.0,
    0.0,
    0.0,
    0.0,
    0.0,
    0.0,
    0.0,
    0.0,
    0.0,
    0.0,
    0.0,
    0.0,
    0.0,
    0.0,
    0.0,
    0.0,
    0.0,
    0.0,
    0.0,
    0.0
  ],
  "PTOSR_promedio": 0.04199528409774387,
  "PPDSR": 0.0005210271678451805,
  "PPDINC": 0.0,
  "total_pacientes_llegados": 89553,
  "total_pacientes_atendidos": 89551,
  "total_consultas": 62681,
  "total_partos_naturales": 15303,
  "total_partos_cesarea": 11567,
  "total_derivaciones_sr": 14,
  "total_derivaciones_inc": 0,
  "total_partos": 26870,
  "costo_medicos": 878086000.0,
  "costo_quirofano": 2552650000.0,
  "costo_sr_operacion": 2417930081.9914784,
  "costo_inc_operacion": 273100000.0,
  "CTM": 50315885.605409406,
  "costo_total_10_anios": 6121766081.991478,
  "CII": 20000000.0,
  "eventos_procesados": 298231,
  "tiempo_simulacion": 5256003.633255604,
  "G": 3,
  "SR": 24,
  "I": 15,
  "SC": 3
}