{
  "PEC_consultas": 15.122567895479536,
  "PEC_partos_nat": 19.134287365828474,
  "PEC_partos_ces": 36.062886983848365,
  "PEC_general": 18.541536418062496,
  "UT_med": 0.1586267042438709,
  "UT_Q": 0.3078694346314952,
  "PTOSR": [
    1.0077692041098805,
    0.0,
    0.0,
    0.0,
    0.0,
    0.0,
    0.0,
    0.0,
    0.0,
    0.0,
    0.0,
    0.0,
    0.0,
    0.0,
    0.0,
    0.0,
    0.0,
    0.0,
    0.0,
    0.0,
    0.0,
    0.0,
    0.0,
    0.0
  ],
  "PTOSR_promedio": 0.04199038350457835,
  "PPDSR": 0.0008216006274041154,
  "PPDINC": 0.0,
  "total_pacientes_llegados": 89296,
  "total_pacientes_atendidos": 89296,
  "total_consultas": 62519,
  "total_partos_naturales": 15088,
  "total_partos_cesarea": 11689,
  "total_derivaciones_sr": 22,
  "total_derivaciones_inc": 0,
  "total_partos": 26777,
  "costo_medicos": 877573000.0,
  "costo_quirofano": 2543815000.0,
  "costo_sr_operacion": 2408463312.381735,
  "costo_inc_operacion": 274400000.0,
  "CTM": 50171928.59491837,
  "costo_total_10_anios": 6104251312.381735,
  "CII": 20000000.0,
  "eventos_procesados": 297380,
  "tiempo_simulacion": 5256046.073587859,
  "G": 3,
  "SR": 24,
  "I": 15,
  "SC": 3
}