{
  "ACTUAL": {
    "nombre": "ACTUAL",
    "configuracion": {
      "G": 2,
      "SC": 1,
      "SR": 19,
      "I": 12,
      "descripcion": "Configuración actual actualizada del hospital"
    },
    "num_replicas": 30,
    "indicadores": {
      "PEC_consultas": {
        "media": 22.02359492916109,
        "std": 0.841376949517718,
        "ic_95": [
          21.722512054545472,
          22.324677803776705
        ],
        "min": 20.253428882065705,
        "max": 23.766218942865425
      },
      "PEC_partos_nat": {
        "media": 19.22672246873323,
        "std": 0.4249768538773922,
        "ic_95": [
          19.07464645466623,
          19.378798482800228
        ],
        "min": 18.593480898624676,
        "max": 20.46581540749688
      },
      "PEC_partos_ces": {
        "media": 35.09929489102072,
        "std": 0.7672254007664245,
        "ic_95": [
          34.824746807342784,
          35.373842974698654
        ],
        "min": 33.052308476446896,
        "max": 36.19865474302481
      },
      "PEC_general": {
        "media": 23.232975865020414,
        "std": 0.6897366478303067,
        "ic_95": [
          22.986156775460707,
          23.47979495458012
        ],
        "min": 21.702829369707043,
        "max": 24.67344302503013
      },
      "UT_med": {
        "media": 0.23844056990531753,
        "std": 0.0019741983848783613,
        "ic_95": [
          0.2377341120862373,
          0.23914702772439778
        ],
        "min": 0.2353148594254181,
        "max": 0.24290136204132143
      },
      "UT_Q": {
        "media": 0.30872400541781175,
        "std": 0.002800850020277805,
        "ic_95": [
          0.30772173411009907,
          0.30972627672552444
        ],
        "min": 0.3039293457668937,
        "max": 0.31468345446317997
      },
      "PTOSR_promedio": {
        "media": 0.052620271193862006,
        "std": 4.545022405772842e-05,
        "ic_95": [
          0.05260400704006142,
          0.05263653534766259
        ],
        "min": 0.05254018115184747,
        "max": 0.052724631070073184
      },
      "PPDSR": {
        "media": 0.010144974608480272,
        "std": 0.0013353766644234046,
        "ic_95": [
          0.009667116206191411,
          0.010622833010769134
        ],
        "min": 0.0077977136800666215,
        "max": 0.012828640686183106
      },
      "PPDINC": {
        "media": 0.00013651381809705912,
        "std": 0.0003172437289312916,
        "ic_95": [
          2.2989607676080292e-05,
          0.00025003802851803793
        ],
        "min": 0.0,
        "max": 0.001135933358576297
      },
      "CTM": {
        "media": 47594601.177048184,
        "std": 383379.77244757063,
        "ic_95": [
          47457410.48740051,
          47731791.86669586
        ],
        "min": 46952402.647503376,
        "max": 48416236.12154062
      },
      "CII": {
        "media": 0.0,
        "std": 0.0,
        "ic_95": [
          0.0,
          0.0
        ],
        "min": 0.0,
        "max": 0.0
      },
      "total_pacientes_llegados": {
        "media": 89433.6,
        "std": 739.6877533214897,
        "ic_95": [
          89168.90613690374,
          89698.29386309627
        ],
        "min": 88327.0,
        "max": 91162.0
      },
      "total_pacientes_atendidos": {
        "media": 89432.83333333333,
        "std": 739.6674035105859,
        "ic_95": [
          89168.14675232337,
          89697.51991434328
        ],
        "min": 88327.0,
        "max": 91161.0
      },
      "total_derivaciones_sr": {
        "media": 272.2,
        "std": 36.659100577788514,
        "ic_95": [
          259.0817093347871,
          285.3182906652129
        ],
        "min": 206.0,
        "max": 344.0
      },
      "total_derivaciones_inc": {
        "media": 0.36666666666666664,
        "std": 0.8502873077655142,
        "ic_95": [
          0.06239526130197359,
          0.6709380720313597
        ],
        "min": 0.0,
        "max": 3.0
      }
    }
  },
  "CASO 1": {
    "nombre": "CASO 1",
    "configuracion": {
      "G": 3,
      "SC": 3,
      "SR": 24,
      "I": 15,
      "descripcion": "Configuración optimizada principal - maximiza calidad de servicio"
    },
    "num_replicas": 30,
    "indicadores": {
      "PEC_consultas": {
        "media": 14.667147343398645,
        "std": 0.6726084670255473,
        "ic_95": [
          14.426457494622856,
          14.907837192174433
        ],
        "min": 13.415272048156682,
        "max": 16.239124926674798
      },
      "PEC_partos_nat": {
        "media": 19.53519869004186,
        "std": 0.34891063003788775,
        "ic_95": [
          19.41034262459347,
          19.66005475549025
        ],
        "min": 18.869826922845775,
        "max": 20.240019560015583
      },
      "PEC_partos_ces": {
        "media": 35.26095934753489,
        "std": 0.8160007545417454,
        "ic_95": [
          34.96895722766844,
          35.552961467401346
        ],
        "min": 33.79720783656044,
        "max": 36.647058314054235
      },
      "PEC_general": {
        "media": 18.152076967178214,
        "std": 0.5927380792785125,
        "ic_95": [
          17.939968369592304,
          18.364185564764124
        ],
        "min": 17.044900619530285,
        "max": 19.53624363638577
      },
      "UT_med": {
        "media": 0.1591141808224541,
        "std": 0.0013804055681833718,
        "ic_95": [
          0.15862020903389693,
          0.15960815261101127
        ],
        "min": 0.15572756893217005,
        "max": 0.16257751732471484
      },
      "UT_Q": {
        "media": 0.3091549213203396,
        "std": 0.002864745297052836,
        "ic_95": [
          0.30812978538148056,
          0.31018005725919867
        ],
        "min": 0.3007391087524347,
        "max": 0.3165901509155189
      },
      "PTOSR_promedio": {
        "media": 0.04199415740220015,
        "std": 5.475182482640535e-06,
        "ic_95": [
          0.041992198133311384,
          0.04199611667108892
        ],
        "min": 0.041983088385315004,
        "max": 0.042003193480379286
      },
      "PPDSR": {
        "media": 0.0005002841912846728,
        "std": 0.00017615657708192436,
        "ic_95": [
          0.0004372473697498367,
          0.000563321012819509
        ],
        "min": 0.00018394525789125157,
        "max": 0.0008814131991626574
      },
      "PPDINC": {
        "media": 0.0,
        "std": 0.0,
        "ic_95": [
          0.0,
          0.0
        ],
        "min": 0.0,
        "max": 0.0
      },
      "CTM": {
        "media": 50251338.355709046,
        "std": 406799.9226752013,
        "ic_95": [
          50105766.872935876,
          50396909.838482216
        ],
        "min": 49114960.08379523,
        "max": 51268482.939017236
      },
      "CII": {
        "media": 20000000.0,
        "std": 0.0,
        "ic_95": [
          20000000.0,
          20000000.0
        ],
        "min": 20000000.0,
        "max": 20000000.0
      },
      "total_pacientes_llegados": {
        "media": 89479.63333333333,
        "std": 756.1767483284867,
        "ic_95": [
          89209.03895915333,
          89750.22770751333
        ],
        "min": 88171.0,
        "max": 91211.0
      },
      "total_pacientes_atendidos": {
        "media": 89478.83333333333,
        "std": 756.145173223043,
        "ic_95": [
          89208.2502581597,
          89749.41640850696
        ],
        "min": 88171.0,
        "max": 91210.0
      },
      "total_derivaciones_sr": {
        "media": 13.433333333333334,
        "std": 4.7320137386728405,
        "ic_95": [
          11.740003964164293,
          15.126662702502374
        ],
        "min": 5.0,
        "max": 24.0
      },
      "total_derivaciones_inc": {
        "media": 0.0,
        "std": 0.0,
        "ic_95": [
          0.0,
          0.0
        ],
        "min": 0.0,
        "max": 0.0
      }
    }
  },
  "CASO 2": {
    "nombre": "CASO 2",