{
  "PEC_consultas": 19.81658473743023,
  "PEC_partos_nat": 19.08752737722983,
  "PEC_partos_ces": 36.133837734798625,
  "PEC_general": 21.824939975426258,
  "UT_med": 0.23744582029397493,
  "UT_Q": 0.30824758727547086,
  "PTOSR": [
    0.9616723623937231,
    0.0,
    0.0,
    0.0,
    0.0,
    0.0,
    0.0,
    0.0,
    0.0,
    0.0,
    0.0,
    0.0,
    0.0,
    0.0,
    0.0
  ],
  "PTOSR_promedio": 0.0641114908262482,
  "PPDSR": 0.05725376031052887,
  "PPDINC": 0.0010873504893077202,
  "total_pacientes_llegados": 88800,
  "total_pacientes_atendidos": 88799,
  "total_consultas": 62006,
  "total_partos_naturales": 15185,
  "total_partos_cesarea": 11608,
  "total_derivaciones_sr": 1534,
  "total_derivaciones_inc": 3,
  "total_partos": 26793,
  "costo_medicos": 585162666.6666667,
  "costo_quirofano": 2545335000.0,
  "costo_sr_operacion": 2272531813.124822,
  "costo_inc_operacion": 275200000.0,
  "CTM": 46670379.28595744,
  "costo_total_10_anios": 5678229479.791489,
  "CII": 10000000.0,
  "eventos_procesados": 294401,
  "tiempo_simulacion": 5256001.988352496,
  "G": 2,
  "SR": 15,
  "I": 10,
  "SC": 2
}