{
  "PEC_consultas": 19.72179315180338,
  "PEC_partos_nat": 19.13537510404394,
  "PEC_partos_ces": 35.94129661141177,
  "PEC_general": 21.6903864666289,
  "UT_med": 0.23940484561254188,
  "UT_Q": 0.30920199675365134,
  "PTOSR": [
    0.9618621209782429,
    0.0,
    0.0,
    0.0,
    0.0,
    0.0,
    0.0,
    0.0,
    0.0,
    0.0,
    0.0,
    0.0,
    0.0,
    0.0,
    0.0
  ],
  "PTOSR_promedio": 0.06412414139854952,
  "PPDSR": 0.0559630636333172,
  "PPDINC": 0.0,
  "total_pacientes_llegados": 90202,
  "total_pacientes_atendidos": 90201,
  "total_consultas": 63344,
  "total_partos_naturales": 15354,
  "total_partos_cesarea": 11503,
  "total_derivaciones_sr": 1503,
  "total_derivaciones_inc": 0,
  "total_partos": 26857,
  "costo_medicos": 585390666.6666667,
  "costo_quirofano": 2551415000.0,
  "costo_sr_operacion": 2279553497.4867234,
  "costo_inc_operacion": 268600000.0,
  "CTM": 46725691.76016486,
  "costo_total_10_anios": 5684959164.153391,
  "CII": 10000000.0,
  "eventos_procesados": 298640,
  "tiempo_simulacion": 5256004.687928491,
  "G": 2,
  "SR": 15,
  "I": 10,
  "SC": 2
}