{
  "PEC_consultas": 19.668851638342367,
  "PEC_partos_nat": 19.772999885538447,
  "PEC_partos_ces": 35.42029644748248,
  "PEC_general": 21.760494587350593,
  "UT_med": 0.24138603510437318,
  "UT_Q": 0.3136248750944716,
  "PTOSR": [
    0.9602585280225023,
    0.0,
    0.0,
    0.0,
    0.0,
    0.0,
    0.0,
    0.0,
    0.0,
    0.0,
    0.0,
    0.0,
    0.0,
    0.0,
    0.0
  ],
  "PTOSR_promedio": 0.06401723520150016,
  "PPDSR": 0.05766479586222076,
  "PPDINC": 0.0018989745537409798,
  "total_pacientes_llegados": 90063,
  "total_pacientes_atendidos": 90058,
  "total_consultas": 62797,
  "total_partos_naturales": 15404,
  "total_partos_cesarea": 11857,
  "total_derivaciones_sr": 1572,
  "total_derivaciones_inc": 5,
  "total_partos": 27261,
  "costo_medicos": 586872666.6666667,
  "costo_quirofano": 2589795000.0,
  "costo_sr_operacion": 2310396571.6427712,
  "costo_inc_operacion": 262500000.0,
  "CTM": 47256692.36966662,
  "costo_total_10_anios": 5749564238.309439,
  "CII": 10000000.0,
  "eventos_procesados": 298480,
  "tiempo_simulacion": 5256004.95184027,
  "G": 2,
  "SR": 15,
  "I": 10,
  "SC": 2
}