{
  "PEC_consultas": 1.422748615934071,
  "PEC_partos_nat": 19.363491793414294,
  "PEC_partos_ces": 34.16651608820388,
  "PEC_general": 8.72805072340218,
  "UT_med": 0.23716090620214597,
  "UT_Q": 0.3069830963513943,
  "PTOSR": [
    0.9626531680782093,
    0.0,
    0.0,
    0.0,
    0.0,
    0.0,
    0.0,
    0.0,
    0.0,
    0.0,
    0.0,
    0.0,
    0.0,
    0.0,
    0.0
  ],
  "PTOSR_promedio": 0.06417687787188062,
  "PPDSR": 0.05351584474029627,
  "PPDINC": 0.0015402387370042356,
  "total_pacientes_llegados": 88849,
  "total_pacientes_atendidos": 88849,
  "total_consultas": 62184,
  "total_partos_naturales": 15135,
  "total_partos_cesarea": 11530,
  "total_derivaciones_sr": 1427,
  "total_derivaciones_inc": 4,
  "total_partos": 26665,
  "costo_medicos": 584706666.6666667,
  "costo_quirofano": 2533175000.0,
  "costo_sr_operacion": 2272182288.1170974,
  "costo_inc_operacion": 258900000.0,
  "CTM": 46429840.724250115,
  "costo_total_10_anios": 5648963954.783764,
  "CII": 10000000.0,
  "eventos_procesados": 294368,
  "tiempo_simulacion": 5256000.462511284,
  "G": 2,
  "SR": 15,
  "I": 10,
  "SC": 2
}