{
  "PEC_consultas": 19.8776944602724,
  "PEC_partos_nat": 19.27101491741669,
  "PEC_partos_ces": 35.83589498984045,
  "PEC_general": 21.824309917944063,
  "UT_med": 0.2364087752755682,
  "UT_Q": 0.305839405979043,
  "PTOSR": [
    0.9638640755861472,
    0.0,
    0.0,
    0.0,
    0.0,
    0.0,
    0.0,
    0.0,
    0.0,
    0.0,
    0.0,
    0.0,
    0.0,
    0.0,
    0.0
  ],
  "PTOSR_promedio": 0.06425760503907647,
  "PPDSR": 0.053601024559288835,
  "PPDINC": 0.0015308075009567547,
  "total_pacientes_llegados": 88914,
  "total_pacientes_atendidos": 88914,
  "total_consultas": 62366,
  "total_partos_naturales": 15127,
  "total_partos_cesarea": 11421,
  "total_derivaciones_sr": 1423,
  "total_derivaciones_inc": 4,
  "total_partos": 26548,
  "costo_medicos": 584250666.6666667,
  "costo_quirofano": 2522060000.0,
  "costo_sr_operacion": 2258790934.5595837,
  "costo_inc_operacion": 260500000.0,
  "CTM": 46237821.379941784,
  "costo_total_10_anios": 5625601601.226251,
  "CII": 10000000.0,
  "eventos_procesados": 294461,
  "tiempo_simulacion": 5256005.058962795,
  "G": 2,
  "SR": 15,
  "I": 10,
  "SC": 2
}