{
  "PEC_consultas": 1.383280879534321,
  "PEC_partos_nat": 19.494659110036032,
  "PEC_partos_ces": 35.72193773699349,
  "PEC_general": 8.945579050325996,
  "UT_med": 0.24254441147458392,
  "UT_Q": 0.31416720329064723,
  "PTOSR": [
    0.9616940609415789,
    0.0,
    0.0,
    0.0,
    0.0,
    0.0,
    0.0,
    0.0,
    0.0,
    0.0,
    0.0,
    0.0,
    0.0,
    0.0,
    0.0
  ],
  "PTOSR_promedio": 0.06411293739610527,
  "PPDSR": 0.05517671212787799,
  "PPDINC": 0.0007150518412584912,
  "total_pacientes_llegados": 90846,
  "total_pacientes_atendidos": 90845,
  "total_consultas": 63569,
  "total_partos_naturales": 15383,
  "total_partos_cesarea": 11893,
  "total_derivaciones_sr": 1505,
  "total_derivaciones_inc": 2,
  "total_partos": 27276,
  "costo_medicos": 586872666.6666667,
  "costo_quirofano": 2591220000.0,
  "costo_sr_operacion": 2317833353.7093916,
  "costo_inc_operacion": 279100000.0,
  "CTM": 47465967.29076213,
  "costo_total_10_anios": 5775026020.376059,
  "CII": 10000000.0,
  "eventos_procesados": 301089,
  "tiempo_simulacion": 5256028.930139648,
  "G": 2,
  "SR": 15,
  "I": 10,
  "SC": 2
}