{
  "PEC_consultas": 18.49902050569192,
  "PEC_partos_nat": 19.677175320386887,
  "PEC_partos_ces": 34.9061535012305,
  "PEC_general": 20.80131618483192,
  "UT_med": 0.23742027261579562,
  "UT_Q": 0.30703354224413365,
  "PTOSR": [
    0.9626013957526774,
    0.0,
    0.0,
    0.0,
    0.0,
    0.0,
    0.0,
    0.0,
    0.0,
    0.0,
    0.0,
    0.0,
    0.0,
    0.0,
    0.0
  ],
  "PTOSR_promedio": 0.06417342638351183,
  "PPDSR": 0.05279538040421463,
  "PPDINC": 0.001889644746787604,
  "total_pacientes_llegados": 88951,
  "total_pacientes_atendidos": 88949,
  "total_consultas": 62280,
  "total_partos_naturales": 15285,
  "total_partos_cesarea": 11384,
  "total_derivaciones_sr": 1408,
  "total_derivaciones_inc": 5,
  "total_partos": 26669,
  "costo_medicos": 584706666.6666667,
  "costo_quirofano": 2533555000.0,
  "costo_sr_operacion": 2271016571.4744496,
  "costo_inc_operacion": 263700000.0,
  "CTM": 46462834.834036574,
  "costo_total_10_anios": 5652978238.141117,
  "CII": 10000000.0,
  "eventos_procesados": 294741,
  "tiempo_simulacion": 5256023.602380036,
  "G": 2,
  "SR": 15,
  "I": 10,
  "SC": 2
}