{
  "PEC_consultas": 19.156133159734967,
  "PEC_partos_nat": 19.094713184238696,
  "PEC_partos_ces": 34.94264797901295,
  "PEC_general": 21.17903170128923,
  "UT_med": 0.23766656493860397,
  "UT_Q": 0.30807813328938993,
  "PTOSR": [
    0.9626330335521195,
    0.0,
    0.0,
    0.0,
    0.0,
    0.0,
    0.0,
    0.0,
    0.0,
    0.0,
    0.0,
    0.0,
    0.0,
    0.0,
    0.0
  ],
  "PTOSR_promedio": 0.0641755355701413,
  "PPDSR": 0.052609946568023015,
  "PPDINC": 0.001536688436419516,
  "total_pacientes_llegados": 89071,
  "total_pacientes_atendidos": 89070,
  "total_consultas": 62307,
  "total_partos_naturales": 15290,
  "total_partos_cesarea": 11473,
  "total_derivaciones_sr": 1408,
  "total_derivaciones_inc": 4,
  "total_partos": 26763,
  "costo_medicos": 585048666.6666667,
  "costo_quirofano": 2542485000.0,
  "costo_sr_operacion": 2279424574.116803,
  "costo_inc_operacion": 259600000.0,
  "CTM": 46574451.294110715,
  "costo_total_10_anios": 5666558240.78347,
  "CII": 10000000.0,
  "eventos_procesados": 295156,
  "tiempo_simulacion": 5256056.456004062,
  "G": 2,
  "SR": 15,
  "I": 10,
  "SC": 2
}