{
  "PEC_consultas": 1.397608453346405,
  "PEC_partos_nat": 19.23929713977621,
  "PEC_partos_ces": 36.73503334480013,
  "PEC_general": 9.034164562584971,
  "UT_med": 0.2396026704173507,
  "UT_Q": 0.3103263693190214,
  "PTOSR": [
    0.9632394942096572,
    0.0,
    0.0,
    0.0,
    0.0,
    0.0,
    0.0,
    0.0,
    0.0,
    0.0,
    0.0,
    0.0,
    0.0,
    0.0,
    0.0
  ],
  "PTOSR_promedio": 0.06421596628064381,
  "PPDSR": 0.053570766091634206,
  "PPDINC": 0.0003803727653100038,
  "total_pacientes_llegados": 89675,
  "total_pacientes_atendidos": 89674,
  "total_consultas": 62719,
  "total_partos_naturales": 15302,
  "total_partos_cesarea": 11653,
  "total_derivaciones_sr": 1444,
  "total_derivaciones_inc": 1,
  "total_partos": 26955,
  "costo_medicos": 585732666.6666667,
  "costo_quirofano": 2560725000.0,
  "costo_sr_operacion": 2295789584.999163,
  "costo_inc_operacion": 262600000.0,
  "CTM": 46889155.49314381,
  "costo_total_10_anios": 5704847251.665831,
  "CII": 10000000.0,
  "eventos_procesados": 297147,
  "tiempo_simulacion": 5256000.576534747,
  "G": 2,
  "SR": 15,
  "I": 10,
  "SC": 2
}