{
  "PEC_consultas": 19.29497866041429,
  "PEC_partos_nat": 19.62977836617481,
  "PEC_partos_ces": 35.17110939796414,
  "PEC_general": 21.431640889598803,
  "UT_med": 0.2415973629723644,
  "UT_Q": 0.3138303347991055,
  "PTOSR": [
    0.9582133970298987,
    0.0,
    0.0,
    0.0,
    0.0,
    0.0,
    0.0,
    0.0,
    0.0,
    0.0,
    0.0,
    0.0,
    0.0,
    0.0,
    0.0
  ],
  "PTOSR_promedio": 0.06388089313532658,
  "PPDSR": 0.058767459764636876,
  "PPDINC": 0.002897500905469033,
  "total_pacientes_llegados": 90205,
  "total_pacientes_atendidos": 90205,
  "total_consultas": 62928,
  "total_partos_naturales": 15463,
  "total_partos_cesarea": 11814,
  "total_derivaciones_sr": 1603,
  "total_derivaciones_inc": 8,
  "total_partos": 27277,
  "costo_medicos": 586872666.6666667,
  "costo_quirofano": 2591315000.0,
  "costo_sr_operacion": 2311203430.3785353,
  "costo_inc_operacion": 275000000.0,
  "CTM": 47378556.96201536,
  "costo_total_10_anios": 5764391097.045202,
  "CII": 10000000.0,
  "eventos_procesados": 299036,
  "tiempo_simulacion": 5256155.44108315,
  "G": 2,
  "SR": 15,
  "I": 10,
  "SC": 2
}