{
  "PEC_consultas": 18.7867392335901,
  "PEC_partos_nat": 19.16636506625592,
  "PEC_partos_ces": 35.53968385025869,
  "PEC_general": 21.03638226841163,
  "UT_med": 0.2421114544551308,
  "UT_Q": 0.31340333732906234,
  "PTOSR": [
    0.9608004476374405,
    0.0,
    0.0,
    0.0,
    0.0,
    0.0,
    0.0,
    0.0,
    0.0,
    0.0,
    0.0,
    0.0,
    0.0,
    0.0,
    0.0
  ],
  "PTOSR_promedio": 0.06405336317582937,
  "PPDSR": 0.05558615119139406,
  "PPDINC": 0.001135933358576297,
  "total_pacientes_llegados": 90851,
  "total_pacientes_atendidos": 90850,
  "total_consultas": 63613,
  "total_partos_naturales": 15386,
  "total_partos_cesarea": 11851,
  "total_derivaciones_sr": 1514,
  "total_derivaciones_inc": 3,
  "total_partos": 27237,
  "costo_medicos": 586758666.6666667,
  "costo_quirofano": 2587515000.0,
  "costo_sr_operacion": 2312914892.1727395,
  "costo_inc_operacion": 263500000.0,
  "CTM": 47265933.36032389,
  "costo_total_10_anios": 5750688558.839407,
  "CII": 10000000.0,
  "eventos_procesados": 300898,
  "tiempo_simulacion": 5256024.739514122,
  "G": 2,
  "SR": 15,
  "I": 10,
  "SC": 2
}