{
  "PEC_consultas": 1.361888261050234,
  "PEC_partos_nat": 19.388437082021813,
  "PEC_partos_ces": 36.591224775215196,
  "PEC_general": 8.891639530765968,
  "UT_med": 0.23621449822093804,
  "UT_Q": 0.3042654086637436,
  "PTOSR": [
    0.9629806251669398,
    0.0,
    0.0,
    0.0,
    0.0,
    0.0,
    0.0,
    0.0,
    0.0,
    0.0,
    0.0,
    0.0,
    0.0,
    0.0,
    0.0
  ],
  "PTOSR_promedio": 0.06419870834446266,
  "PPDSR": 0.05367071371837059,
  "PPDINC": 0.003411675511751327,
  "total_pacientes_llegados": 89093,
  "total_pacientes_atendidos": 89092,
  "total_consultas": 62653,
  "total_partos_naturales": 15148,
  "total_partos_cesarea": 11291,
  "total_derivaciones_sr": 1419,
  "total_derivaciones_inc": 9,
  "total_partos": 26439,
  "costo_medicos": 583794666.6666667,
  "costo_quirofano": 2511705000.0,
  "costo_sr_operacion": 2250743955.9639297,
  "costo_inc_operacion": 262600000.0,
  "CTM": 46100084.56956654,
  "costo_total_10_anios": 5608843622.630596,
  "CII": 10000000.0,
  "eventos_procesados": 294908,
  "tiempo_simulacion": 5256011.955387492,
  "G": 2,
  "SR": 15,
  "I": 10,
  "SC": 2
}