{
  "PEC_consultas": 18.693006201386897,
  "PEC_partos_nat": 19.56125529499577,
  "PEC_partos_ces": 34.89362585170635,
  "PEC_general": 20.93604157598092,
  "UT_med": 0.2385954727514953,
  "UT_Q": 0.3083753087264753,
  "PTOSR": [
    0.962674446790636,
    0.0,
    0.0,
    0.0,
    0.0,
    0.0,
    0.0,
    0.0,
    0.0,
    0.0,
    0.0,
    0.0,
    0.0,
    0.0,
    0.0
  ],
  "PTOSR_promedio": 0.06417829645270906,
  "PPDSR": 0.054885561736922675,
  "PPDINC": 0.0007689350249903883,
  "total_pacientes_llegados": 89647,
  "total_pacientes_atendidos": 89646,
  "total_consultas": 62863,
  "total_partos_naturales": 15185,
  "total_partos_cesarea": 11598,
  "total_derivaciones_sr": 1470,
  "total_derivaciones_inc": 2,
  "total_partos": 26783,
  "costo_medicos": 585048666.6666667,
  "costo_quirofano": 2544385000.0,
  "costo_sr_operacion": 2279208303.894998,
  "costo_inc_operacion": 259600000.0,
  "CTM": 46588290.16899998,
  "costo_total_10_anios": 5668241970.561665,
  "CII": 10000000.0,
  "eventos_procesados": 296843,
  "tiempo_simulacion": 5256001.453223473,
  "G": 2,
  "SR": 15,
  "I": 10,
  "SC": 2
}