{
  "PEC_consultas": 1.404408421716247,
  "PEC_partos_nat": 18.938198367983382,
  "PEC_partos_ces": 35.29154258825187,
  "PEC_general": 8.72287376494562,
  "UT_med": 0.24095585902089073,
  "UT_Q": 0.31171112921630284,
  "PTOSR": [
    0.9636236950310914,
    0.0,
    0.0,
    0.0,
    0.0,
    0.0,
    0.0,
    0.0,
    0.0,
    0.0,
    0.0,
    0.0,
    0.0,
    0.0,
    0.0
  ],
  "PTOSR_promedio": 0.06424157966873942,
  "PPDSR": 0.05312938742333555,
  "PPDINC": 0.0003786444528587656,
  "total_pacientes_llegados": 90632,
  "total_pacientes_atendidos": 90632,
  "total_consultas": 63566,
  "total_partos_naturales": 15526,
  "total_partos_cesarea": 11540,
  "total_derivaciones_sr": 1438,
  "total_derivaciones_inc": 1,
  "total_partos": 27066,
  "costo_medicos": 586188666.6666667,
  "costo_quirofano": 2571270000.0,
  "costo_sr_operacion": 2306727640.0935555,
  "costo_inc_operacion": 263500000.0,
  "CTM": 47076873.754193604,
  "costo_total_10_anios": 5727686306.760222,
  "CII": 10000000.0,
  "eventos_procesados": 300157,
  "tiempo_simulacion": 5256069.673858882,
  "G": 2,
  "SR": 15,
  "I": 10,
  "SC": 2
}