{
  "PEC_consultas": 1.3812961381308242,
  "PEC_partos_nat": 19.325732258829483,
  "PEC_partos_ces": 36.65426262103865,
  "PEC_general": 8.94622932286946,
  "UT_med": 0.23698548833002828,
  "UT_Q": 0.3058111530675484,
  "PTOSR": [
    0.9624624233380112,
    0.0,
    0.0,
    0.0,
    0.0,
    0.0,
    0.0,
    0.0,
    0.0,
    0.0,
    0.0,
    0.0,
    0.0,
    0.0,
    0.0
  ],
  "PTOSR_promedio": 0.06416416155586742,
  "PPDSR": 0.052940512473191106,
  "PPDINC": 0.0011389521640091116,
  "total_pacientes_llegados": 89176,
  "total_pacientes_atendidos": 89176,
  "total_consultas": 62599,
  "total_partos_naturales": 15168,
  "total_partos_cesarea": 11409,
  "total_derivaciones_sr": 1407,
  "total_derivaciones_inc": 3,
  "total_partos": 26577,
  "costo_medicos": 584364666.6666667,
  "costo_quirofano": 2524815000.0,
  "costo_sr_operacion": 2265724166.203633,
  "costo_inc_operacion": 263100000.0,
  "CTM": 46339757.53044082,
  "costo_total_10_anios": 5638003832.8703,
  "CII": 10000000.0,
  "eventos_procesados": 295314,
  "tiempo_simulacion": 5256003.4364592545,
  "G": 2,
  "SR": 15,
  "I": 10,
  "SC": 2
}