{
  "PEC_consultas": 18.740109893598238,
  "PEC_partos_nat": 19.073856292494185,
  "PEC_partos_ces": 35.86414603728336,
  "PEC_general": 20.995208571967652,
  "UT_med": 0.23643834427206803,
  "UT_Q": 0.30663168904513877,
  "PTOSR": [
    0.9635696857821519,
    0.0,
    0.0,
    0.0,
    0.0,
    0.0,
    0.0,
    0.0,
    0.0,
    0.0,
    0.0,
    0.0,
    0.0,
    0.0,
    0.0
  ],
  "PTOSR_promedio": 0.06423797905214346,
  "PPDSR": 0.051444891210401716,
  "PPDINC": 0.0,
  "total_pacientes_llegados": 88723,
  "total_pacientes_atendidos": 88720,
  "total_consultas": 62109,
  "total_partos_naturales": 15224,
  "total_partos_cesarea": 11387,
  "total_derivaciones_sr": 1369,
  "total_derivaciones_inc": 0,
  "total_partos": 26611,
  "costo_medicos": 584478666.6666667,
  "costo_quirofano": 2528045000.0,
  "costo_sr_operacion": 2267951128.222108,
  "costo_inc_operacion": 266800000.0,
  "CTM": 46415957.2182639,
  "costo_total_10_anios": 5647274794.888775,
  "CII": 10000000.0,
  "eventos_procesados": 294059,
  "tiempo_simulacion": 5256009.498616479,
  "G": 2,
  "SR": 15,
  "I": 10,
  "SC": 2
}