{
  "PEC_consultas": 19.17544649819279,
  "PEC_partos_nat": 19.624499052368854,
  "PEC_partos_ces": 35.4353092061133,
  "PEC_general": 21.344434942525417,
  "UT_med": 0.2377059666692439,
  "UT_Q": 0.30853362776953736,
  "PTOSR": [
    0.9599466631567701,
    0.0,
    0.0,
    0.0,
    0.0,
    0.0,
    0.0,
    0.0,
    0.0,
    0.0,
    0.0,
    0.0,
    0.0,
    0.0,
    0.0
  ],
  "PTOSR_promedio": 0.06399644421045134,
  "PPDSR": 0.05685843182580814,
  "PPDINC": 0.001840264998159735,
  "total_pacientes_llegados": 88981,
  "total_pacientes_atendidos": 88981,
  "total_consultas": 62160,
  "total_partos_naturales": 15376,
  "total_partos_cesarea": 11445,
  "total_derivaciones_sr": 1525,
  "total_derivaciones_inc": 5,
  "total_partos": 26821,
  "costo_medicos": 585276666.6666667,
  "costo_quirofano": 2547995000.0,
  "costo_sr_operacion": 2274788250.1774654,
  "costo_inc_operacion": 271100000.0,
  "CTM": 46678026.713787384,
  "costo_total_10_anios": 5679159916.844132,
  "CII": 10000000.0,
  "eventos_procesados": 294937,
  "tiempo_simulacion": 5256029.693732878,
  "G": 2,
  "SR": 15,
  "I": 10,
  "SC": 2
}