{
  "PEC_consultas": 1.3981721627128778,
  "PEC_partos_nat": 19.826332361152343,
  "PEC_partos_ces": 36.49383660295963,
  "PEC_general": 9.139206095064171,
  "UT_med": 0.23695250289899447,
  "UT_Q": 0.30814113855482383,
  "PTOSR": [
    0.9587157666980892,
    0.0,
    0.0,
    0.0,
    0.0,
    0.0,
    0.0,
    0.0,
    0.0,
    0.0,
    0.0,
    0.0,
    0.0,
    0.0,
    0.0
  ],
  "PTOSR_promedio": 0.06391438444653928,
  "PPDSR": 0.058944380112808635,
  "PPDINC": 0.0022471910112359553,
  "total_pacientes_llegados": 88483,
  "total_pacientes_atendidos": 88483,
  "total_consultas": 61712,
  "total_partos_naturales": 15275,
  "total_partos_cesarea": 11496,
  "total_derivaciones_sr": 1578,
  "total_derivaciones_inc": 6,
  "total_partos": 26771,
  "costo_medicos": 585048666.6666667,
  "costo_quirofano": 2543245000.0,
  "costo_sr_operacion": 2268205396.340498,
  "costo_inc_operacion": 266200000.0,
  "CTM": 46542732.02471642,
  "costo_total_10_anios": 5662699063.007165,
  "CII": 10000000.0,
  "eventos_procesados": 293295,
  "tiempo_simulacion": 5256072.160748346,
  "G": 2,
  "SR": 15,
  "I": 10,
  "SC": 2
}