{
  "PEC_consultas": 20.066177864904372,
  "PEC_partos_nat": 19.537241790418953,
  "PEC_partos_ces": 35.693013551957314,
  "PEC_general": 22.031184221656865,
  "UT_med": 0.23725715047534232,
  "UT_Q": 0.3082321065648882,
  "PTOSR": [
    0.9606999793337563,
    0.0,
    0.0,
    0.0,
    0.0,
    0.0,
    0.0,
    0.0,
    0.0,
    0.0,
    0.0,
    0.0,
    0.0,
    0.0,
    0.0
  ],
  "PTOSR_promedio": 0.06404666528891709,
  "PPDSR": 0.05672567032638733,
  "PPDINC": 0.0011367942402425162,
  "total_pacientes_llegados": 88716,
  "total_pacientes_atendidos": 88715,
  "total_consultas": 61937,
  "total_partos_naturales": 15111,
  "total_partos_cesarea": 11667,
  "total_derivaciones_sr": 1519,
  "total_derivaciones_inc": 3,
  "total_partos": 26778,
  "costo_medicos": 585048666.6666667,
  "costo_quirofano": 2543910000.0,
  "costo_sr_operacion": 2270786806.105159,
  "costo_inc_operacion": 263500000.0,
  "CTM": 46547223.063878015,
  "costo_total_10_anios": 5663245472.771826,
  "CII": 10000000.0,
  "eventos_procesados": 294037,
  "tiempo_simulacion": 5256142.357014324,
  "G": 2,
  "SR": 15,
  "I": 10,
  "SC": 2
}