{
  "PEC_consultas": 19.618049256187355,
  "PEC_partos_nat": 19.181507070179116,
  "PEC_partos_ces": 35.843520039772,
  "PEC_general": 21.634850992776308,
  "UT_med": 0.23915124551449674,
  "UT_Q": 0.3094068216999027,
  "PTOSR": [
    0.9625387951810295,
    0.0,
    0.0,
    0.0,
    0.0,
    0.0,
    0.0,
    0.0,
    0.0,
    0.0,
    0.0,
    0.0,
    0.0,
    0.0,
    0.0
  ],
  "PTOSR_promedio": 0.06416925301206863,
  "PPDSR": 0.0546273211029658,
  "PPDINC": 0.001085383502170767,
  "total_pacientes_llegados": 89771,
  "total_pacientes_atendidos": 89770,
  "total_consultas": 62897,
  "total_partos_naturales": 15303,
  "total_partos_cesarea": 11570,
  "total_derivaciones_sr": 1468,
  "total_derivaciones_inc": 3,
  "total_partos": 26873,
  "costo_medicos": 585390666.6666667,
  "costo_quirofano": 2552935000.0,
  "costo_sr_operacion": 2286632704.2481794,
  "costo_inc_operacion": 275700000.0,
  "CTM": 46854726.33628641,
  "costo_total_10_anios": 5700658370.914846,
  "CII": 10000000.0,
  "eventos_procesados": 297466,
  "tiempo_simulacion": 5256006.785120257,
  "G": 2,
  "SR": 15,
  "I": 10,
  "SC": 2
}