{
  "PEC_consultas": 20.3401258377374,
  "PEC_partos_nat": 20.290856749325798,
  "PEC_partos_ces": 36.257233919818646,
  "PEC_general": 22.36925877651606,
  "UT_med": 0.2384565009349356,
  "UT_Q": 0.3086079427178117,
  "PTOSR": [
    0.9605663239894421,
    0.0,
    0.0,
    0.0,
    0.0,
    0.0,
    0.0,
    0.0,
    0.0,
    0.0,
    0.0,
    0.0,
    0.0,
    0.0,
    0.0
  ],
  "PTOSR_promedio": 0.06403775493262948,
  "PPDSR": 0.057983443955552244,
  "PPDINC": 0.0011214953271028037,
  "total_pacientes_llegados": 89264,
  "total_pacientes_atendidos": 89263,
  "total_consultas": 62445,
  "total_partos_naturales": 15391,
  "total_partos_cesarea": 11427,
  "total_derivaciones_sr": 1555,
  "total_derivaciones_inc": 3,
  "total_partos": 26818,
  "costo_medicos": 585276666.6666667,
  "costo_quirofano": 2547710000.0,
  "costo_sr_operacion": 2273004578.8135943,
  "costo_inc_operacion": 267000000.0,
  "CTM": 46627325.30531721,
  "costo_total_10_anios": 5672991245.480261,
  "CII": 10000000.0,
  "eventos_procesados": 295709,
  "tiempo_simulacion": 5256003.203442688,
  "G": 2,
  "SR": 15,
  "I": 10,
  "SC": 2
}