{
  "PEC_consultas": 18.408911710615804,
  "PEC_partos_nat": 19.102641308482777,
  "PEC_partos_ces": 34.43634691872696,
  "PEC_general": 20.581615957333135,
  "UT_med": 0.23460079553050994,
  "UT_Q": 0.3021972245646086,
  "PTOSR": [
    0.9641779001184846,
    0.0,
    0.0,
    0.0,
    0.0,
    0.0,
    0.0,
    0.0,
    0.0,
    0.0,
    0.0,
    0.0,
    0.0,
    0.0,
    0.0
  ],
  "PTOSR_promedio": 0.06427852667456564,
  "PPDSR": 0.0507384287454324,
  "PPDINC": 0.0,
  "total_pacientes_llegados": 88456,
  "total_pacientes_atendidos": 88455,
  "total_consultas": 62183,
  "total_partos_naturales": 14927,
  "total_partos_cesarea": 11345,
  "total_derivaciones_sr": 1333,
  "total_derivaciones_inc": 0,
  "total_partos": 26272,
  "costo_medicos": 583224666.6666667,
  "costo_quirofano": 2495840000.0,
  "costo_sr_operacion": 2243422463.036747,
  "costo_inc_operacion": 267300000.0,
  "CTM": 45943455.860576004,
  "costo_total_10_anios": 5589787129.703414,
  "CII": 10000000.0,
  "eventos_procesados": 292967,
  "tiempo_simulacion": 5256092.718177205,
  "G": 2,
  "SR": 15,
  "I": 10,
  "SC": 2
}