{
  "PEC_consultas": 1.396995057685162,
  "PEC_partos_nat": 19.331856506309936,
  "PEC_partos_ces": 33.97672083679468,
  "PEC_general": 8.694435548285057,
  "UT_med": 0.2390602606767499,
  "UT_Q": 0.3096115330772884,
  "PTOSR": [
    0.9592914196990949,
    0.0,
    0.0,
    0.0,
    0.0,
    0.0,
    0.0,
    0.0,
    0.0,
    0.0,
    0.0,
    0.0,
    0.0,
    0.0,
    0.0
  ],
  "PTOSR_promedio": 0.063952761313273,
  "PPDSR": 0.05674259596447549,
  "PPDINC": 0.004489337822671156,
  "total_pacientes_llegados": 89597,
  "total_pacientes_atendidos": 89593,
  "total_consultas": 62682,
  "total_partos_naturales": 15224,
  "total_partos_cesarea": 11687,
  "total_derivaciones_sr": 1527,
  "total_derivaciones_inc": 12,
  "total_partos": 26911,
  "costo_medicos": 585618666.6666667,
  "costo_quirofano": 2556545000.0,
  "costo_sr_operacion": 2284143747.290394,
  "costo_inc_operacion": 265200000.0,
  "CTM": 46779512.9914279,
  "costo_total_10_anios": 5691507413.957061,
  "CII": 10000000.0,
  "eventos_procesados": 296815,
  "tiempo_simulacion": 5256005.324767757,
  "G": 2,
  "SR": 15,
  "I": 10,
  "SC": 2
}