{
  "PEC_consultas": 18.6830378542054,
  "PEC_partos_nat": 19.44589881598376,
  "PEC_partos_ces": 35.040642704483346,
  "PEC_general": 20.937920787166558,
  "UT_med": 0.23715668116738145,
  "UT_Q": 0.3070012044989761,
  "PTOSR": [
    0.9629267729553799,
    0.0,
    0.0,
    0.0,
    0.0,
    0.0,
    0.0,
    0.0,
    0.0,
    0.0,
    0.0,
    0.0,
    0.0,
    0.0,
    0.0
  ],
  "PTOSR_promedio": 0.06419511819702532,
  "PPDSR": 0.054905929090772805,
  "PPDINC": 0.0018656716417910447,
  "total_pacientes_llegados": 88955,
  "total_pacientes_atendidos": 88955,
  "total_consultas": 62273,
  "total_partos_naturales": 15125,
  "total_partos_cesarea": 11557,
  "total_derivaciones_sr": 1465,
  "total_derivaciones_inc": 5,
  "total_partos": 26682,
  "costo_medicos": 584706666.6666667,
  "costo_quirofano": 2534790000.0,
  "costo_sr_operacion": 2271317205.008214,
  "costo_inc_operacion": 267300000.0,
  "CTM": 46505045.52061546,
  "costo_total_10_anios": 5658113871.674881,
  "CII": 10000000.0,
  "eventos_procesados": 294749,
  "tiempo_simulacion": 5256204.478318044,
  "G": 2,
  "SR": 15,
  "I": 10,
  "SC": 2
}