{
  "PEC_consultas": 1.415847136909236,
  "PEC_partos_nat": 19.47101039331556,
  "PEC_partos_ces": 36.51920456710069,
  "PEC_general": 9.028292680673724,
  "UT_med": 0.2386307169551581,
  "UT_Q": 0.30946154699906375,
  "PTOSR": [
    0.9598212039269447,
    0.0,
    0.0,
    0.0,
    0.0,
    0.0,
    0.0,
    0.0,
    0.0,
    0.0,
    0.0,
    0.0,
    0.0,
    0.0,
    0.0
  ],
  "PTOSR_promedio": 0.06398808026179631,
  "PPDSR": 0.058539125260339185,
  "PPDINC": 0.0011214953271028037,
  "total_pacientes_llegados": 89479,
  "total_pacientes_atendidos": 89478,
  "total_consultas": 62590,
  "total_partos_naturales": 15410,
  "total_partos_cesarea": 11478,
  "total_derivaciones_sr": 1574,
  "total_derivaciones_inc": 3,
  "total_partos": 26888,
  "costo_medicos": 585504666.6666667,
  "costo_quirofano": 2554360000.0,
  "costo_sr_operacion": 2277361544.1315017,
  "costo_inc_operacion": 267100000.0,
  "CTM": 46720489.40382056,
  "costo_total_10_anios": 5684326210.798168,
  "CII": 10000000.0,
  "eventos_procesados": 296415,
  "tiempo_simulacion": 5256214.380417563,
  "G": 2,
  "SR": 15,
  "I": 10,
  "SC": 2
}