{
  "PEC_consultas": 1.3964794393484414,
  "PEC_partos_nat": 19.811857510092388,
  "PEC_partos_ces": 36.21687299447094,
  "PEC_general": 8.98876686224019,
  "UT_med": 0.23686953867465907,
  "UT_Q": 0.3054165061181826,
  "PTOSR": [
    0.9629526294725245,
    0.0,
    0.0,
    0.0,
    0.0,
    0.0,
    0.0,
    0.0,
    0.0,
    0.0,
    0.0,
    0.0,
    0.0,
    0.0,
    0.0
  ],
  "PTOSR_promedio": 0.06419684196483497,
  "PPDSR": 0.05259786745035982,
  "PPDINC": 0.0015249714067861228,
  "total_pacientes_llegados": 89147,
  "total_pacientes_atendidos": 89147,
  "total_consultas": 62606,
  "total_partos_naturales": 15077,
  "total_partos_cesarea": 11464,
  "total_derivaciones_sr": 1396,
  "total_derivaciones_inc": 4,
  "total_partos": 26541,
  "costo_medicos": 584250666.6666667,
  "costo_quirofano": 2521395000.0,
  "costo_sr_operacion": 2262208023.8081975,
  "costo_inc_operacion": 261600000.0,
  "CTM": 46269482.38746464,
  "costo_total_10_anios": 5629453690.474865,
  "CII": 10000000.0,
  "eventos_procesados": 295189,
  "tiempo_simulacion": 5256063.490587558,
  "G": 2,
  "SR": 15,
  "I": 10,
  "SC": 2
}