{
  "PEC_consultas": 1.3613452115053386,
  "PEC_partos_nat": 19.35025954654007,
  "PEC_partos_ces": 34.848031238263516,
  "PEC_general": 8.711739586881754,
  "UT_med": 0.23522170008254606,
  "UT_Q": 0.3035783690488209,
  "PTOSR": [
    0.9637990033039675,
    0.0,
    0.0,
    0.0,
    0.0,
    0.0,
    0.0,
    0.0,
    0.0,
    0.0,
    0.0,
    0.0,
    0.0,
    0.0,
    0.0
  ],
  "PTOSR_promedio": 0.06425326688693117,
  "PPDSR": 0.052118868925782734,
  "PPDINC": 0.0,
  "total_pacientes_llegados": 88530,
  "total_pacientes_atendidos": 88528,
  "total_consultas": 62146,
  "total_partos_naturales": 15017,
  "total_partos_cesarea": 11365,
  "total_derivaciones_sr": 1375,
  "total_derivaciones_inc": 0,
  "total_partos": 26382,
  "costo_medicos": 583680666.6666667,
  "costo_quirofano": 2506290000.0,
  "costo_sr_operacion": 2250717972.342281,
  "costo_inc_operacion": 254800000.0,
  "CTM": 45990317.58089545,
  "costo_total_10_anios": 5595488639.008947,
  "CII": 10000000.0,
  "eventos_procesados": 293134,
  "tiempo_simulacion": 5256054.083033151,
  "G": 2,
  "SR": 15,
  "I": 10,
  "SC": 2
}