{
  "PEC_consultas": 1.4471498178093136,
  "PEC_partos_nat": 19.689445627236573,
  "PEC_partos_ces": 35.06605398275386,
  "PEC_general": 8.900174519128422,
  "UT_med": 0.23959720261839293,
  "UT_Q": 0.30987851107467546,
  "PTOSR": [
    0.9638256335775671,
    0.0,
    0.0,
    0.0,
    0.0,
    0.0,
    0.0,
    0.0,
    0.0,
    0.0,
    0.0,
    0.0,
    0.0,
    0.0,
    0.0
  ],
  "PTOSR_promedio": 0.06425504223850448,
  "PPDSR": 0.053251141891640985,
  "PPDINC": 0.00149812734082397,
  "total_pacientes_llegados": 89917,
  "total_pacientes_atendidos": 89917,
  "total_consultas": 62988,
  "total_partos_naturales": 15294,
  "total_partos_cesarea": 11635,
  "total_derivaciones_sr": 1434,
  "total_derivaciones_inc": 4,
  "total_partos": 26929,
  "costo_medicos": 585618666.6666667,
  "costo_quirofano": 2558255000.0,
  "costo_sr_operacion": 2292928299.556227,
  "costo_inc_operacion": 266400000.0,
  "CTM": 46875632.59909228,
  "costo_total_10_anios": 5703201966.222895,
  "CII": 10000000.0,
  "eventos_procesados": 297896,
  "tiempo_simulacion": 5256008.160203143,
  "G": 2,
  "SR": 15,
  "I": 10,
  "SC": 2
}