{
  "PEC_consultas": 1.3641829198910498,
  "PEC_partos_nat": 19.335353871402805,
  "PEC_partos_ces": 35.30492012274148,
  "PEC_general": 8.778500774534198,
  "UT_med": 0.23813374805907303,
  "UT_Q": 0.30749008739045797,
  "PTOSR": [
    0.9643489238819646,
    0.0,
    0.0,
    0.0,
    0.0,
    0.0,
    0.0,
    0.0,
    0.0,
    0.0,
    0.0,
    0.0,
    0.0,
    0.0,
    0.0
  ],
  "PTOSR_promedio": 0.06428992825879763,
  "PPDSR": 0.051219603582000076,
  "PPDINC": 0.001819505094614265,
  "total_pacientes_llegados": 89465,
  "total_pacientes_atendidos": 89464,
  "total_consultas": 62775,
  "total_partos_naturales": 15187,
  "total_partos_cesarea": 11502,
  "total_derivaciones_sr": 1367,
  "total_derivaciones_inc": 5,
  "total_partos": 26689,
  "costo_medicos": 584706666.6666667,
  "costo_quirofano": 2535455000.0,
  "costo_sr_operacion": 2277004413.8068457,
  "costo_inc_operacion": 274100000.0,
  "CTM": 46613145.866905585,
  "costo_total_10_anios": 5671266080.473513,
  "CII": 10000000.0,
  "eventos_procesados": 296453,
  "tiempo_simulacion": 5256047.9190248875,
  "G": 2,
  "SR": 15,
  "I": 10,
  "SC": 2
}