{
  "PEC_consultas": 18.712246977952628,
  "PEC_partos_nat": 18.979362821947866,
  "PEC_partos_ces": 35.14025481539536,
  "PEC_general": 20.86629382554129,
  "UT_med": 0.23942547143508916,
  "UT_Q": 0.3107926860216768,
  "PTOSR": [
    0.9608646366932313,
    0.0,
    0.0,
    0.0,
    0.0,
    0.0,
    0.0,
    0.0,
    0.0,
    0.0,
    0.0,
    0.0,
    0.0,
    0.0,
    0.0
  ],
  "PTOSR_promedio": 0.06405764244621542,
  "PPDSR": 0.05543196143863552,
  "PPDINC": 0.00038022813688212925,
  "total_pacientes_llegados": 89519,
  "total_pacientes_atendidos": 89519,
  "total_consultas": 62549,
  "total_partos_naturales": 15484,
  "total_partos_cesarea": 11486,
  "total_derivaciones_sr": 1495,
  "total_derivaciones_inc": 1,
  "total_partos": 26970,
  "costo_medicos": 585846666.6666667,
  "costo_quirofano": 2562150000.0,
  "costo_sr_operacion": 2294266293.6111813,
  "costo_inc_operacion": 262700000.0,
  "CTM": 46890106.522831626,
  "costo_total_10_anios": 5704962960.277848,
  "CII": 10000000.0,
  "eventos_procesados": 296653,
  "tiempo_simulacion": 5256000.279649837,
  "G": 2,
  "SR": 15,
  "I": 10,
  "SC": 2
}