{
  "PEC_consultas": 1.4384266157424295,
  "PEC_partos_nat": 19.407562559035714,
  "PEC_partos_ces": 35.698793417742394,
  "PEC_general": 8.921226046591075,
  "UT_med": 0.2360141804912768,
  "UT_Q": 0.3056712889019491,
  "PTOSR": [
    0.9625972688091305,
    0.0,
    0.0,
    0.0,
    0.0,
    0.0,
    0.0,
    0.0,
    0.0,
    0.0,
    0.0,
    0.0,
    0.0,
    0.0,
    0.0
  ],
  "PTOSR_promedio": 0.06417315125394203,
  "PPDSR": 0.05133516628375579,
  "PPDINC": 0.0026455026455026454,
  "total_pacientes_llegados": 88347,
  "total_pacientes_atendidos": 88346,
  "total_consultas": 61795,
  "total_partos_naturales": 15258,
  "total_partos_cesarea": 11293,
  "total_derivaciones_sr": 1363,
  "total_derivaciones_inc": 7,
  "total_partos": 26551,
  "costo_medicos": 584250666.6666667,
  "costo_quirofano": 2522345000.0,
  "costo_sr_operacion": 2267930970.210875,
  "costo_inc_operacion": 263800000.0,
  "CTM": 46342410.71406199,
  "costo_total_10_anios": 5638326636.8775425,
  "CII": 10000000.0,
  "eventos_procesados": 292858,
  "tiempo_simulacion": 5256162.569580536,
  "G": 2,
  "SR": 15,
  "I": 10,
  "SC": 2
}