{
  "PEC_consultas": 1.4525257178700524,
  "PEC_partos_nat": 19.646788753301657,
  "PEC_partos_ces": 35.52387236296546,
  "PEC_general": 8.99853073988167,
  "UT_med": 0.2413094260996069,
  "UT_Q": 0.3132886337478809,
  "PTOSR": [
    0.9590112457608151,
    0.0,
    0.0,
    0.0,
    0.0,
    0.0,
    0.0,
    0.0,
    0.0,
    0.0,
    0.0,
    0.0,
    0.0,
    0.0,
    0.0
  ],
  "PTOSR_promedio": 0.063934083050721,
  "PPDSR": 0.057608336696877406,
  "PPDINC": 0.0,
  "total_pacientes_llegados": 90181,
  "total_pacientes_atendidos": 90180,
  "total_consultas": 62927,
  "total_partos_naturales": 15623,
  "total_partos_cesarea": 11630,
  "total_derivaciones_sr": 1570,
  "total_derivaciones_inc": 0,
  "total_partos": 27253,
  "costo_medicos": 586872666.6666667,
  "costo_quirofano": 2589035000.0,
  "costo_sr_operacion": 2311729022.164142,
  "costo_inc_operacion": 267200000.0,
  "CTM": 47300027.5794313,
  "costo_total_10_anios": 5754836688.830809,
  "CII": 10000000.0,
  "eventos_procesados": 298887,
  "tiempo_simulacion": 5256023.345446267,
  "G": 2,
  "SR": 15,
  "I": 10,
  "SC": 2
}