{
  "PEC_consultas": 1.4584529937880963,
  "PEC_partos_nat": 19.175239316898246,
  "PEC_partos_ces": 35.23097069722516,
  "PEC_general": 8.861871833838896,
  "UT_med": 0.23809221590442553,
  "UT_Q": 0.3079928077122186,
  "PTOSR": [
    0.9617159166272726,
    0.0,
    0.0,
    0.0,
    0.0,
    0.0,
    0.0,
    0.0,
    0.0,
    0.0,
    0.0,
    0.0,
    0.0,
    0.0,
    0.0
  ],
  "PTOSR_promedio": 0.06411439444181817,
  "PPDSR": 0.053992452266188394,
  "PPDINC": 0.0,
  "total_pacientes_llegados": 89228,
  "total_pacientes_atendidos": 89226,
  "total_consultas": 62463,
  "total_partos_naturales": 15152,
  "total_partos_cesarea": 11611,
  "total_derivaciones_sr": 1445,
  "total_derivaciones_inc": 0,
  "total_partos": 26763,
  "costo_medicos": 585048666.6666667,
  "costo_quirofano": 2542485000.0,
  "costo_sr_operacion": 2278710409.5345826,
  "costo_inc_operacion": 276200000.0,
  "CTM": 46705019.804393835,
  "costo_total_10_anios": 5682444076.20125,
  "CII": 10000000.0,
  "eventos_procesados": 295747,
  "tiempo_simulacion": 5256015.573199847,
  "G": 2,
  "SR": 15,
  "I": 10,
  "SC": 2
}