{
  "PEC_consultas": 1.4049031251114548,
  "PEC_partos_nat": 19.089954722034374,
  "PEC_partos_ces": 36.41641567097797,
  "PEC_general": 8.889428285565488,
  "UT_med": 0.23530727781410155,
  "UT_Q": 0.3042527678625781,
  "PTOSR": [
    0.9620026284049831,
    0.0,
    0.0,
    0.0,
    0.0,
    0.0,
    0.0,
    0.0,
    0.0,
    0.0,
    0.0,
    0.0,
    0.0,
    0.0,
    0.0
  ],
  "PTOSR_promedio": 0.0641335085603322,
  "PPDSR": 0.05456953642384106,
  "PPDINC": 0.0015128593040847202,
  "total_pacientes_llegados": 88515,
  "total_pacientes_atendidos": 88515,
  "total_consultas": 62090,
  "total_partos_naturales": 15161,
  "total_partos_cesarea": 11264,
  "total_derivaciones_sr": 1442,
  "total_derivaciones_inc": 4,
  "total_partos": 26425,
  "costo_medicos": 583794666.6666667,
  "costo_quirofano": 2510375000.0,
  "costo_sr_operacion": 2246343546.7188406,
  "costo_inc_operacion": 263800000.0,
  "CTM": 46062848.329195954,
  "costo_total_10_anios": 5604313213.385508,
  "CII": 10000000.0,
  "eventos_procesados": 293156,
  "tiempo_simulacion": 5256068.48355723,
  "G": 2,
  "SR": 15,
  "I": 10,
  "SC": 2
}