{
  "PEC_consultas": 1.406881948565436,
  "PEC_partos_nat": 19.09678529022951,
  "PEC_partos_ces": 35.861218742236325,
  "PEC_general": 8.92461435683272,
  "UT_med": 0.23789700211377954,
  "UT_Q": 0.3086781522050725,
  "PTOSR": [
    0.9631426963336178,
    0.0,
    0.0,
    0.0,
    0.0,
    0.0,
    0.0,
    0.0,
    0.0,
    0.0,
    0.0,
    0.0,
    0.0,
    0.0,
    0.0
  ],
  "PTOSR_promedio": 0.06420951308890785,
  "PPDSR": 0.05585195687049957,
  "PPDINC": 0.0007584376185058779,
  "total_pacientes_llegados": 88989,
  "total_pacientes_atendidos": 88989,
  "total_consultas": 62186,
  "total_partos_naturales": 15180,
  "total_partos_cesarea": 11623,
  "total_derivaciones_sr": 1497,
  "total_derivaciones_inc": 2,
  "total_partos": 26803,
  "costo_medicos": 585162666.6666667,
  "costo_quirofano": 2546285000.0,
  "costo_sr_operacion": 2274820177.502535,
  "costo_inc_operacion": 263400000.0,
  "CTM": 46600009.67810303,
  "costo_total_10_anios": 5669667844.169202,
  "CII": 10000000.0,
  "eventos_procesados": 294897,
  "tiempo_simulacion": 5256009.258671199,
  "G": 2,
  "SR": 15,
  "I": 10,
  "SC": 2
}