{
  "PEC_consultas": 1.3747416476947678,
  "PEC_partos_nat": 18.96959637580682,
  "PEC_partos_ces": 34.73936513673681,
  "PEC_general": 8.676245222267216,
  "UT_med": 0.23498853817654622,
  "UT_Q": 0.30420334829740703,
  "PTOSR": [
    0.9647217939585061,
    0.0,
    0.0,
    0.0,
    0.0,
    0.0,
    0.0,
    0.0,
    0.0,
    0.0,
    0.0,
    0.0,
    0.0,
    0.0,
    0.0
  ],
  "PTOSR_promedio": 0.0643147862639004,
  "PPDSR": 0.05395384033295497,
  "PPDINC": 0.0019149751053236309,
  "total_pacientes_llegados": 88182,
  "total_pacientes_atendidos": 88182,
  "total_consultas": 61752,
  "total_partos_naturales": 15090,
  "total_partos_cesarea": 11340,
  "total_derivaciones_sr": 1426,
  "total_derivaciones_inc": 5,
  "total_partos": 26430,
  "costo_medicos": 583794666.6666667,
  "costo_quirofano": 2510850000.0,
  "costo_sr_operacion": 2250042978.3390365,
  "costo_inc_operacion": 260500000.0,
  "CTM": 46070035.43840303,
  "costo_total_10_anios": 5605187645.005703,
  "CII": 10000000.0,
  "eventos_procesados": 292149,
  "tiempo_simulacion": 5256091.676070277,
  "G": 2,
  "SR": 15,
  "I": 10,
  "SC": 2
}