{
  "PEC_consultas": 19.18903046350331,
  "PEC_partos_nat": 20.534457222827108,
  "PEC_partos_ces": 35.18178174076221,
  "PEC_general": 21.469757162781427,
  "UT_med": 0.23862830856582834,
  "UT_Q": 0.30949089346027797,
  "PTOSR": [
    0.959275478537335,
    0.0,
    0.0,
    0.0,
    0.0,
    0.0,
    0.0,
    0.0,
    0.0,
    0.0,
    0.0,
    0.0,
    0.0,
    0.0,
    0.0
  ],
  "PTOSR_promedio": 0.06395169856915567,
  "PPDSR": 0.057645134914145545,
  "PPDINC": 0.0014582573824279985,
  "total_pacientes_llegados": 89247,
  "total_pacientes_atendidos": 89246,
  "total_consultas": 62340,
  "total_partos_naturales": 15481,
  "total_partos_cesarea": 11425,
  "total_derivaciones_sr": 1551,
  "total_derivaciones_inc": 4,
  "total_partos": 26906,
  "costo_medicos": 585504666.6666667,
  "costo_quirofano": 2556070000.0,
  "costo_sr_operacion": 2280991768.6900997,
  "costo_inc_operacion": 273700000.0,
  "CTM": 46818628.23580904,
  "costo_total_10_anios": 5696266435.356767,
  "CII": 10000000.0,
  "eventos_procesados": 295823,
  "tiempo_simulacion": 5256030.335943785,
  "G": 2,
  "SR": 15,
  "I": 10,
  "SC": 2
}