{
  "PEC_consultas": 21.093566313400938,
  "PEC_partos_nat": 19.526389729090223,
  "PEC_partos_ces": 37.33167038220822,
  "PEC_general": 22.905070515632616,
  "UT_med": 0.24087807890542795,
  "UT_Q": 0.3126911659558433,
  "PTOSR": [
    0.9582873552737531,
    0.0,
    0.0,
    0.0,
    0.0,
    0.0,
    0.0,
    0.0,
    0.0,
    0.0,
    0.0,
    0.0,
    0.0,
    0.0,
    0.0
  ],
  "PTOSR_promedio": 0.06388582368491687,
  "PPDSR": 0.05934980302639815,
  "PPDINC": 0.0025234318673395817,
  "total_pacientes_llegados": 90048,
  "total_pacientes_atendidos": 90047,
  "total_consultas": 62886,
  "total_partos_naturales": 15609,
  "total_partos_cesarea": 11552,
  "total_derivaciones_sr": 1612,
  "total_derivaciones_inc": 7,
  "total_partos": 27161,
  "costo_medicos": 586530666.6666667,
  "costo_quirofano": 2580295000.0,
  "costo_sr_operacion": 2298706646.0854006,
  "costo_inc_operacion": 276500000.0,
  "CTM": 47194786.13220877,
  "costo_total_10_anios": 5742032312.752068,
  "CII": 10000000.0,
  "eventos_procesados": 298452,
  "tiempo_simulacion": 5256117.389206194,
  "G": 2,
  "SR": 15,
  "I": 10,
  "SC": 2
}