{
  "PEC_consultas": 19.063880819546387,
  "PEC_partos_nat": 19.74673697028203,
  "PEC_partos_ces": 36.038725934817414,
  "PEC_general": 21.37614493621947,
  "UT_med": 0.23564065255850344,
  "UT_Q": 0.30572362905068057,
  "PTOSR": [
    0.9623695188174475,
    0.0,
    0.0,
    0.0,
    0.0,
    0.0,
    0.0,
    0.0,
    0.0,
    0.0,
    0.0,
    0.0,
    0.0,
    0.0,
    0.0
  ],
  "PTOSR_promedio": 0.06415796792116317,
  "PPDSR": 0.05306368395284902,
  "PPDINC": 0.00037023324694557573,
  "total_pacientes_llegados": 88180,
  "total_pacientes_atendidos": 88179,
  "total_consultas": 61626,
  "total_partos_naturales": 15151,
  "total_partos_cesarea": 11402,
  "total_derivaciones_sr": 1409,
  "total_derivaciones_inc": 1,
  "total_partos": 26553,
  "costo_medicos": 584250666.6666667,
  "costo_quirofano": 2522535000.0,
  "costo_sr_operacion": 2263974277.455764,
  "costo_inc_operacion": 269500000.0,
  "CTM": 46358300.91059532,
  "costo_total_10_anios": 5640259944.122431,
  "CII": 10000000.0,
  "eventos_procesados": 292367,
  "tiempo_simulacion": 5256160.6162449,
  "G": 2,
  "SR": 15,
  "I": 10,
  "SC": 2
}