{
  "PEC_consultas": 1.4648937653432048,
  "PEC_partos_nat": 19.665671624139094,
  "PEC_partos_ces": 35.67604827891087,
  "PEC_general": 9.001548993098563,
  "UT_med": 0.23730890498032034,
  "UT_Q": 0.30735074528826867,
  "PTOSR": [
    0.9609342735438576,
    0.0,
    0.0,
    0.0,
    0.0,
    0.0,
    0.0,
    0.0,
    0.0,
    0.0,
    0.0,
    0.0,
    0.0,
    0.0,
    0.0
  ],
  "PTOSR_promedio": 0.06406228490292384,
  "PPDSR": 0.057798921186694635,
  "PPDINC": 0.00035248501938667606,
  "total_pacientes_llegados": 89125,
  "total_pacientes_atendidos": 89125,
  "total_consultas": 62429,
  "total_partos_naturales": 15090,
  "total_partos_cesarea": 11606,
  "total_derivaciones_sr": 1543,
  "total_derivaciones_inc": 1,
  "total_partos": 26696,
  "costo_medicos": 584820666.6666667,
  "costo_quirofano": 2536120000.0,
  "costo_sr_operacion": 2265189486.046799,
  "costo_inc_operacion": 283500000.0,
  "CTM": 46599699.88531616,
  "costo_total_10_anios": 5669630152.713467,
  "CII": 10000000.0,
  "eventos_procesados": 295363,
  "tiempo_simulacion": 5256122.958099685,
  "G": 2,
  "SR": 15,
  "I": 10,
  "SC": 2
}