{
  "PEC_consultas": 18.17192646340519,
  "PEC_partos_nat": 18.726581232685895,
  "PEC_partos_ces": 33.796701488372456,
  "PEC_general": 20.279357664824342,
  "UT_med": 0.23643877824662934,
  "UT_Q": 0.3063099936478457,
  "PTOSR": [
    0.9615817122261953,
    0.0,
    0.0,
    0.0,
    0.0,
    0.0,
    0.0,
    0.0,
    0.0,
    0.0,
    0.0,
    0.0,
    0.0,
    0.0,
    0.0
  ],
  "PTOSR_promedio": 0.06410544748174635,
  "PPDSR": 0.052934320839129294,
  "PPDINC": 0.0018796992481203006,
  "total_pacientes_llegados": 88600,
  "total_pacientes_atendidos": 88600,
  "total_consultas": 62001,
  "total_partos_naturales": 15188,
  "total_partos_cesarea": 11411,
  "total_derivaciones_sr": 1408,
  "total_derivaciones_inc": 5,
  "total_partos": 26599,
  "costo_medicos": 584478666.6666667,
  "costo_quirofano": 2526905000.0,
  "costo_sr_operacion": 2265456880.161462,
  "costo_inc_operacion": 265100000.0,
  "CTM": 46372114.08351886,
  "costo_total_10_anios": 5641940546.828129,
  "CII": 10000000.0,
  "eventos_procesados": 293636,
  "tiempo_simulacion": 5256017.47379965,
  "G": 2,
  "SR": 15,
  "I": 10,
  "SC": 2
}