{
  "PEC_consultas": 1.38341743802411,
  "PEC_partos_nat": 18.699345314338977,
  "PEC_partos_ces": 34.72261275921731,
  "PEC_general": 8.662545918389238,
  "UT_med": 0.2395397200844446,
  "UT_Q": 0.3099271006306627,
  "PTOSR": [
    0.9631688028741181,
    0.0,
    0.0,
    0.0,
    0.0,
    0.0,
    0.0,
    0.0,
    0.0,
    0.0,
    0.0,
    0.0,
    0.0,
    0.0,
    0.0
  ],
  "PTOSR_promedio": 0.06421125352494121,
  "PPDSR": 0.052889070086357064,
  "PPDINC": 0.0014942099364960778,
  "total_pacientes_llegados": 89912,
  "total_pacientes_atendidos": 89912,
  "total_consultas": 62931,
  "total_partos_naturales": 15293,
  "total_partos_cesarea": 11688,
  "total_derivaciones_sr": 1427,
  "total_derivaciones_inc": 4,
  "total_partos": 26981,
  "costo_medicos": 585846666.6666667,
  "costo_quirofano": 2563195000.0,
  "costo_sr_operacion": 2298537244.8994274,
  "costo_inc_operacion": 266800000.0,
  "CTM": 46967497.90328296,
  "costo_total_10_anios": 5714378911.566094,
  "CII": 10000000.0,
  "eventos_procesados": 297955,
  "tiempo_simulacion": 5256100.018049132,
  "G": 2,
  "SR": 15,
  "I": 10,
  "SC": 2
}