{
  "PEC_consultas": 1.3886224227055273,
  "PEC_partos_nat": 19.019492764974864,
  "PEC_partos_ces": 35.52518317731661,
  "PEC_general": 8.917987990727312,
  "UT_med": 0.23885128744744558,
  "UT_Q": 0.3110868897183963,
  "PTOSR": [
    0.958968351377881,
    0.0,
    0.0,
    0.0,
    0.0,
    0.0,
    0.0,
    0.0,
    0.0,
    0.0,
    0.0,
    0.0,
    0.0,
    0.0,
    0.0
  ],
  "PTOSR_promedio": 0.06393122342519206,
  "PPDSR": 0.056410446104904935,
  "PPDINC": 0.0014524328249818446,
  "total_pacientes_llegados": 88968,
  "total_pacientes_atendidos": 88967,
  "total_consultas": 61933,
  "total_partos_naturales": 15327,
  "total_partos_cesarea": 11707,
  "total_derivaciones_sr": 1525,
  "total_derivaciones_inc": 4,
  "total_partos": 27034,
  "costo_medicos": 586074666.6666667,
  "costo_quirofano": 2568230000.0,
  "costo_sr_operacion": 2294665925.814671,
  "costo_inc_operacion": 274600000.0,
  "CTM": 47043045.96560004,
  "costo_total_10_anios": 5723570592.4813385,
  "CII": 10000000.0,
  "eventos_procesados": 295145,
  "tiempo_simulacion": 5256068.806791554,
  "G": 2,
  "SR": 15,
  "I": 10,
  "SC": 2
}