{
  "PEC_consultas": 1.3997051269219354,
  "PEC_partos_nat": 19.44224338644756,
  "PEC_partos_ces": 34.89910449898732,
  "PEC_general": 8.800578032723838,
  "UT_med": 0.24152736195834815,
  "UT_Q": 0.3127971508647799,
  "PTOSR": [
    0.9595767899431141,
    0.0,
    0.0,
    0.0,
    0.0,
    0.0,
    0.0,
    0.0,
    0.0,
    0.0,
    0.0,
    0.0,
    0.0,
    0.0,
    0.0
  ],
  "PTOSR_promedio": 0.0639717859962076,
  "PPDSR": 0.05711024375874512,
  "PPDINC": 0.0,
  "total_pacientes_llegados": 90623,
  "total_pacientes_atendidos": 90621,
  "total_consultas": 63463,
  "total_partos_naturales": 15469,
  "total_partos_cesarea": 11689,
  "total_derivaciones_sr": 1551,
  "total_derivaciones_inc": 0,
  "total_partos": 27158,
  "costo_medicos": 586530666.6666667,
  "costo_quirofano": 2580010000.0,
  "costo_sr_operacion": 2301996772.726027,
  "costo_inc_operacion": 271600000.0,
  "CTM": 47179211.830624886,
  "costo_total_10_anios": 5740137439.392694,
  "CII": 10000000.0,
  "eventos_procesados": 300181,
  "tiempo_simulacion": 5256002.257086921,
  "G": 2,
  "SR": 15,
  "I": 10,
  "SC": 2
}