{
  "PEC_consultas": 19.84889233667652,
  "PEC_partos_nat": 19.808673393996774,
  "PEC_partos_ces": 36.6219546010478,
  "PEC_general": 22.043686841133223,
  "UT_med": 0.2415856627367265,
  "UT_Q": 0.31370659173100013,
  "PTOSR": [
    0.959011913302535,
    0.0,
    0.0,
    0.0,
    0.0,
    0.0,
    0.0,
    0.0,
    0.0,
    0.0,
    0.0,
    0.0,
    0.0,
    0.0,
    0.0
  ],
  "PTOSR_promedio": 0.06393412755350233,
  "PPDSR": 0.05714180857310628,
  "PPDINC": 0.0014646649578908824,
  "total_pacientes_llegados": 90186,
  "total_pacientes_atendidos": 90186,
  "total_consultas": 62938,
  "total_partos_naturales": 15410,
  "total_partos_cesarea": 11838,
  "total_derivaciones_sr": 1557,
  "total_derivaciones_inc": 4,
  "total_partos": 27248,
  "costo_medicos": 586758666.6666667,
  "costo_quirofano": 2588560000.0,
  "costo_sr_operacion": 2310396257.6362886,
  "costo_inc_operacion": 272300000.0,
  "CTM": 47326150.06276402,
  "costo_total_10_anios": 5758014924.302956,
  "CII": 10000000.0,
  "eventos_procesados": 298963,
  "tiempo_simulacion": 5256005.581305249,
  "G": 2,
  "SR": 15,
  "I": 10,
  "SC": 2
}