{
  "PEC_consultas": 19.2985629395829,
  "PEC_partos_nat": 19.250044332600798,
  "PEC_partos_ces": 36.65202780947813,
  "PEC_general": 21.51446385653812,
  "UT_med": 0.23638914555646473,
  "UT_Q": 0.305831626897067,
  "PTOSR": [
    0.963627690961379,
    0.0,
    0.0,
    0.0,
    0.0,
    0.0,
    0.0,
    0.0,
    0.0,
    0.0,
    0.0,
    0.0,
    0.0,
    0.0,
    0.0
  ],
  "PTOSR_promedio": 0.06424184606409193,
  "PPDSR": 0.05292678336156597,
  "PPDINC": 0.00038714672861014324,
  "total_pacientes_llegados": 88742,
  "total_pacientes_atendidos": 88741,
  "total_consultas": 62176,
  "total_partos_naturales": 15191,
  "total_partos_cesarea": 11374,
  "total_derivaciones_sr": 1406,
  "total_derivaciones_inc": 1,
  "total_partos": 26565,
  "costo_medicos": 584250666.6666667,
  "costo_quirofano": 2523675000.0,
  "costo_sr_operacion": 2263002945.054883,
  "costo_inc_operacion": 258000000.0,
  "CTM": 46265166.67168397,
  "costo_total_10_anios": 5628928611.72155,
  "CII": 10000000.0,
  "eventos_procesados": 293958,
  "tiempo_simulacion": 5256051.191644243,
  "G": 2,
  "SR": 15,
  "I": 10,
  "SC": 2
}