{
  "PEC_consultas": 19.1049460681846,
  "PEC_partos_nat": 19.164803526963667,
  "PEC_partos_ces": 36.46356729377421,
  "PEC_general": 21.350756411902843,
  "UT_med": 0.2359582630554589,
  "UT_Q": 0.30588981237499774,
  "PTOSR": [
    0.9619870157987855,
    0.0,
    0.0,
    0.0,
    0.0,
    0.0,
    0.0,
    0.0,
    0.0,
    0.0,
    0.0,
    0.0,
    0.0,
    0.0,
    0.0
  ],
  "PTOSR_promedio": 0.06413246771991904,
  "PPDSR": 0.055448826609409724,
  "PPDINC": 0.0,
  "total_pacientes_llegados": 88420,
  "total_pacientes_atendidos": 88418,
  "total_consultas": 61871,
  "total_partos_naturales": 15160,
  "total_partos_cesarea": 11387,
  "total_derivaciones_sr": 1472,
  "total_derivaciones_inc": 0,
  "total_partos": 26547,
  "costo_medicos": 584250666.6666667,
  "costo_quirofano": 2521965000.0,
  "costo_sr_operacion": 2254070293.575373,
  "costo_inc_operacion": 269700000.0,
  "CTM": 46273857.20746882,
  "costo_total_10_anios": 5629985960.242041,
  "CII": 10000000.0,
  "eventos_procesados": 293017,
  "tiempo_simulacion": 5256016.464809294,
  "G": 2,
  "SR": 15,
  "I": 10,
  "SC": 2
}