{
  "PEC_consultas": 1.441148335209779,
  "PEC_partos_nat": 19.272707728222525,
  "PEC_partos_ces": 35.61956607070415,
  "PEC_general": 8.970517141358217,
  "UT_med": 0.2400805959624979,
  "UT_Q": 0.3116447033289328,
  "PTOSR": [
    0.9596742592508103,
    0.0,
    0.0,
    0.0,
    0.0,
    0.0,
    0.0,
    0.0,
    0.0,
    0.0,
    0.0,
    0.0,
    0.0,
    0.0,
    0.0
  ],
  "PTOSR_promedio": 0.06397828395005402,
  "PPDSR": 0.05708799527343894,
  "PPDINC": 0.0007404664938911515,
  "total_pacientes_llegados": 89693,
  "total_pacientes_atendidos": 89693,
  "total_consultas": 62612,
  "total_partos_naturales": 15309,
  "total_partos_cesarea": 11772,
  "total_derivaciones_sr": 1546,
  "total_derivaciones_inc": 2,
  "total_partos": 27081,
  "costo_medicos": 586188666.6666667,
  "costo_quirofano": 2572695000.0,
  "costo_sr_operacion": 2296456570.35351,
  "costo_inc_operacion": 269100000.0,
  "CTM": 47050193.72893296,
  "costo_total_10_anios": 5724440237.020177,
  "CII": 10000000.0,
  "eventos_procesados": 297295,
  "tiempo_simulacion": 5256020.592706872,
  "G": 2,
  "SR": 15,
  "I": 10,
  "SC": 2
}