{
  "PEC_consultas": 1.36782248195827,
  "PEC_partos_nat": 19.5124618968514,
  "PEC_partos_ces": 35.22954049461211,
  "PEC_general": 8.889195457439477,
  "UT_med": 0.23672012244295318,
  "UT_Q": 0.30695833722851235,
  "PTOSR": [
    0.9615174009615282,
    0.0,
    0.0,
    0.0,
    0.0,
    0.0,
    0.0,
    0.0,
    0.0,
    0.0,
    0.0,
    0.0,
    0.0,
    0.0,
    0.0
  ],
  "PTOSR_promedio": 0.06410116006410188,
  "PPDSR": 0.05611996251171509,
  "PPDINC": 0.002263296869105998,
  "total_pacientes_llegados": 88683,
  "total_pacientes_atendidos": 88683,
  "total_consultas": 62008,
  "total_partos_naturales": 15031,
  "total_partos_cesarea": 11644,
  "total_derivaciones_sr": 1497,
  "total_derivaciones_inc": 6,
  "total_partos": 26675,
  "costo_medicos": 584706666.6666667,
  "costo_quirofano": 2534125000.0,
  "costo_sr_operacion": 2265991904.5998583,
  "costo_inc_operacion": 264000000.0,
  "CTM": 46428686.887122124,
  "costo_total_10_anios": 5648823571.266525,
  "CII": 10000000.0,
  "eventos_procesados": 293860,
  "tiempo_simulacion": 5256006.301541222,
  "G": 2,
  "SR": 15,
  "I": 10,
  "SC": 2
}