{
  "PEC_consultas": 19.80079344453622,
  "PEC_partos_nat": 19.648196345918578,
  "PEC_partos_ces": 35.46717137811369,
  "PEC_general": 21.789335181922247,
  "UT_med": 0.2424161012390275,
  "UT_Q": 0.31402599100647155,
  "PTOSR": [
    0.9572882106776287,
    0.0,
    0.0,
    0.0,
    0.0,
    0.0,
    0.0,
    0.0,
    0.0,
    0.0,
    0.0,
    0.0,
    0.0,
    0.0,
    0.0
  ],
  "PTOSR_promedio": 0.06381921404517525,
  "PPDSR": 0.05925056830681235,
  "PPDINC": 0.0021629416005767843,
  "total_pacientes_llegados": 90854,
  "total_pacientes_atendidos": 90854,
  "total_consultas": 63580,
  "total_partos_naturales": 15590,
  "total_partos_cesarea": 11684,
  "total_derivaciones_sr": 1616,
  "total_derivaciones_inc": 6,
  "total_partos": 27274,
  "costo_medicos": 586872666.6666667,
  "costo_quirofano": 2591030000.0,
  "costo_sr_operacion": 2307960425.226438,
  "costo_inc_operacion": 276600000.0,
  "CTM": 47362710.34432688,
  "costo_total_10_anios": 5762463091.893105,
  "CII": 10000000.0,
  "eventos_procesados": 300979,
  "tiempo_simulacion": 5256115.079816306,
  "G": 2,
  "SR": 15,
  "I": 10,
  "SC": 2
}