{
  "PEC_consultas": 18.136543313191797,
  "PEC_partos_nat": 19.306504305391545,
  "PEC_partos_ces": 34.780352258358114,
  "PEC_general": 20.484695623068998,
  "UT_med": 0.23778190967316423,
  "UT_Q": 0.3077195223149906,
  "PTOSR": [
    0.9631934193974458,
    0.0,
    0.0,
    0.0,
    0.0,
    0.0,
    0.0,
    0.0,
    0.0,
    0.0,
    0.0,
    0.0,
    0.0,
    0.0,
    0.0
  ],
  "PTOSR_promedio": 0.06421289462649639,
  "PPDSR": 0.05397621006957432,
  "PPDINC": 0.0017397355601948504,
  "total_pacientes_llegados": 89374,
  "total_pacientes_atendidos": 89373,
  "total_consultas": 62639,
  "total_partos_naturales": 15193,
  "total_partos_cesarea": 11541,
  "total_derivaciones_sr": 1443,
  "total_derivaciones_inc": 5,
  "total_partos": 26734,
  "costo_medicos": 584934666.6666667,
  "costo_quirofano": 2539730000.0,
  "costo_sr_operacion": 2273157188.22602,
  "costo_inc_operacion": 286300000.0,
  "CTM": 46718809.76624126,
  "costo_total_10_anios": 5684121854.892687,
  "CII": 10000000.0,
  "eventos_procesados": 296265,
  "tiempo_simulacion": 5256002.081992694,
  "G": 2,
  "SR": 15,
  "I": 10,
  "SC": 2
}