{
  "PEC_consultas": 19.204069990140407,
  "PEC_partos_nat": 19.225456239147736,
  "PEC_partos_ces": 34.67091918031,
  "PEC_general": 21.149630339492845,
  "UT_med": 0.23707091792161222,
  "UT_Q": 0.3047859058974235,
  "PTOSR": [
    0.9630197351151166,
    0.0,
    0.0,
    0.0,
    0.0,
    0.0,
    0.0,
    0.0,
    0.0,
    0.0,
    0.0,
    0.0,
    0.0,
    0.0,
    0.0
  ],
  "PTOSR_promedio": 0.0642013156743411,
  "PPDSR": 0.05480693013248783,
  "PPDINC": 0.0019047619047619048,
  "total_pacientes_llegados": 89604,
  "total_pacientes_atendidos": 89603,
  "total_consultas": 63110,
  "total_partos_naturales": 15243,
  "total_partos_cesarea": 11250,
  "total_derivaciones_sr": 1452,
  "total_derivaciones_inc": 5,
  "total_partos": 26493,
  "costo_medicos": 584022666.6666667,
  "costo_quirofano": 2516835000.0,
  "costo_sr_operacion": 2252080139.970168,
  "costo_inc_operacion": 261800000.0,
  "CTM": 46148529.91756303,
  "costo_total_10_anios": 5614737806.636835,
  "CII": 10000000.0,
  "eventos_procesados": 296457,
  "tiempo_simulacion": 5256040.4975575525,
  "G": 2,
  "SR": 15,
  "I": 10,
  "SC": 2
}