{
  "PEC_consultas": 1.3938910344842874,
  "PEC_partos_nat": 18.6926703552069,
  "PEC_partos_ces": 34.17047935978588,
  "PEC_general": 8.549366978285468,
  "UT_med": 0.23597743340662966,
  "UT_Q": 0.3053062296122288,
  "PTOSR": [
    0.9647960873182415,
    0.0,
    0.0,
    0.0,
    0.0,
    0.0,
    0.0,
    0.0,
    0.0,
    0.0,
    0.0,
    0.0,
    0.0,
    0.0,
    0.0
  ],
  "PTOSR_promedio": 0.06431973915454943,
  "PPDSR": 0.050917188797463576,
  "PPDINC": 0.0007429420505200594,
  "total_pacientes_llegados": 88593,
  "total_pacientes_atendidos": 88593,
  "total_consultas": 62099,
  "total_partos_naturales": 15148,
  "total_partos_cesarea": 11346,
  "total_derivaciones_sr": 1349,
  "total_derivaciones_inc": 2,
  "total_partos": 26494,
  "costo_medicos": 584022666.6666667,
  "costo_quirofano": 2516930000.0,
  "costo_sr_operacion": 2262900728.7341976,
  "costo_inc_operacion": 268500000.0,
  "CTM": 46293315.57863724,
  "costo_total_10_anios": 5632353395.400865,
  "CII": 10000000.0,
  "eventos_procesados": 293602,
  "tiempo_simulacion": 5256075.035022841,
  "G": 2,
  "SR": 15,
  "I": 10,
  "SC": 2
}