{
  "PEC_consultas": 1.4132873230434682,
  "PEC_partos_nat": 19.787698595853648,
  "PEC_partos_ces": 34.845802963306326,
  "PEC_general": 8.841169994038426,
  "UT_med": 0.23479705551009614,
  "UT_Q": 0.30340566591271506,
  "PTOSR": [
    0.9657707322043254,
    0.0,
    0.0,
    0.0,
    0.0,
    0.0,
    0.0,
    0.0,
    0.0,
    0.0,
    0.0,
    0.0,
    0.0,
    0.0,
    0.0
  ],
  "PTOSR_promedio": 0.06438471548028836,
  "PPDSR": 0.050948406676783006,
  "PPDINC": 0.0,
  "total_pacientes_llegados": 88134,
  "total_pacientes_atendidos": 88133,
  "total_consultas": 61773,
  "total_partos_naturales": 15051,
  "total_partos_cesarea": 11309,
  "total_derivaciones_sr": 1343,
  "total_derivaciones_inc": 0,
  "total_partos": 26360,
  "costo_medicos": 583566666.6666667,
  "costo_quirofano": 2504200000.0,
  "costo_sr_operacion": 2252404944.9778795,
  "costo_inc_operacion": 267600000.0,
  "CTM": 46091273.52036613,
  "costo_total_10_anios": 5607771611.6445465,
  "CII": 10000000.0,
  "eventos_procesados": 292088,
  "tiempo_simulacion": 5256324.129515946,
  "G": 2,
  "SR": 15,
  "I": 10,
  "SC": 2
}