{
  "PEC_consultas": 19.81986979435609,
  "PEC_partos_nat": 19.198991618971665,
  "PEC_partos_ces": 36.35326952563921,
  "PEC_general": 21.856815936793584,
  "UT_med": 0.23858025285551343,
  "UT_Q": 0.3089993684911476,
  "PTOSR": [
    0.9624897628388942,
    0.0,
    0.0,
    0.0,
    0.0,
    0.0,
    0.0,
    0.0,
    0.0,
    0.0,
    0.0,
    0.0,
    0.0,
    0.0,
    0.0
  ],
  "PTOSR_promedio": 0.06416598418925962,
  "PPDSR": 0.054610430703942225,
  "PPDINC": 0.0,
  "total_pacientes_llegados": 89461,
  "total_pacientes_atendidos": 89460,
  "total_consultas": 62597,
  "total_partos_naturales": 15268,
  "total_partos_cesarea": 11595,
  "total_derivaciones_sr": 1467,
  "total_derivaciones_inc": 0,
  "total_partos": 26863,
  "costo_medicos": 585390666.6666667,
  "costo_quirofano": 2551985000.0,
  "costo_sr_operacion": 2283966602.5597515,
  "costo_inc_operacion": 265900000.0,
  "CTM": 46744457.007340424,
  "costo_total_10_anios": 5687242269.2264185,
  "CII": 10000000.0,
  "eventos_procesados": 296423,
  "tiempo_simulacion": 5256062.171373232,
  "G": 2,
  "SR": 15,
  "I": 10,
  "SC": 2
}