{
  "PEC_consultas": 19.377778086250945,
  "PEC_partos_nat": 19.35861537353404,
  "PEC_partos_ces": 35.23480828749988,
  "PEC_general": 21.460045189078865,
  "UT_med": 0.23954964369912743,
  "UT_Q": 0.3099622142098896,
  "PTOSR": [
    0.9642583086271259,
    0.0,
    0.0,
    0.0,
    0.0,
    0.0,
    0.0,
    0.0,
    0.0,
    0.0,
    0.0,
    0.0,
    0.0,
    0.0,
    0.0
  ],
  "PTOSR_promedio": 0.06428388724180839,
  "PPDSR": 0.050979080741649016,
  "PPDINC": 0.0022371364653243847,
  "total_pacientes_llegados": 89744,
  "total_pacientes_atendidos": 89744,
  "total_consultas": 62831,
  "total_partos_naturales": 15110,
  "total_partos_cesarea": 11803,
  "total_derivaciones_sr": 1372,
  "total_derivaciones_inc": 6,
  "total_partos": 26913,
  "costo_medicos": 585618666.6666667,
  "costo_quirofano": 2556735000.0,
  "costo_sr_operacion": 2298505946.69976,
  "costo_inc_operacion": 267100000.0,
  "CTM": 46914736.5482172,
  "costo_total_10_anios": 5707959613.366426,
  "CII": 10000000.0,
  "eventos_procesados": 297432,
  "tiempo_simulacion": 5256011.46902251,
  "G": 2,
  "SR": 15,
  "I": 10,
  "SC": 2
}