{
  "PEC_consultas": 17.646696196838214,
  "PEC_partos_nat": 18.992824640818977,
  "PEC_partos_ces": 32.1763664081752,
  "PEC_general": 19.73519835577029,
  "UT_med": 0.2368871860499649,
  "UT_Q": 0.30522683477264373,
  "PTOSR": [
    0.9666383819016128,
    0.0,
    0.0,
    0.0,
    0.0,
    0.0,
    0.0,
    0.0,
    0.0,
    0.0,
    0.0,
    0.0,
    0.0,
    0.0,
    0.0
  ],
  "PTOSR_promedio": 0.06444255879344085,
  "PPDSR": 0.05086151641971119,
  "PPDINC": 0.0015503875968992248,
  "total_pacientes_llegados": 89259,
  "total_pacientes_atendidos": 89259,
  "total_consultas": 62736,
  "total_partos_naturales": 15091,
  "total_partos_cesarea": 11432,
  "total_derivaciones_sr": 1349,
  "total_derivaciones_inc": 4,
  "total_partos": 26523,
  "costo_medicos": 584136666.6666667,
  "costo_quirofano": 2519685000.0,
  "costo_sr_operacion": 2262588272.9593782,
  "costo_inc_operacion": 257400000.0,
  "CTM": 46223095.39418667,
  "costo_total_10_anios": 5623809939.626045,
  "CII": 10000000.0,
  "eventos_procesados": 295514,
  "tiempo_simulacion": 5256011.164066744,
  "G": 2,
  "SR": 15,
  "I": 10,
  "SC": 2
}