{
  "PEC_consultas": 1.3811006230803076,
  "PEC_partos_nat": 19.008558576383273,
  "PEC_partos_ces": 35.095167241949284,
  "PEC_general": 8.740642858796553,
  "UT_med": 0.23742187816224958,
  "UT_Q": 0.3074995510238628,
  "PTOSR": [
    0.9641835357941905,
    0.0,
    0.0,
    0.0,
    0.0,
    0.0,
    0.0,
    0.0,
    0.0,
    0.0,
    0.0,
    0.0,
    0.0,
    0.0,
    0.0
  ],
  "PTOSR_promedio": 0.06427890238627937,
  "PPDSR": 0.05216218241774713,
  "PPDINC": 0.0029662588060808304,
  "total_pacientes_llegados": 89082,
  "total_pacientes_atendidos": 89081,
  "total_consultas": 62395,
  "total_partos_naturales": 15174,
  "total_partos_cesarea": 11512,
  "total_derivaciones_sr": 1392,
  "total_derivaciones_inc": 8,
  "total_partos": 26686,
  "costo_medicos": 584706666.6666667,
  "costo_quirofano": 2535170000.0,
  "costo_sr_operacion": 2276896683.9647775,
  "costo_inc_operacion": 268400000.0,
  "CTM": 46563068.635326944,
  "costo_total_10_anios": 5665173350.631445,
  "CII": 10000000.0,
  "eventos_procesados": 295210,
  "tiempo_simulacion": 5256016.141969751,
  "G": 2,
  "SR": 15,
  "I": 10,
  "SC": 2
}