{
  "PEC_consultas": 1.3845239547149861,
  "PEC_partos_nat": 19.15533970815158,
  "PEC_partos_ces": 35.173614073274145,
  "PEC_general": 8.787151680816601,
  "UT_med": 0.2348753883743644,
  "UT_Q": 0.3043138409430466,
  "PTOSR": [
    0.9607380286410072,
    0.0,
    0.0,
    0.0,
    0.0,
    0.0,
    0.0,
    0.0,
    0.0,
    0.0,
    0.0,
    0.0,
    0.0,
    0.0,
    0.0
  ],
  "PTOSR_promedio": 0.06404920190940049,
  "PPDSR": 0.05737518910741301,
  "PPDINC": 0.0011677695601401323,
  "total_pacientes_llegados": 88127,
  "total_pacientes_atendidos": 88125,
  "total_consultas": 61685,
  "total_partos_naturales": 15047,
  "total_partos_cesarea": 11393,
  "total_derivaciones_sr": 1517,
  "total_derivaciones_inc": 3,
  "total_partos": 26440,
  "costo_medicos": 583794666.6666667,
  "costo_quirofano": 2511800000.0,
  "costo_sr_operacion": 2240962510.727116,
  "costo_inc_operacion": 256400000.0,
  "CTM": 45969511.047072195,
  "costo_total_10_anios": 5592957177.393784,
  "CII": 10000000.0,
  "eventos_procesados": 291853,
  "tiempo_simulacion": 5256013.625015527,
  "G": 2,
  "SR": 15,
  "I": 10,
  "SC": 2
}