{
  "PEC_consultas": 1.4252590607798536,
  "PEC_partos_nat": 20.070773904623486,
  "PEC_partos_ces": 35.44293515957588,
  "PEC_general": 8.944946215078975,
  "UT_med": 0.2369815706595429,
  "UT_Q": 0.3064767505808243,
  "PTOSR": [
    0.9601318826363322,
    0.0,
    0.0,
    0.0,
    0.0,
    0.0,
    0.0,
    0.0,
    0.0,
    0.0,
    0.0,
    0.0,
    0.0,
    0.0,
    0.0
  ],
  "PTOSR_promedio": 0.06400879217575547,
  "PPDSR": 0.05459597476719736,
  "PPDINC": 0.0022404779686333084,
  "total_pacientes_llegados": 89057,
  "total_pacientes_atendidos": 89056,
  "total_consultas": 62424,
  "total_partos_naturales": 15371,
  "total_partos_cesarea": 11261,
  "total_derivaciones_sr": 1454,
  "total_derivaciones_inc": 6,
  "total_partos": 26632,
  "costo_medicos": 584592666.6666667,
  "costo_quirofano": 2530040000.0,
  "costo_sr_operacion": 2268728308.224197,
  "costo_inc_operacion": 267000000.0,
  "CTM": 46441323.08129477,
  "costo_total_10_anios": 5650360974.890863,
  "CII": 10000000.0,
  "eventos_procesados": 295012,
  "tiempo_simulacion": 5256915.524611446,
  "G": 2,
  "SR": 15,
  "I": 10,
  "SC": 2
}