{
  "nombre": "PEOR",
  "configuracion": {
    "G": 2,
    "SC": 2,
    "SR": 15,
    "I": 10,
    "descripcion": "Configuración subóptima con recursos insuficientes"
  },
  "num_replicas": 30,
  "indicadores": {
    "PEC_consultas": {
      "media": 1.4037002043537161,
      "std": 0.029151454651421105,
      "ic_95": [
        1.3932684902798902,
        1.414131918427542
      ],
      "min": 1.3613452115053386,
      "max": 1.4648937653432048
    },
    "PEC_partos_nat": {
      "media": 19.342627414687016,
      "std": 0.32921776564491356,
      "ic_95": [
        19.224818350257905,
        19.460436479116126
      ],
      "min": 18.6926703552069,
      "max": 20.070773904623486
    },
    "PEC_partos_ces": {
      "media": 35.44856158683707,
      "std": 0.7558324032859233,
      "ic_95": [
        35.17809043494802,
        35.71903273872613
      ],
      "min": 33.97672083679468,
      "max": 36.73503334480013
    },
    "PEC_general": {
      "media": 8.862907358914383,
      "std": 0.134793938845736,
      "ic_95": [
        8.814671967379471,
        8.911142750449294
      ],
      "min": 8.549366978285468,
      "max": 9.139206095064171
    },
    "UT_med": {
      "media": 0.237853982107338,
      "std": 0.002110116472991745,
      "ic_95": [
        0.23709888662507372,
        0.23860907758960226
      ],
      "min": 0.23479705551009614,
      "max": 0.24254441147458392
    },
    "UT_Q": {
      "media": 0.30792320053437694,
      "std": 0.003048225723382181,
      "ic_95": [
        0.30683240696818853,
        0.30901399410056535
      ],
      "min": 0.30340566591271506,
      "max": 0.31416720329064723
    },
    "PTOSR_promedio": {
      "media": 0.06413791053725638,
      "std": 0.00013262370362452627,
      "ic_95": [
        0.06409045175442149,
        0.06418536932009128
      ],
      "min": 0.06391438444653928,
      "max": 0.06438471548028836
    },
    "PPDSR": {
      "media": 0.05453814631082299,
      "std": 0.0023814709100250814,
      "ic_95": [
        0.0536859478903471,
        0.05539034473129888
      ],
      "min": 0.050917188797463576,
      "max": 0.058944380112808635
    },
    "PPDINC": {
      "media": 0.0013505892559359726,
      "std": 0.0011006130955755918,
      "ic_95": [
        0.0009567399178415099,
        0.0017444385940304354
      ],
      "min": 0.0,
      "max": 0.004489337822671156
    },
    "CTM": {
      "media": 46593339.060794845,
      "std": 407933.8540696848,
      "ic_95": [
        46447361.80588344,
        46739316.31570625
      ],
      "min": 45969511.047072195,
      "max": 47465967.29076213
    },
    "CII": {
      "media": 10000000.0,
      "std": 0.0,
      "ic_95": [
        10000000.0,
        10000000.0
      ],
      "min": 10000000.0,
      "max": 10000000.0
    },
    "total_pacientes_llegados": {
      "media": 89210.93333333333,
      "std": 741.2886697866243,
      "ic_95": [
        88945.66658963745,
        89476.20007702922
      ],
      "min": 88127.0,
      "max": 90846.0
    },
    "total_pacientes_atendidos": {
      "media": 89210.16666666667,
      "std": 741.2018238497265,
      "ic_95": [
        88944.93100039018,
        89475.40233294317
      ],
      "min": 88125.0,
      "max": 90845.0
    },
    "total_derivaciones_sr": {
      "media": 1459.2666666666667,
      "std": 71.47072385121123,
      "ic_95": [
        1433.6911965990398,
        1484.8421367342935
      ],
      "min": 1343.0,
      "max": 1578.0
    },
    "total_derivaciones_inc": {
      "media": 3.6,
      "std": 2.9313995715828067,
      "ic_95": [
        2.5510121353276363,
        4.648987864672364
      ],
      "min": 0.0,
      "max": 12.0
    }
  }
}