{
  "nombre": "PEOR",
  "configuracion": {
    "G": 2,
    "SC": 2,
    "SR": 15,
    "I": 10,
    "descripcion": "Configuración subóptima con recursos insuficientes"
  },
  "num_replicas": 30,
  "indicadores": {
    "PEC_consultas": {
      "media": 19.23384879572247,
      "std": 0.724373563524548,
      "ic_95": [
        18.97463504506464,
        19.493062546380298
      ],
      "min": 17.646696196838214,
      "max": 21.093566313400938
    },
    "PEC_partos_nat": {
      "media": 19.404011444990378,
      "std": 0.38689828009432614,
      "ic_95": [
        19.265561673551534,
        19.54246121642922
      ],
      "min": 18.726581232685895,
      "max": 20.534457222827108
    },
    "PEC_partos_ces": {
      "media": 35.442144328193756,
      "std": 0.9703650148043894,
      "ic_95": [
        35.09490366721392,
        35.78938498917359
      ],
      "min": 32.1763664081752,
      "max": 37.33167038220822
    },
    "PEC_general": {
      "media": 21.355342321936817,
      "std": 0.6430296707541577,
      "ic_95": [
        21.125237109469598,
        21.585447534404036
      ],
      "min": 19.73519835577029,
      "max": 22.905070515632616
    },
    "UT_med": {
      "media": 0.23833445536941214,
      "std": 0.002060877968331766,
      "ic_95": [
        0.23759697965975193,
        0.23907193107907235
      ],
      "min": 0.23460079553050994,
      "max": 0.2424161012390275
    },
    "UT_Q": {
      "media": 0.30864671247278747,
      "std": 0.0030502322384705198,
      "ic_95": [
        0.30755520088439614,
        0.3097382240611788
      ],
      "min": 0.3021972245646086,
      "max": 0.31402599100647155
    },
    "PTOSR_promedio": {
      "media": 0.06411755348539752,
      "std": 0.00013794923775114102,
      "ic_95": [
        0.06406818898465032,
        0.06416691798614473
      ],
      "min": 0.06381921404517525,
      "max": 0.06444255879344085
    },
    "PPDSR": {
      "media": 0.0550279439792428,
      "std": 0.0025069001672056866,
      "ic_95": [
        0.05413086127552801,
        0.05592502668295759
      ],
      "min": 0.0507384287454324,
      "max": 0.05934980302639815
    },
    "PPDINC": {
      "media": 0.0012618023140562973,
      "std": 0.0008203871325669303,
      "ic_95": [
        0.00096823054897229,
        0.0015553740791403045
      ],
      "min": 0.0,
      "max": 0.002897500905469033
    },
    "CTM": {
      "media": 46678128.67462324,
      "std": 390456.1044343555,
      "ic_95": [
        46538405.75209524,
        46817851.59715125
      ],
      "min": 45943455.860576004,
      "max": 47378556.96201536
    },
    "CII": {
      "media": 10000000.0,
      "std": 0.0,
      "ic_95": [
        10000000.0,
        10000000.0
      ],
      "min": 10000000.0,
      "max": 10000000.0
    },
    "total_pacientes_llegados": {
      "media": 89360.26666666666,
      "std": 694.7663429271512,
      "ic_95": [
        89111.64772383183,
        89608.88560950149
      ],
      "min": 88180.0,
      "max": 90854.0
    },
    "total_pacientes_atendidos": {
      "media": 89359.33333333333,
      "std": 694.8379783028228,
      "ic_95": [
        89110.68875610853,
        89607.97791055813
      ],
      "min": 88179.0,
      "max": 90854.0
    },
    "total_derivaciones_sr": {
      "media": 1475.9333333333334,
      "std": 78.5453672258503,
      "ic_95": [
        1447.8262346474783,
        1504.0404320191885
      ],
      "min": 1333.0,
      "max": 1616.0
    },
    "total_derivaciones_inc": {
      "media": 3.4,
      "std": 2.237609561948674,
      "ic_95": [
        2.5992817017805523,
        4.2007182982194475
      ],
      "min": 0.0,
      "max": 8.0
    }
  }
}