{
  "PEC_consultas": 0.0832592034156135,
  "PEC_partos_nat": 19.817715759046067,
  "PEC_partos_ces": 34.75765333017947,
  "PEC_general": 7.898459240132795,
  "UT_med": 0.15851222254269606,
  "UT_Q": 0.3075264993381412,
  "PTOSR": [
    1.0078994535060777,
    0.0,
    0.0,
    0.0,
    0.0,
    0.0,
    0.0,
    0.0,
    0.0,
    0.0,
    0.0,
    0.0,
    0.0,
    0.0,
    0.0,
    0.0,
    0.0,
    0.0,
    0.0,
    0.0,
    0.0,
    0.0,
    0.0,
    0.0
  ],
  "PTOSR_promedio": 0.041995810562753234,
  "PPDSR": 0.0005619871866921434,
  "PPDINC": 0.0,
  "total_pacientes_llegados": 89392,
  "total_pacientes_atendidos": 89392,
  "total_consultas": 62701,
  "total_partos_naturales": 15186,
  "total_partos_cesarea": 11505,
  "total_derivaciones_sr": 15,
  "total_derivaciones_inc": 0,
  "total_partos": 26691,
  "costo_medicos": 877231000.0,
  "costo_quirofano": 2535645000.0,
  "costo_sr_operacion": 2399050078.650706,
  "costo_inc_operacion": 271000000.0,
  "CTM": 49996652.70123867,
  "costo_total_10_anios": 6082926078.650705,
  "CII": 20000000.0,
  "eventos_procesados": 297554,
  "tiempo_simulacion": 5256194.35026196,
  "G": 3,
  "SR": 24,
  "I": 15,
  "SC": 3
}