{
  "PEC_consultas": 14.596197195137458,
  "PEC_partos_nat": 18.869826922845775,
  "PEC_partos_ces": 35.92654516952177,
  "PEC_general": 18.074776841992325,
  "UT_med": 0.1607300335162655,
  "UT_Q": 0.3126865764115239,
  "PTOSR": [
    1.0079514390940787,
    0.0,
    0.0,
    0.0,
    0.0,
    0.0,
    0.0,
    0.0,
    0.0,
    0.0,
    0.0,
    0.0,
    0.0,
    0.0,
    0.0,
    0.0,
    0.0,
    0.0,
    0.0,
    0.0,
    0.0,
    0.0,
    0.0,
    0.0
  ],
  "PTOSR_promedio": 0.04199797662891994,
  "PPDSR": 0.00018394525789125157,
  "PPDINC": 0.0,
  "total_pacientes_llegados": 90200,
  "total_pacientes_atendidos": 90200,
  "total_consultas": 63018,
  "total_partos_naturales": 15597,
  "total_partos_cesarea": 11585,
  "total_derivaciones_sr": 5,
  "total_derivaciones_inc": 0,
  "total_partos": 27182,
  "costo_medicos": 879796000.0,
  "costo_quirofano": 2582290000.0,
  "costo_sr_operacion": 2446188255.941269,
  "costo_inc_operacion": 276400000.0,
  "CTM": 50832939.08992823,
  "costo_total_10_anios": 6184674255.941269,
  "CII": 20000000.0,
  "eventos_procesados": 300525,
  "tiempo_simulacion": 5256008.338423153,
  "G": 3,
  "SR": 24,
  "I": 15,
  "SC": 3
}