{
  "PEC_consultas": 0.08396957706216052,
  "PEC_partos_nat": 19.12206897419149,
  "PEC_partos_ces": 34.70519523331062,
  "PEC_general": 7.808087589601645,
  "UT_med": 0.15950795662401518,
  "UT_Q": 0.31017944550012466,
  "PTOSR": [
    1.0077612476714213,
    0.0,
    0.0,
    0.0,
    0.0,
    0.0,
    0.0,
    0.0,
    0.0,
    0.0,
    0.0,
    0.0,
    0.0,
    0.0,
    0.0,
    0.0,
    0.0,
    0.0,
    0.0,
    0.0,
    0.0,
    0.0,
    0.0,
    0.0
  ],
  "PTOSR_promedio": 0.04199005198630922,
  "PPDSR": 0.0006309382422802851,
  "PPDINC": 0.0,
  "total_pacientes_llegados": 89573,
  "total_pacientes_atendidos": 89573,
  "total_consultas": 62629,
  "total_partos_naturales": 15463,
  "total_partos_cesarea": 11481,
  "total_derivaciones_sr": 17,
  "total_derivaciones_inc": 0,
  "total_partos": 26944,
  "costo_medicos": 878599000.0,
  "costo_quirofano": 2559680000.0,
  "costo_sr_operacion": 2423561803.7126713,
  "costo_inc_operacion": 274800000.0,
  "CTM": 50438143.59215894,
  "costo_total_10_anios": 6136640803.712671,
  "CII": 20000000.0,
  "eventos_procesados": 298384,
  "tiempo_simulacion": 5256006.890673343,
  "G": 3,
  "SR": 24,
  "I": 15,
  "SC": 3
}