{
  "PEC_consultas": 0.0789280171650042,
  "PEC_partos_nat": 19.887289371168098,
  "PEC_partos_ces": 37.27896537277773,
  "PEC_general": 8.280254024809574,
  "UT_med": 0.16127015647934984,
  "UT_Q": 0.3132760306626491,
  "PTOSR": [
    1.0074837970096155,
    0.0,
    0.0,
    0.0,
    0.0,
    0.0,
    0.0,
    0.0,
    0.0,
    0.0,
    0.0,
    0.0,
    0.0,
    0.0,
    0.0,
    0.0,
    0.0,
    0.0,
    0.0,
    0.0,
    0.0,
    0.0,
    0.0,
    0.0
  ],
  "PTOSR_promedio": 0.041978491542067314,
  "PPDSR": 0.0008449979793526581,
  "PPDINC": 0.0,
  "total_pacientes_llegados": 90728,
  "total_pacientes_atendidos": 90728,
  "total_consultas": 63509,
  "total_partos_naturales": 15436,
  "total_partos_cesarea": 11783,
  "total_derivaciones_sr": 23,
  "total_derivaciones_inc": 0,
  "total_partos": 27219,
  "costo_medicos": 880138000.0,
  "costo_quirofano": 2585805000.0,
  "costo_sr_operacion": 2447084134.28564,
  "costo_inc_operacion": 264500000.0,
  "CTM": 50774195.62426553,
  "costo_total_10_anios": 6177527134.28564,
  "CII": 20000000.0,
  "eventos_procesados": 302018,
  "tiempo_simulacion": 5256043.754572406,
  "G": 3,
  "SR": 24,
  "I": 15,
  "SC": 3
}