{
  "PEC_consultas": 0.08444812500598199,
  "PEC_partos_nat": 19.730411895759556,
  "PEC_partos_ces": 36.198720281726665,
  "PEC_general": 8.172818869544857,
  "UT_med": 0.15787823048327834,
  "UT_Q": 0.30801256556677276,
  "PTOSR": [
    1.0074185607041417,
    0.0,
    0.0,
    0.0,
    0.0,
    0.0,
    0.0,
    0.0,
    0.0,
    0.0,
    0.0,
    0.0,
    0.0,
    0.0,
    0.0,
    0.0,
    0.0,
    0.0,
    0.0,
    0.0,
    0.0,
    0.0,
    0.0,
    0.0
  ],
  "PTOSR_promedio": 0.041975773362672573,
  "PPDSR": 0.001195769963753223,
  "PPDINC": 0.0,
  "total_pacientes_llegados": 88487,
  "total_pacientes_atendidos": 88486,
  "total_consultas": 61725,
  "total_partos_naturales": 15226,
  "total_partos_cesarea": 11535,
  "total_derivaciones_sr": 32,
  "total_derivaciones_inc": 0,
  "total_partos": 26761,
  "costo_medicos": 877573000.0,
  "costo_quirofano": 2542295000.0,
  "costo_sr_operacion": 2404060826.238261,
  "costo_inc_operacion": 264000000.0,
  "CTM": 50037771.174561046,
  "costo_total_10_anios": 6087928826.238261,
  "CII": 20000000.0,
  "eventos_procesados": 294813,
  "tiempo_simulacion": 5256009.342840321,
  "G": 3,
  "SR": 24,
  "I": 15,
  "SC": 3
}