{
  "PEC_consultas": 0.08477638202854094,
  "PEC_partos_nat": 19.352012941454163,
  "PEC_partos_ces": 35.9465441254337,
  "PEC_general": 8.034533250057827,
  "UT_med": 0.15914946247622896,
  "UT_Q": 0.3103027234035582,
  "PTOSR": [
    1.0076701224414801,
    0.0,
    0.0,
    0.0,
    0.0,
    0.0,
    0.0,
    0.0,
    0.0,
    0.0,
    0.0,
    0.0,
    0.0,
    0.0,
    0.0,
    0.0,
    0.0,
    0.0,
    0.0,
    0.0,
    0.0,
    0.0,
    0.0,
    0.0
  ],
  "PTOSR_promedio": 0.04198625510172834,
  "PPDSR": 0.0005197698162242436,
  "PPDINC": 0.0,
  "total_pacientes_llegados": 89365,
  "total_pacientes_atendidos": 89363,
  "total_consultas": 62428,
  "total_partos_naturales": 15398,
  "total_partos_cesarea": 11537,
  "total_derivaciones_sr": 14,
  "total_derivaciones_inc": 0,
  "total_partos": 26935,
  "costo_medicos": 878428000.0,
  "costo_quirofano": 2558825000.0,
  "costo_sr_operacion": 2421582508.8526773,
  "costo_inc_operacion": 267700000.0,
  "CTM": 50355086.37413159,
  "costo_total_10_anios": 6126535508.852677,
  "CII": 20000000.0,
  "eventos_procesados": 297680,
  "tiempo_simulacion": 5256013.257772091,
  "G": 3,
  "SR": 24,
  "I": 15,
  "SC": 3
}