{
  "PEC_consultas": 0.07974195103294858,
  "PEC_partos_nat": 19.09115286382161,
  "PEC_partos_ces": 34.72138178935688,
  "PEC_general": 7.792320292651524,
  "UT_med": 0.15782334080226554,
  "UT_Q": 0.3062929652569369,
  "PTOSR": [
    1.0079426303301808,
    0.0,
    0.0,
    0.0,
    0.0,
    0.0,
    0.0,
    0.0,
    0.0,
    0.0,
    0.0,
    0.0,
    0.0,
    0.0,
    0.0,
    0.0,
    0.0,
    0.0,
    0.0,
    0.0,
    0.0,
    0.0,
    0.0,
    0.0
  ],
  "PTOSR_promedio": 0.04199760959709087,
  "PPDSR": 0.00037572797294758596,
  "PPDINC": 0.0,
  "total_pacientes_llegados": 88881,
  "total_pacientes_atendidos": 88879,
  "total_consultas": 62264,
  "total_partos_naturales": 15131,
  "total_partos_cesarea": 11484,
  "total_derivaciones_sr": 10,
  "total_derivaciones_inc": 0,
  "total_partos": 26615,
  "costo_medicos": 876718000.0,
  "costo_quirofano": 2528425000.0,
  "costo_sr_operacion": 2394044918.0613747,
  "costo_inc_operacion": 268900000.0,
  "CTM": 49874695.2169428,
  "costo_total_10_anios": 6068087918.061375,
  "CII": 20000000.0,
  "eventos_procesados": 295927,
  "tiempo_simulacion": 5256001.1570432475,
  "G": 3,
  "SR": 24,
  "I": 15,
  "SC": 3
}