{
  "PEC_consultas": 0.078911899883192,
  "PEC_partos_nat": 19.70096374436373,
  "PEC_partos_ces": 34.28298929198224,
  "PEC_general": 7.83630217923513,
  "UT_med": 0.1570610677111484,
  "UT_Q": 0.3051350685552512,
  "PTOSR": [
    1.0079080385037391,
    0.0,
    0.0,
    0.0,
    0.0,
    0.0,
    0.0,
    0.0,
    0.0,
    0.0,
    0.0,
    0.0,
    0.0,
    0.0,
    0.0,
    0.0,
    0.0,
    0.0,
    0.0,
    0.0,
    0.0,
    0.0,
    0.0,
    0.0
  ],
  "PTOSR_promedio": 0.04199616827098913,
  "PPDSR": 0.0006035913686434284,
  "PPDINC": 0.0,
  "total_pacientes_llegados": 88548,
  "total_pacientes_atendidos": 88548,
  "total_consultas": 62040,
  "total_partos_naturales": 15072,
  "total_partos_cesarea": 11436,
  "total_derivaciones_sr": 16,
  "total_derivaciones_inc": 0,
  "total_partos": 26508,
  "costo_medicos": 876205000.0,
  "costo_quirofano": 2518260000.0,
  "costo_sr_operacion": 2381624728.1472015,
  "costo_inc_operacion": 267900000.0,
  "CTM": 49676627.90257974,
  "costo_total_10_anios": 6043989728.147202,
  "CII": 20000000.0,
  "eventos_procesados": 294799,
  "tiempo_simulacion": 5256055.247271787,
  "G": 3,
  "SR": 24,
  "I": 15,
  "SC": 3
}