{
  "PEC_consultas": 0.08475253450105633,
  "PEC_partos_nat": 19.021824015221743,
  "PEC_partos_ces": 34.34728103821063,
  "PEC_general": 7.756494917278091,
  "UT_med": 0.15938429043564595,
  "UT_Q": 0.309828167301786,
  "PTOSR": [
    1.0078314060557367,
    0.0,
    0.0,
    0.0,
    0.0,
    0.0,
    0.0,
    0.0,
    0.0,
    0.0,
    0.0,
    0.0,
    0.0,
    0.0,
    0.0,
    0.0,
    0.0,
    0.0,
    0.0,
    0.0,
    0.0,
    0.0,
    0.0,
    0.0
  ],
  "PTOSR_promedio": 0.041992975252322366,
  "PPDSR": 0.0005203300379097599,
  "PPDINC": 0.0,
  "total_pacientes_llegados": 89600,
  "total_pacientes_atendidos": 89598,
  "total_consultas": 62692,
  "total_partos_naturales": 15301,
  "total_partos_cesarea": 11605,
  "total_derivaciones_sr": 14,
  "total_derivaciones_inc": 0,
  "total_partos": 26906,
  "costo_medicos": 878257000.0,
  "costo_quirofano": 2556070000.0,
  "costo_sr_operacion": 2419577353.8766694,
  "costo_inc_operacion": 264500000.0,
  "CTM": 50288254.963369876,
  "costo_total_10_anios": 6118404353.876669,
  "CII": 20000000.0,
  "eventos_procesados": 298324,
  "tiempo_simulacion": 5256000.659588184,
  "G": 3,
  "SR": 24,
  "I": 15,
  "SC": 3
}