{
  "PEC_consultas": 15.17395306746805,
  "PEC_partos_nat": 20.240019560015583,
  "PEC_partos_ces": 35.9862879469736,
  "PEC_general": 18.73188112582096,
  "UT_med": 0.15919026753798116,
  "UT_Q": 0.3093170675667563,
  "PTOSR": [
    1.0078830377074532,
    0.0,
    0.0,
    0.0,
    0.0,
    0.0,
    0.0,
    0.0,
    0.0,
    0.0,
    0.0,
    0.0,
    0.0,
    0.0,
    0.0,
    0.0,
    0.0,
    0.0,
    0.0,
    0.0,
    0.0,
    0.0,
    0.0,
    0.0
  ],
  "PTOSR_promedio": 0.04199512657114388,
  "PPDSR": 0.0005956147861370659,
  "PPDINC": 0.0,
  "total_pacientes_llegados": 89511,
  "total_pacientes_atendidos": 89508,
  "total_consultas": 62645,
  "total_partos_naturales": 15281,
  "total_partos_cesarea": 11582,
  "total_derivaciones_sr": 16,
  "total_derivaciones_inc": 0,
  "total_partos": 26863,
  "costo_medicos": 878086000.0,
  "costo_quirofano": 2551985000.0,
  "costo_sr_operacion": 2414184171.737822,
  "costo_inc_operacion": 274900000.0,
  "CTM": 50294426.06907798,
  "costo_total_10_anios": 6119155171.737822,
  "CII": 20000000.0,
  "eventos_procesados": 298115,
  "tiempo_simulacion": 5256007.248984602,
  "G": 3,
  "SR": 24,
  "I": 15,
  "SC": 3
}