{
  "PEC_consultas": 0.08740835641868248,
  "PEC_partos_nat": 18.824449113911008,
  "PEC_partos_ces": 33.512511861996124,
  "PEC_general": 7.534706329139698,
  "UT_med": 0.15814623889368165,
  "UT_Q": 0.3060830326695444,
  "PTOSR": [
    1.008089968358937,
    0.0,
    0.0,
    0.0,
    0.0,
    0.0,
    0.0,
    0.0,
    0.0,
    0.0,
    0.0,
    0.0,
    0.0,
    0.0,
    0.0,
    0.0,
    0.0,
    0.0,
    0.0,
    0.0,
    0.0,
    0.0,
    0.0,
    0.0
  ],
  "PTOSR_promedio": 0.04200374868162238,
  "PPDSR": 0.00015034202811395924,
  "PPDINC": 0.0,
  "total_pacientes_llegados": 89229,
  "total_pacientes_atendidos": 89228,
  "total_consultas": 62622,
  "total_partos_naturales": 15305,
  "total_partos_cesarea": 11301,
  "total_derivaciones_sr": 4,
  "total_derivaciones_inc": 0,
  "total_partos": 26606,
  "costo_medicos": 876718000.0,
  "costo_quirofano": 2527570000.0,
  "costo_sr_operacion": 2393569887.4882197,
  "costo_inc_operacion": 275000000.0,
  "CTM": 49913900.44510866,
  "costo_total_10_anios": 6072857887.48822,
  "CII": 20000000.0,
  "eventos_procesados": 297025,
  "tiempo_simulacion": 5256009.933560178,
  "G": 3,
  "SR": 24,
  "I": 15,
  "SC": 3
}