{
  "PEC_consultas": 13.583069388003278,
  "PEC_partos_nat": 19.1586856614044,
  "PEC_partos_ces": 34.00273390522306,
  "PEC_general": 17.17213590823931,
  "UT_med": 0.1589124934127686,
  "UT_Q": 0.3091880519134443,
  "PTOSR": [
    1.0077888184503783,
    0.0,
    0.0,
    0.0,
    0.0,
    0.0,
    0.0,
    0.0,
    0.0,
    0.0,
    0.0,
    0.0,
    0.0,
    0.0,
    0.0,
    0.0,
    0.0,
    0.0,
    0.0,
    0.0,
    0.0,
    0.0,
    0.0,
    0.0
  ],
  "PTOSR_promedio": 0.04199120076876576,
  "PPDSR": 0.00037224538415723646,
  "PPDINC": 0.0,
  "total_pacientes_llegados": 89230,
  "total_pacientes_atendidos": 89230,
  "total_consultas": 62366,
  "total_partos_naturales": 15380,
  "total_partos_cesarea": 11484,
  "total_derivaciones_sr": 10,
  "total_derivaciones_inc": 0,
  "total_partos": 26864,
  "costo_medicos": 878086000.0,
  "costo_quirofano": 2552080000.0,
  "costo_sr_operacion": 2418553625.920642,
  "costo_inc_operacion": 272900000.0,
  "CTM": 50314681.85688198,
  "costo_total_10_anios": 6121619625.920642,
  "CII": 20000000.0,
  "eventos_procesados": 297264,
  "tiempo_simulacion": 5256099.617549823,
  "G": 3,
  "SR": 24,
  "I": 15,
  "SC": 3
}