{
  "PEC_consultas": 14.283722916844425,
  "PEC_partos_nat": 19.843024786586355,
  "PEC_partos_ces": 34.885965644952165,
  "PEC_general": 17.872955219186967,
  "UT_med": 0.15974236447361007,
  "UT_Q": 0.3100220203364446,
  "PTOSR": [
    1.0079568248239392,
    0.0,
    0.0,
    0.0,
    0.0,
    0.0,
    0.0,
    0.0,
    0.0,
    0.0,
    0.0,
    0.0,
    0.0,
    0.0,
    0.0,
    0.0,
    0.0,
    0.0,
    0.0,
    0.0,
    0.0,
    0.0,
    0.0,
    0.0
  ],
  "PTOSR_promedio": 0.0419982010343308,
  "PPDSR": 0.00048262548262548264,
  "PPDINC": 0.0,
  "total_pacientes_llegados": 89882,
  "total_pacientes_atendidos": 89881,
  "total_consultas": 62945,
  "total_partos_naturales": 15445,
  "total_partos_cesarea": 11491,
  "total_derivaciones_sr": 13,
  "total_derivaciones_inc": 0,
  "total_partos": 26936,
  "costo_medicos": 878428000.0,
  "costo_quirofano": 2558920000.0,
  "costo_sr_operacion": 2419912921.84219,
  "costo_inc_operacion": 266800000.0,
  "CTM": 50334747.30281252,
  "costo_total_10_anios": 6124060921.84219,
  "CII": 20000000.0,
  "eventos_procesados": 299222,
  "tiempo_simulacion": 5256001.653670931,
  "G": 3,
  "SR": 24,
  "I": 15,
  "SC": 3
}