{
  "PEC_consultas": 0.08308707517868195,
  "PEC_partos_nat": 19.56705971499775,
  "PEC_partos_ces": 34.15300939040155,
  "PEC_general": 7.839076915421627,
  "UT_med": 0.160418526683186,
  "UT_Q": 0.3119823155198912,
  "PTOSR": [
    1.0076914248568876,
    0.0,
    0.0,
    0.0,
    0.0,
    0.0,
    0.0,
    0.0,
    0.0,
    0.0,
    0.0,
    0.0,
    0.0,
    0.0,
    0.0,
    0.0,
    0.0,
    0.0,
    0.0,
    0.0,
    0.0,
    0.0,
    0.0,
    0.0
  ],
  "PTOSR_promedio": 0.04198714270237031,
  "PPDSR": 0.00029513760790968787,
  "PPDINC": 0.0,
  "total_pacientes_llegados": 90154,
  "total_pacientes_atendidos": 90153,
  "total_consultas": 63047,
  "total_partos_naturales": 15376,
  "total_partos_cesarea": 11730,
  "total_derivaciones_sr": 8,
  "total_derivaciones_inc": 0,
  "total_partos": 27106,
  "costo_medicos": 879454000.0,
  "costo_quirofano": 2575070000.0,
  "costo_sr_operacion": 2439666002.595644,
  "costo_inc_operacion": 269200000.0,
  "CTM": 50658000.02133406,
  "costo_total_10_anios": 6163390002.595644,
  "CII": 20000000.0,
  "eventos_procesados": 300250,
  "tiempo_simulacion": 5256097.420481989,
  "G": 3,
  "SR": 24,
  "I": 15,
  "SC": 3
}