{
  "PEC_consultas": 0.07613328782756201,
  "PEC_partos_nat": 18.84974312406474,
  "PEC_partos_ces": 34.982625635468175,
  "PEC_general": 7.740000922528997,
  "UT_med": 0.1581824187702695,
  "UT_Q": 0.30651949516351173,
  "PTOSR": [
    1.00803409348114,
    0.0,
    0.0,
    0.0,
    0.0,
    0.0,
    0.0,
    0.0,
    0.0,
    0.0,
    0.0,
    0.0,
    0.0,
    0.0,
    0.0,
    0.0,
    0.0,
    0.0,
    0.0,
    0.0,
    0.0,
    0.0,
    0.0,
    0.0
  ],
  "PTOSR_promedio": 0.042001420561714166,
  "PPDSR": 0.0003002890281896325,
  "PPDINC": 0.0,
  "total_pacientes_llegados": 89116,
  "total_pacientes_atendidos": 89115,
  "total_consultas": 62474,
  "total_partos_naturales": 15309,
  "total_partos_cesarea": 11332,
  "total_derivaciones_sr": 8,
  "total_derivaciones_inc": 0,
  "total_partos": 26641,
  "costo_medicos": 876889000.0,
  "costo_quirofano": 2530895000.0,
  "costo_sr_operacion": 2395329448.986019,
  "costo_inc_operacion": 263500000.0,
  "CTM": 49862576.293035775,
  "costo_total_10_anios": 6066613448.986019,
  "CII": 20000000.0,
  "eventos_procesados": 296611,
  "tiempo_simulacion": 5256121.239443441,
  "G": 3,
  "SR": 24,
  "I": 15,
  "SC": 3
}