{
  "PEC_consultas": 14.134203479311044,
  "PEC_partos_nat": 19.318077164076,
  "PEC_partos_ces": 34.70091163437538,
  "PEC_general": 17.631010048893447,
  "UT_med": 0.15827759211547385,
  "UT_Q": 0.30668000655699446,
  "PTOSR": [
    1.0078870645950324,
    0.0,
    0.0,
    0.0,
    0.0,
    0.0,
    0.0,
    0.0,
    0.0,
    0.0,
    0.0,
    0.0,
    0.0,
    0.0,
    0.0,
    0.0,
    0.0,
    0.0,
    0.0,
    0.0,
    0.0,
    0.0,
    0.0,
    0.0
  ],
  "PTOSR_promedio": 0.04199529435812635,
  "PPDSR": 0.00045029832263874815,
  "PPDINC": 0.0,
  "total_pacientes_llegados": 89194,
  "total_pacientes_atendidos": 89194,
  "total_consultas": 62545,
  "total_partos_naturales": 15354,
  "total_partos_cesarea": 11295,
  "total_derivaciones_sr": 12,
  "total_derivaciones_inc": 0,
  "total_partos": 26649,
  "costo_medicos": 876889000.0,
  "costo_quirofano": 2531655000.0,
  "costo_sr_operacion": 2394428426.596847,
  "costo_inc_operacion": 261200000.0,
  "CTM": 49842513.09531655,
  "costo_total_10_anios": 6064172426.596848,
  "CII": 20000000.0,
  "eventos_procesados": 296822,
  "tiempo_simulacion": 5256000.834647711,
  "G": 3,
  "SR": 24,
  "I": 15,
  "SC": 3
}