{
  "PEC_consultas": 0.08023568869795666,
  "PEC_partos_nat": 19.381698500556585,
  "PEC_partos_ces": 34.73940233424289,
  "PEC_general": 7.864745405720833,
  "UT_med": 0.1602810501561995,
  "UT_Q": 0.31133729667995225,
  "PTOSR": [
    1.0075439815916771,
    0.0,
    0.0,
    0.0,
    0.0,
    0.0,
    0.0,
    0.0,
    0.0,
    0.0,
    0.0,
    0.0,
    0.0,
    0.0,
    0.0,
    0.0,
    0.0,
    0.0,
    0.0,
    0.0,
    0.0,
    0.0,
    0.0,
    0.0
  ],
  "PTOSR_promedio": 0.041980999232986545,
  "PPDSR": 0.0008498060225383337,
  "PPDINC": 0.0,
  "total_pacientes_llegados": 90136,
  "total_pacientes_atendidos": 90136,
  "total_consultas": 63071,
  "total_partos_naturales": 15392,
  "total_partos_cesarea": 11673,
  "total_derivaciones_sr": 23,
  "total_derivaciones_inc": 0,
  "total_partos": 27065,
  "costo_medicos": 879283000.0,
  "costo_quirofano": 2571175000.0,
  "costo_sr_operacion": 2435376708.67366,
  "costo_inc_operacion": 267100000.0,
  "CTM": 50572066.09868762,
  "costo_total_10_anios": 6152934708.67366,
  "CII": 20000000.0,
  "eventos_procesados": 300114,
  "tiempo_simulacion": 5256237.113820245,
  "G": 3,
  "SR": 24,
  "I": 15,
  "SC": 3
}