{
  "PEC_consultas": 0.08480763821694544,
  "PEC_partos_nat": 19.91348051514115,
  "PEC_partos_ces": 36.61072280169674,
  "PEC_general": 8.216112121439542,
  "UT_med": 0.15936313799121354,
  "UT_Q": 0.3101915645248117,
  "PTOSR": [
    1.007891944380327,
    0.0,
    0.0,
    0.0,
    0.0,
    0.0,
    0.0,
    0.0,
    0.0,
    0.0,
    0.0,
    0.0,
    0.0,
    0.0,
    0.0,
    0.0,
    0.0,
    0.0,
    0.0,
    0.0,
    0.0,
    0.0,
    0.0,
    0.0
  ],
  "PTOSR_promedio": 0.04199549768251362,
  "PPDSR": 0.0005196154845414394,
  "PPDINC": 0.0,
  "total_pacientes_llegados": 89518,
  "total_pacientes_atendidos": 89516,
  "total_consultas": 62573,
  "total_partos_naturales": 15346,
  "total_partos_cesarea": 11597,
  "total_derivaciones_sr": 14,
  "total_derivaciones_inc": 0,
  "total_partos": 26943,
  "costo_medicos": 878599000.0,
  "costo_quirofano": 2559585000.0,
  "costo_sr_operacion": 2422482153.4522667,
  "costo_inc_operacion": 275600000.0,
  "CTM": 50435064.27495013,
  "costo_total_10_anios": 6136266153.452267,
  "CII": 20000000.0,
  "eventos_procesados": 298221,
  "tiempo_simulacion": 5256014.376670161,
  "G": 3,
  "SR": 24,
  "I": 15,
  "SC": 3
}