{
  "PEC_consultas": 0.08429428069132174,
  "PEC_partos_nat": 18.822238301769573,
  "PEC_partos_ces": 35.24262983954761,
  "PEC_general": 7.815528492082963,
  "UT_med": 0.1602307693547353,
  "UT_Q": 0.31142771857629076,
  "PTOSR": [
    1.007851306118055,
    0.0,
    0.0,
    0.0,
    0.0,
    0.0,
    0.0,
    0.0,
    0.0,
    0.0,
    0.0,
    0.0,
    0.0,
    0.0,
    0.0,
    0.0,
    0.0,
    0.0,
    0.0,
    0.0,
    0.0,
    0.0,
    0.0,
    0.0
  ],
  "PTOSR_promedio": 0.04199380442158562,
  "PPDSR": 0.0005912567902147002,
  "PPDINC": 0.0,
  "total_pacientes_llegados": 90034,
  "total_pacientes_atendidos": 90033,
  "total_consultas": 62972,
  "total_partos_naturales": 15551,
  "total_partos_cesarea": 11510,
  "total_derivaciones_sr": 16,
  "total_derivaciones_inc": 0,
  "total_partos": 27061,
  "costo_medicos": 879112000.0,
  "costo_quirofano": 2570795000.0,
  "costo_sr_operacion": 2434160204.378161,
  "costo_inc_operacion": 280400000.0,
  "CTM": 50666853.73461501,
  "costo_total_10_anios": 6164467204.37816,
  "CII": 20000000.0,
  "eventos_procesados": 299939,
  "tiempo_simulacion": 5256062.5239630975,
  "G": 3,
  "SR": 24,
  "I": 15,
  "SC": 3
}