{
  "PEC_consultas": 0.08295199807837758,
  "PEC_partos_nat": 19.977800497562274,
  "PEC_partos_ces": 34.96058120279405,
  "PEC_general": 8.048488383969884,
  "UT_med": 0.15963284866053792,
  "UT_Q": 0.3110294257282865,
  "PTOSR": [
    1.0079036712871594,
    0.0,
    0.0,
    0.0,
    0.0,
    0.0,
    0.0,
    0.0,
    0.0,
    0.0,
    0.0,
    0.0,
    0.0,
    0.0,
    0.0,
    0.0,
    0.0,
    0.0,
    0.0,
    0.0,
    0.0,
    0.0,
    0.0,
    0.0
  ],
  "PTOSR_promedio": 0.04199598630363164,
  "PPDSR": 0.000443246038488531,
  "PPDINC": 0.0,
  "total_pacientes_llegados": 89643,
  "total_pacientes_atendidos": 89642,
  "total_consultas": 62569,
  "total_partos_naturales": 15364,
  "total_partos_cesarea": 11709,
  "total_derivaciones_sr": 12,
  "total_derivaciones_inc": 0,
  "total_partos": 27073,
  "costo_medicos": 879283000.0,
  "costo_quirofano": 2571935000.0,
  "costo_sr_operacion": 2433310982.491752,
  "costo_inc_operacion": 266100000.0,
  "CTM": 50553114.924589746,
  "costo_total_10_anios": 6150628982.491753,
  "CII": 20000000.0,
  "eventos_procesados": 298641,
  "tiempo_simulacion": 5256344.387461672,
  "G": 3,
  "SR": 24,
  "I": 15,
  "SC": 3
}