{
  "PEC_consultas": 0.08926900091450729,
  "PEC_partos_nat": 19.657411792495356,
  "PEC_partos_ces": 35.84245137600456,
  "PEC_general": 8.035339599929,
  "UT_med": 0.16020641156423543,
  "UT_Q": 0.31048327167532214,
  "PTOSR": [
    1.0075817508989935,
    0.0,
    0.0,
    0.0,
    0.0,
    0.0,
    0.0,
    0.0,
    0.0,
    0.0,
    0.0,
    0.0,
    0.0,
    0.0,
    0.0,
    0.0,
    0.0,
    0.0,
    0.0,
    0.0,
    0.0,
    0.0,
    0.0,
    0.0
  ],
  "PTOSR_promedio": 0.041982572954124726,
  "PPDSR": 0.0007787006822901217,
  "PPDINC": 0.0,
  "total_pacientes_llegados": 90123,
  "total_pacientes_atendidos": 90123,
  "total_consultas": 63155,
  "total_partos_naturales": 15327,
  "total_partos_cesarea": 11641,
  "total_derivaciones_sr": 21,
  "total_derivaciones_inc": 0,
  "total_partos": 26968,
  "costo_medicos": 878599000.0,
  "costo_quirofano": 2561960000.0,
  "costo_sr_operacion": 2426721569.088347,
  "costo_inc_operacion": 262500000.0,
  "CTM": 50381758.102096,
  "costo_total_10_anios": 6129780569.0883465,
  "CII": 20000000.0,
  "eventos_procesados": 299931,
  "tiempo_simulacion": 5256001.253172247,
  "G": 3,
  "SR": 24,
  "I": 15,
  "SC": 3
}