{
  "PEC_consultas": 0.08005636344345708,
  "PEC_partos_nat": 19.119645687883697,
  "PEC_partos_ces": 33.94265182909078,
  "PEC_general": 7.667287933109317,
  "UT_med": 0.15688682847168628,
  "UT_Q": 0.30368472292895154,
  "PTOSR": [
    1.0079225654816482,
    0.0,
    0.0,
    0.0,
    0.0,
    0.0,
    0.0,
    0.0,
    0.0,
    0.0,
    0.0,
    0.0,
    0.0,
    0.0,
    0.0,
    0.0,
    0.0,
    0.0,
    0.0,
    0.0,
    0.0,
    0.0,
    0.0,
    0.0
  ],
  "PTOSR_promedio": 0.04199677356173534,
  "PPDSR": 0.00030297292179511456,
  "PPDINC": 0.0,
  "total_pacientes_llegados": 88589,
  "total_pacientes_atendidos": 88588,
  "total_consultas": 62183,
  "total_partos_naturales": 14977,
  "total_partos_cesarea": 11428,
  "total_derivaciones_sr": 8,
  "total_derivaciones_inc": 0,
  "total_partos": 26405,
  "costo_medicos": 875521000.0,
  "costo_quirofano": 2508475000.0,
  "costo_sr_operacion": 2375326724.7716064,
  "costo_inc_operacion": 257600000.0,
  "CTM": 49454159.38168444,
  "costo_total_10_anios": 6016922724.771606,
  "CII": 20000000.0,
  "eventos_procesados": 294732,
  "tiempo_simulacion": 5256052.092926506,
  "G": 3,
  "SR": 24,
  "I": 15,
  "SC": 3
}