{
  "PEC_consultas": 15.317261756381441,
  "PEC_partos_nat": 19.538147082494255,
  "PEC_partos_ces": 36.24425790113788,
  "PEC_general": 18.71395297797748,
  "UT_med": 0.15761997777230127,
  "UT_Q": 0.3067827024199089,
  "PTOSR": [
    1.0079721117351241,
    0.0,
    0.0,
    0.0,
    0.0,
    0.0,
    0.0,
    0.0,
    0.0,
    0.0,
    0.0,
    0.0,
    0.0,
    0.0,
    0.0,
    0.0,
    0.0,
    0.0,
    0.0,
    0.0,
    0.0,
    0.0,
    0.0,
    0.0
  ],
  "PTOSR_promedio": 0.041998837988963506,
  "PPDSR": 0.000600578056379265,
  "PPDINC": 0.0,
  "total_pacientes_llegados": 88663,
  "total_pacientes_atendidos": 88663,
  "total_consultas": 62022,
  "total_partos_naturales": 15345,
  "total_partos_cesarea": 11296,
  "total_derivaciones_sr": 16,
  "total_derivaciones_inc": 0,
  "total_partos": 26641,
  "costo_medicos": 876889000.0,
  "costo_quirofano": 2530895000.0,
  "costo_sr_operacion": 2397126085.91233,
  "costo_inc_operacion": 262500000.0,
  "CTM": 49869123.99379998,
  "costo_total_10_anios": 6067410085.912331,
  "CII": 20000000.0,
  "eventos_procesados": 295228,
  "tiempo_simulacion": 5256226.425679822,
  "G": 3,
  "SR": 24,
  "I": 15,
  "SC": 3
}