{
  "PEC_consultas": 14.311003679785394,
  "PEC_partos_nat": 18.97914857695688,
  "PEC_partos_ces": 35.095016752536004,
  "PEC_general": 17.7786349196433,
  "UT_med": 0.15967560265436764,
  "UT_Q": 0.30999223578495166,
  "PTOSR": [
    1.0078398299417004,
    0.0,
    0.0,
    0.0,
    0.0,
    0.0,
    0.0,
    0.0,
    0.0,
    0.0,
    0.0,
    0.0,
    0.0,
    0.0,
    0.0,
    0.0,
    0.0,
    0.0,
    0.0,
    0.0,
    0.0,
    0.0,
    0.0,
    0.0
  ],
  "PTOSR_promedio": 0.04199332624757085,
  "PPDSR": 0.00044576523031203565,
  "PPDINC": 0.0,
  "total_pacientes_llegados": 89836,
  "total_pacientes_atendidos": 89835,
  "total_consultas": 62915,
  "total_partos_naturales": 15388,
  "total_partos_cesarea": 11532,
  "total_derivaciones_sr": 12,
  "total_derivaciones_inc": 0,
  "total_partos": 26920,
  "costo_medicos": 878428000.0,
  "costo_quirofano": 2557400000.0,
  "costo_sr_operacion": 2420852239.1732335,
  "costo_inc_operacion": 274500000.0,
  "CTM": 50393262.239779994,
  "costo_total_10_anios": 6131180239.173233,
  "CII": 20000000.0,
  "eventos_procesados": 299149,
  "tiempo_simulacion": 5256017.333512005,
  "G": 3,
  "SR": 24,
  "I": 15,
  "SC": 3
}