{
  "PEC_consultas": 14.533857343929693,
  "PEC_partos_nat": 19.64702118613591,
  "PEC_partos_ces": 35.43076896010372,
  "PEC_general": 18.099394584630815,
  "UT_med": 0.15970724793117574,
  "UT_Q": 0.31060507687850325,
  "PTOSR": [
    1.008013799006642,
    0.0,
    0.0,
    0.0,
    0.0,
    0.0,
    0.0,
    0.0,
    0.0,
    0.0,
    0.0,
    0.0,
    0.0,
    0.0,
    0.0,
    0.0,
    0.0,
    0.0,
    0.0,
    0.0,
    0.0,
    0.0,
    0.0,
    0.0
  ],
  "PTOSR_promedio": 0.042000574958610086,
  "PPDSR": 0.00018519204414978331,
  "PPDINC": 0.0,
  "total_pacientes_llegados": 89692,
  "total_pacientes_atendidos": 89692,
  "total_consultas": 62693,
  "total_partos_naturales": 15484,
  "total_partos_cesarea": 11515,
  "total_derivaciones_sr": 5,
  "total_derivaciones_inc": 0,
  "total_partos": 26999,
  "costo_medicos": 878770000.0,
  "costo_quirofano": 2564905000.0,
  "costo_sr_operacion": 2428591505.327822,
  "costo_inc_operacion": 273400000.0,
  "CTM": 50512327.44105059,
  "costo_total_10_anios": 6145666505.327822,
  "CII": 20000000.0,
  "eventos_procesados": 298799,
  "tiempo_simulacion": 5256006.528029169,
  "G": 3,
  "SR": 24,
  "I": 15,
  "SC": 3
}