{
  "PEC_consultas": 0.08791427393387018,
  "PEC_partos_nat": 19.823322269477295,
  "PEC_partos_ces": 36.00648973454257,
  "PEC_general": 8.095224894525815,
  "UT_med": 0.16132523399563023,
  "UT_Q": 0.31429099527571486,
  "PTOSR": [
    1.007863484531363,
    0.0,
    0.0,
    0.0,
    0.0,
    0.0,
    0.0,
    0.0,
    0.0,
    0.0,
    0.0,
    0.0,
    0.0,
    0.0,
    0.0,
    0.0,
    0.0,
    0.0,
    0.0,
    0.0,
    0.0,
    0.0,
    0.0,
    0.0
  ],
  "PTOSR_promedio": 0.041994311855473455,
  "PPDSR": 0.0004034772402156769,
  "PPDINC": 0.0,
  "total_pacientes_llegados": 90585,
  "total_pacientes_atendidos": 90584,
  "total_consultas": 63321,
  "total_partos_naturales": 15690,
  "total_partos_cesarea": 11573,
  "total_derivaciones_sr": 11,
  "total_derivaciones_inc": 0,
  "total_partos": 27263,
  "costo_medicos": 880309000.0,
  "costo_quirofano": 2589985000.0,
  "costo_sr_operacion": 2452033420.8989,
  "costo_inc_operacion": 269700000.0,
  "CTM": 50893376.06218274,
  "costo_total_10_anios": 6192027420.8989,
  "CII": 20000000.0,
  "eventos_procesados": 301699,
  "tiempo_simulacion": 5256009.643853253,
  "G": 3,
  "SR": 24,
  "I": 15,
  "SC": 3
}