{
  "PEC_consultas": 0.08740840522439246,
  "PEC_partos_nat": 19.51233218171402,
  "PEC_partos_ces": 34.36373645988603,
  "PEC_general": 7.780417416598189,
  "UT_med": 0.1586655455674436,
  "UT_Q": 0.30713794502888686,
  "PTOSR": [
    1.007941170197582,
    0.0,
    0.0,
    0.0,
    0.0,
    0.0,
    0.0,
    0.0,
    0.0,
    0.0,
    0.0,
    0.0,
    0.0,
    0.0,
    0.0,
    0.0,
    0.0,
    0.0,
    0.0,
    0.0,
    0.0,
    0.0,
    0.0,
    0.0
  ],
  "PTOSR_promedio": 0.041997548758232583,
  "PPDSR": 0.00033730604902181243,
  "PPDINC": 0.0,
  "total_pacientes_llegados": 89578,
  "total_pacientes_atendidos": 89577,
  "total_consultas": 62895,
  "total_partos_naturales": 15180,
  "total_partos_cesarea": 11502,
  "total_derivaciones_sr": 9,
  "total_derivaciones_inc": 0,
  "total_partos": 26682,
  "costo_medicos": 877060000.0,
  "costo_quirofano": 2534790000.0,
  "costo_sr_operacion": 2397960812.989352,
  "costo_inc_operacion": 269800000.0,
  "CTM": 49969403.94237824,
  "costo_total_10_anios": 6079610812.989352,
  "CII": 20000000.0,
  "eventos_procesados": 298102,
  "tiempo_simulacion": 5256001.061319139,
  "G": 3,
  "SR": 24,
  "I": 15,
  "SC": 3
}