{
  "PEC_consultas": 0.08961085463143341,
  "PEC_partos_nat": 19.91006376425457,
  "PEC_partos_ces": 36.41396255037138,
  "PEC_general": 8.143184833549572,
  "UT_med": 0.1594171886541787,
  "UT_Q": 0.30955664820202844,
  "PTOSR": [
    1.0077041015009576,
    0.0,
    0.0,
    0.0,
    0.0,
    0.0,
    0.0,
    0.0,
    0.0,
    0.0,
    0.0,
    0.0,
    0.0,
    0.0,
    0.0,
    0.0,
    0.0,
    0.0,
    0.0,
    0.0,
    0.0,
    0.0,
    0.0,
    0.0
  ],
  "PTOSR_promedio": 0.041987670895873234,
  "PPDSR": 0.0008183610460142097,
  "PPDINC": 0.0,
  "total_pacientes_llegados": 89661,
  "total_pacientes_atendidos": 89660,
  "total_consultas": 62777,
  "total_partos_naturales": 15416,
  "total_partos_cesarea": 11467,
  "total_derivaciones_sr": 22,
  "total_derivaciones_inc": 0,
  "total_partos": 26883,
  "costo_medicos": 878257000.0,
  "costo_quirofano": 2553885000.0,
  "costo_sr_operacion": 2419592949.560965,
  "costo_inc_operacion": 264800000.0,
  "CTM": 50272889.99639149,
  "costo_total_10_anios": 6116534949.560965,
  "CII": 20000000.0,
  "eventos_procesados": 298482,
  "tiempo_simulacion": 5256004.52518324,
  "G": 3,
  "SR": 24,
  "I": 15,
  "SC": 3
}