{
  "PEC_consultas": 0.08511923168919316,
  "PEC_partos_nat": 19.913485897228945,
  "PEC_partos_ces": 34.979112180941605,
  "PEC_general": 7.958249068698473,
  "UT_med": 0.1572404690863707,
  "UT_Q": 0.30493378638661056,
  "PTOSR": [
    1.0081637099287992,
    0.0,
    0.0,
    0.0,
    0.0,
    0.0,
    0.0,
    0.0,
    0.0,
    0.0,
    0.0,
    0.0,
    0.0,
    0.0,
    0.0,
    0.0,
    0.0,
    0.0,
    0.0,
    0.0,
    0.0,
    0.0,
    0.0,
    0.0
  ],
  "PTOSR_promedio": 0.0420068212470333,
  "PPDSR": 0.00011317338162064282,
  "PPDINC": 0.0,
  "total_pacientes_llegados": 88521,
  "total_pacientes_atendidos": 88519,
  "total_consultas": 62011,
  "total_partos_naturales": 15137,
  "total_partos_cesarea": 11371,
  "total_derivaciones_sr": 3,
  "total_derivaciones_inc": 0,
  "total_partos": 26508,
  "costo_medicos": 876205000.0,
  "costo_quirofano": 2518260000.0,
  "costo_sr_operacion": 2384688627.871081,
  "costo_inc_operacion": 272700000.0,
  "CTM": 49741262.6948308,
  "costo_total_10_anios": 6051853627.87108,
  "CII": 20000000.0,
  "eventos_procesados": 294781,
  "tiempo_simulacion": 5256008.972931506,
  "G": 3,
  "SR": 24,
  "I": 15,
  "SC": 3
}