{
  "PEC_consultas": 0.08459942099601549,
  "PEC_partos_nat": 20.001493078282195,
  "PEC_partos_ces": 34.95844515757738,
  "PEC_general": 7.972601248939934,
  "UT_med": 0.1599413853595248,
  "UT_Q": 0.3108932170832714,
  "PTOSR": [
    1.0076397221168614,
    0.0,
    0.0,
    0.0,
    0.0,
    0.0,
    0.0,
    0.0,
    0.0,
    0.0,
    0.0,
    0.0,
    0.0,
    0.0,
    0.0,
    0.0,
    0.0,
    0.0,
    0.0,
    0.0,
    0.0,
    0.0,
    0.0,
    0.0
  ],
  "PTOSR_promedio": 0.04198498842153589,
  "PPDSR": 0.0006664198445020362,
  "PPDINC": 0.0,
  "total_pacientes_llegados": 89898,
  "total_pacientes_atendidos": 89897,
  "total_consultas": 62887,
  "total_partos_naturales": 15567,
  "total_partos_cesarea": 11443,
  "total_derivaciones_sr": 18,
  "total_derivaciones_inc": 0,
  "total_partos": 27010,
  "costo_medicos": 878941000.0,
  "costo_quirofano": 2565950000.0,
  "costo_sr_operacion": 2427930219.2044697,
  "costo_inc_operacion": 269300000.0,
  "CTM": 50483188.10305043,
  "costo_total_10_anios": 6142121219.20447,
  "CII": 20000000.0,
  "eventos_procesados": 299371,
  "tiempo_simulacion": 5256101.294481108,
  "G": 3,
  "SR": 24,
  "I": 15,
  "SC": 3
}