{
  "PEC_consultas": 0.08641598055455699,
  "PEC_partos_nat": 19.840401740971256,
  "PEC_partos_ces": 35.0876280837602,
  "PEC_general": 8.00797475431572,
  "UT_med": 0.1590635424821795,
  "UT_Q": 0.3094076165410204,
  "PTOSR": [
    1.0080557190019712,
    0.0,
    0.0,
    0.0,
    0.0,
    0.0,
    0.0,
    0.0,
    0.0,
    0.0,
    0.0,
    0.0,
    0.0,
    0.0,
    0.0,
    0.0,
    0.0,
    0.0,
    0.0,
    0.0,
    0.0,
    0.0,
    0.0,
    0.0
  ],
  "PTOSR_promedio": 0.042002321625082134,
  "PPDSR": 0.00014866572511707427,
  "PPDINC": 0.0,
  "total_pacientes_llegados": 89216,
  "total_pacientes_atendidos": 89215,
  "total_consultas": 62309,
  "total_partos_naturales": 15414,
  "total_partos_cesarea": 11492,
  "total_derivaciones_sr": 4,
  "total_derivaciones_inc": 0,
  "total_partos": 26906,
  "costo_medicos": 878257000.0,
  "costo_quirofano": 2556070000.0,
  "costo_sr_operacion": 2421245100.599024,
  "costo_inc_operacion": 268700000.0,
  "CTM": 50336483.018622115,
  "costo_total_10_anios": 6124272100.599024,
  "CII": 20000000.0,
  "eventos_procesados": 297224,
  "tiempo_simulacion": 5256001.623536132,
  "G": 3,
  "SR": 24,
  "I": 15,
  "SC": 3
}