{
  "PEC_consultas": 13.692541791107647,
  "PEC_partos_nat": 19.59618660708309,
  "PEC_partos_ces": 34.26129627618573,
  "PEC_general": 17.325688552475334,
  "UT_med": 0.15949475878609992,
  "UT_Q": 0.3094824432860748,
  "PTOSR": [
    1.0078077622470938,
    0.0,
    0.0,
    0.0,
    0.0,
    0.0,
    0.0,
    0.0,
    0.0,
    0.0,
    0.0,
    0.0,
    0.0,
    0.0,
    0.0,
    0.0,
    0.0,
    0.0,
    0.0,
    0.0,
    0.0,
    0.0,
    0.0,
    0.0
  ],
  "PTOSR_promedio": 0.04199199009362891,
  "PPDSR": 0.0005207558399047761,
  "PPDINC": 0.0,
  "total_pacientes_llegados": 89734,
  "total_pacientes_atendidos": 89733,
  "total_consultas": 62849,
  "total_partos_naturales": 15476,
  "total_partos_cesarea": 11408,
  "total_derivaciones_sr": 14,
  "total_derivaciones_inc": 0,
  "total_partos": 26884,
  "costo_medicos": 878257000.0,
  "costo_quirofano": 2553980000.0,
  "costo_sr_operacion": 2419384755.4006443,
  "costo_inc_operacion": 266700000.0,
  "CTM": 50287576.07178611,
  "costo_total_10_anios": 6118321755.400644,
  "CII": 20000000.0,
  "eventos_procesados": 298723,
  "tiempo_simulacion": 5256005.8800108265,
  "G": 3,
  "SR": 24,
  "I": 15,
  "SC": 3
}