{
  "PEC_consultas": 13.562075742557992,
  "PEC_partos_nat": 19.196298971037336,
  "PEC_partos_ces": 34.19785307944165,
  "PEC_general": 17.190584814714107,
  "UT_med": 0.15755333591725168,
  "UT_Q": 0.3060183495348528,
  "PTOSR": [
    1.0080093251465398,
    0.0,
    0.0,
    0.0,
    0.0,
    0.0,
    0.0,
    0.0,
    0.0,
    0.0,
    0.0,
    0.0,
    0.0,
    0.0,
    0.0,
    0.0,
    0.0,
    0.0,
    0.0,
    0.0,
    0.0,
    0.0,
    0.0,
    0.0
  ],
  "PTOSR_promedio": 0.042000388547772494,
  "PPDSR": 0.00030103480714957666,
  "PPDINC": 0.0,
  "total_pacientes_llegados": 88602,
  "total_pacientes_atendidos": 88599,
  "total_consultas": 62024,
  "total_partos_naturales": 15126,
  "total_partos_cesarea": 11449,
  "total_derivaciones_sr": 8,
  "total_derivaciones_inc": 0,
  "total_partos": 26575,
  "costo_medicos": 876547000.0,
  "costo_quirofano": 2524625000.0,
  "costo_sr_operacion": 2391305361.705862,
  "costo_inc_operacion": 271700000.0,
  "CTM": 49842553.6578564,
  "costo_total_10_anios": 6064177361.705862,
  "CII": 20000000.0,
  "eventos_procesados": 295079,
  "tiempo_simulacion": 5256019.245899972,
  "G": 3,
  "SR": 24,
  "I": 15,
  "SC": 3
}