{
  "PEC_consultas": 14.909621908791697,
  "PEC_partos_nat": 19.35319396008959,
  "PEC_partos_ces": 35.14886678689376,
  "PEC_general": 18.304601822598837,
  "UT_med": 0.15786726505770543,
  "UT_Q": 0.30808483682667,
  "PTOSR": [
    1.00759412124756,
    0.0,
    0.0,
    0.0,
    0.0,
    0.0,
    0.0,
    0.0,
    0.0,
    0.0,
    0.0,
    0.0,
    0.0,
    0.0,
    0.0,
    0.0,
    0.0,
    0.0,
    0.0,
    0.0,
    0.0,
    0.0,
    0.0,
    0.0
  ],
  "PTOSR_promedio": 0.041983088385315004,
  "PPDSR": 0.000747077060998842,
  "PPDINC": 0.0,
  "total_pacientes_llegados": 88495,
  "total_pacientes_atendidos": 88494,
  "total_consultas": 61723,
  "total_partos_naturales": 15282,
  "total_partos_cesarea": 11489,
  "total_derivaciones_sr": 20,
  "total_derivaciones_inc": 0,
  "total_partos": 26771,
  "costo_medicos": 877573000.0,
  "costo_quirofano": 2543245000.0,
  "costo_sr_operacion": 2406108903.9473815,
  "costo_inc_operacion": 261900000.0,
  "CTM": 50045152.63518396,
  "costo_total_10_anios": 6088826903.947382,
  "CII": 20000000.0,
  "eventos_procesados": 294847,
  "tiempo_simulacion": 5256202.125042976,
  "G": 3,
  "SR": 24,
  "I": 15,
  "SC": 3
}