{
  "PEC_consultas": 0.08085303864537312,
  "PEC_partos_nat": 18.954829167985412,
  "PEC_partos_ces": 33.432758171862375,
  "PEC_general": 7.559759434611665,
  "UT_med": 0.1585273727027652,
  "UT_Q": 0.30718429172189776,
  "PTOSR": [
    1.0080043165195647,
    0.0,
    0.0,
    0.0,
    0.0,
    0.0,
    0.0,
    0.0,
    0.0,
    0.0,
    0.0,
    0.0,
    0.0,
    0.0,
    0.0,
    0.0,
    0.0,
    0.0,
    0.0,
    0.0,
    0.0,
    0.0,
    0.0,
    0.0
  ],
  "PTOSR_promedio": 0.04200017985498186,
  "PPDSR": 3.748125937031484e-05,
  "PPDINC": 0.0,
  "total_pacientes_llegados": 89368,
  "total_pacientes_atendidos": 89366,
  "total_consultas": 62686,
  "total_partos_naturales": 15297,
  "total_partos_cesarea": 11383,
  "total_derivaciones_sr": 1,
  "total_derivaciones_inc": 0,
  "total_partos": 26680,
  "costo_medicos": 877060000.0,
  "costo_quirofano": 2534600000.0,
  "costo_sr_operacion": 2402819471.4133973,
  "costo_inc_operacion": 272500000.0,
  "CTM": 50029968.2581923,
  "costo_total_10_anios": 6086979471.413397,
  "CII": 20000000.0,
  "eventos_procesados": 297497,
  "tiempo_simulacion": 5256005.619096038,
  "G": 3,
  "SR": 24,
  "I": 15,
  "SC": 3
}