{
  "PEC_consultas": 0.08981101460860672,
  "PEC_partos_nat": 19.00085257935291,
  "PEC_partos_ces": 35.34812604217102,
  "PEC_general": 7.86427748709577,
  "UT_med": 0.1596560559234668,
  "UT_Q": 0.3103012676083474,
  "PTOSR": [
    1.0078037663279504,
    0.0,
    0.0,
    0.0,
    0.0,
    0.0,
    0.0,
    0.0,
    0.0,
    0.0,
    0.0,
    0.0,
    0.0,
    0.0,
    0.0,
    0.0,
    0.0,
    0.0,
    0.0,
    0.0,
    0.0,
    0.0,
    0.0,
    0.0
  ],
  "PTOSR_promedio": 0.041991823596997935,
  "PPDSR": 0.00044528553935210954,
  "PPDINC": 0.0,
  "total_pacientes_llegados": 89936,
  "total_pacientes_atendidos": 89935,
  "total_consultas": 62986,
  "total_partos_naturales": 15353,
  "total_partos_cesarea": 11596,
  "total_derivaciones_sr": 12,
  "total_derivaciones_inc": 0,
  "total_partos": 26949,
  "costo_medicos": 878599000.0,
  "costo_quirofano": 2560155000.0,
  "costo_sr_operacion": 2422222815.20193,
  "costo_inc_operacion": 282000000.0,
  "CTM": 50490220.39891997,
  "costo_total_10_anios": 6142976815.20193,
  "CII": 20000000.0,
  "eventos_procesados": 299553,
  "tiempo_simulacion": 5256016.361050574,
  "G": 3,
  "SR": 24,
  "I": 15,
  "SC": 3
}