{
  "PEC_consultas": 0.0838549768866038,
  "PEC_partos_nat": 19.10981195548076,
  "PEC_partos_ces": 35.715970118181964,
  "PEC_general": 8.000721004343825,
  "UT_med": 0.15826191867775855,
  "UT_Q": 0.30894295393659527,
  "PTOSR": [
    1.00792591179596,
    0.0,
    0.0,
    0.0,
    0.0,
    0.0,
    0.0,
    0.0,
    0.0,
    0.0,
    0.0,
    0.0,
    0.0,
    0.0,
    0.0,
    0.0,
    0.0,
    0.0,
    0.0,
    0.0,
    0.0,
    0.0,
    0.0,
    0.0
  ],
  "PTOSR_promedio": 0.04199691299149833,
  "PPDSR": 0.0004842975822374548,
  "PPDINC": 0.0,
  "total_pacientes_llegados": 88554,
  "total_pacientes_atendidos": 88554,
  "total_consultas": 61711,
  "total_partos_naturales": 15380,
  "total_partos_cesarea": 11463,
  "total_derivaciones_sr": 13,
  "total_derivaciones_inc": 0,
  "total_partos": 26843,
  "costo_medicos": 877915000.0,
  "costo_quirofano": 2550085000.0,
  "costo_sr_operacion": 2412431383.2510777,
  "costo_inc_operacion": 273100000.0,
  "CTM": 50248203.15000886,
  "costo_total_10_anios": 6113531383.251078,
  "CII": 20000000.0,
  "eventos_procesados": 295214,
  "tiempo_simulacion": 5256005.379024803,
  "G": 3,
  "SR": 24,
  "I": 15,
  "SC": 3
}