{
  "PEC_consultas": 0.08314267757617186,
  "PEC_partos_nat": 19.272661719498174,
  "PEC_partos_ces": 36.43402312054162,
  "PEC_general": 8.079411060565668,
  "UT_med": 0.1592522428214918,
  "UT_Q": 0.30952616589969667,
  "PTOSR": [
    1.0075981448680655,
    0.0,
    0.0,
    0.0,
    0.0,
    0.0,
    0.0,
    0.0,
    0.0,
    0.0,
    0.0,
    0.0,
    0.0,
    0.0,
    0.0,
    0.0,
    0.0,
    0.0,
    0.0,
    0.0,
    0.0,
    0.0,
    0.0,
    0.0
  ],
  "PTOSR_promedio": 0.0419832560361694,
  "PPDSR": 0.0005572686406360292,
  "PPDINC": 0.0,
  "total_pacientes_llegados": 89606,
  "total_pacientes_atendidos": 89605,
  "total_consultas": 62688,
  "total_partos_naturales": 15264,
  "total_partos_cesarea": 11653,
  "total_derivaciones_sr": 15,
  "total_derivaciones_inc": 0,
  "total_partos": 26917,
  "costo_medicos": 878428000.0,
  "costo_quirofano": 2557115000.0,
  "costo_sr_operacion": 2419468266.026768,
  "costo_inc_operacion": 264200000.0,
  "CTM": 50294887.11802822,
  "costo_total_10_anios": 6119211266.026768,
  "CII": 20000000.0,
  "eventos_procesados": 298355,
  "tiempo_simulacion": 5256020.69836058,
  "G": 3,
  "SR": 24,
  "I": 15,
  "SC": 3
}