{
  "PEC_consultas": 15.366163344245242,
  "PEC_partos_nat": 19.801413150299283,
  "PEC_partos_ces": 36.225515795622215,
  "PEC_general": 18.784333489169587,
  "UT_med": 0.16151280751132943,
  "UT_Q": 0.31336262240445706,
  "PTOSR": [
    1.0077399225529498,
    0.0,
    0.0,
    0.0,
    0.0,
    0.0,
    0.0,
    0.0,
    0.0,
    0.0,
    0.0,
    0.0,
    0.0,
    0.0,
    0.0,
    0.0,
    0.0,
    0.0,
    0.0,
    0.0,
    0.0,
    0.0,
    0.0,
    0.0
  ],
  "PTOSR_promedio": 0.04198916343970624,
  "PPDSR": 0.0008814131991626574,
  "PPDINC": 0.0,
  "total_pacientes_llegados": 90953,
  "total_pacientes_atendidos": 90953,
  "total_consultas": 63724,
  "total_partos_naturales": 15653,
  "total_partos_cesarea": 11576,
  "total_derivaciones_sr": 24,
  "total_derivaciones_inc": 0,
  "total_partos": 27229,
  "costo_medicos": 880138000.0,
  "costo_quirofano": 2586755000.0,
  "costo_sr_operacion": 2445924195.293253,
  "costo_inc_operacion": 266100000.0,
  "CTM": 50785620.78323221,
  "costo_total_10_anios": 6178917195.293253,
  "CII": 20000000.0,
  "eventos_procesados": 302705,
  "tiempo_simulacion": 5256004.461485529,
  "G": 3,
  "SR": 24,
  "I": 15,
  "SC": 3
}