{
  "PEC_consultas": 0.08078003859356003,
  "PEC_partos_nat": 19.46658021525908,
  "PEC_partos_ces": 37.24337537219157,
  "PEC_general": 8.172296480200801,
  "UT_med": 0.16018332703779978,
  "UT_Q": 0.3113833921247775,
  "PTOSR": [
    1.007789653583399,
    0.0,
    0.0,
    0.0,
    0.0,
    0.0,
    0.0,
    0.0,
    0.0,
    0.0,
    0.0,
    0.0,
    0.0,
    0.0,
    0.0,
    0.0,
    0.0,
    0.0,
    0.0,
    0.0,
    0.0,
    0.0,
    0.0,
    0.0
  ],
  "PTOSR_promedio": 0.041991235565974956,
  "PPDSR": 0.0007395355716609969,
  "PPDINC": 0.0,
  "total_pacientes_llegados": 90218,
  "total_pacientes_atendidos": 90218,
  "total_consultas": 63174,
  "total_partos_naturales": 15471,
  "total_partos_cesarea": 11573,
  "total_derivaciones_sr": 20,
  "total_derivaciones_inc": 0,
  "total_partos": 27044,
  "costo_medicos": 879112000.0,
  "costo_quirofano": 2569180000.0,
  "costo_sr_operacion": 2429392706.8618064,
  "costo_inc_operacion": 264300000.0,
  "CTM": 50482066.083795674,
  "costo_total_10_anios": 6141984706.861807,
  "CII": 20000000.0,
  "eventos_procesados": 300307,
  "tiempo_simulacion": 5256002.536882284,
  "G": 3,
  "SR": 24,
  "I": 15,
  "SC": 3
}