{
  "PEC_consultas": 0.08546153729473248,
  "PEC_partos_nat": 19.857944986000632,
  "PEC_partos_ces": 35.683679802831996,
  "PEC_general": 8.057762265678706,
  "UT_med": 0.15955023981281566,
  "UT_Q": 0.31016070767453724,
  "PTOSR": [
    1.0077321713200085,
    0.0,
    0.0,
    0.0,
    0.0,
    0.0,
    0.0,
    0.0,
    0.0,
    0.0,
    0.0,
    0.0,
    0.0,
    0.0,
    0.0,
    0.0,
    0.0,
    0.0,
    0.0,
    0.0,
    0.0,
    0.0,
    0.0,
    0.0
  ],
  "PTOSR_promedio": 0.04198884047166702,
  "PPDSR": 0.0006675567423230974,
  "PPDINC": 0.0,
  "total_pacientes_llegados": 89735,
  "total_pacientes_atendidos": 89735,
  "total_consultas": 62771,
  "total_partos_naturales": 15448,
  "total_partos_cesarea": 11516,
  "total_derivaciones_sr": 18,
  "total_derivaciones_inc": 0,
  "total_partos": 26964,
  "costo_medicos": 878599000.0,
  "costo_quirofano": 2561580000.0,
  "costo_sr_operacion": 2425836821.2173395,
  "costo_inc_operacion": 266700000.0,
  "CTM": 50405883.462060325,
  "costo_total_10_anios": 6132715821.2173395,
  "CII": 20000000.0,
  "eventos_procesados": 298807,
  "tiempo_simulacion": 5256102.0880269315,
  "G": 3,
  "SR": 24,
  "I": 15,
  "SC": 3
}