{
  "PEC_consultas": 0.08608385511156393,
  "PEC_partos_nat": 19.32100652704661,
  "PEC_partos_ces": 35.48020931210875,
  "PEC_general": 7.977104839475567,
  "UT_med": 0.1600469809412735,
  "UT_Q": 0.31158434575279775,
  "PTOSR": [
    1.0078874330325893,
    0.0,
    0.0,
    0.0,
    0.0,
    0.0,
    0.0,
    0.0,
    0.0,
    0.0,
    0.0,
    0.0,
    0.0,
    0.0,
    0.0,
    0.0,
    0.0,
    0.0,
    0.0,
    0.0,
    0.0,
    0.0,
    0.0,
    0.0
  ],
  "PTOSR_promedio": 0.041995309709691224,
  "PPDSR": 0.00044350814946224635,
  "PPDINC": 0.0,
  "total_pacientes_llegados": 89932,
  "total_pacientes_atendidos": 89931,
  "total_consultas": 62874,
  "total_partos_naturales": 15348,
  "total_partos_cesarea": 11709,
  "total_derivaciones_sr": 12,
  "total_derivaciones_inc": 0,
  "total_partos": 27057,
  "costo_medicos": 879112000.0,
  "costo_quirofano": 2570415000.0,
  "costo_sr_operacion": 2431784918.3348055,
  "costo_inc_operacion": 271000000.0,
  "CTM": 50566947.2739847,
  "costo_total_10_anios": 6152311918.3348055,
  "CII": 20000000.0,
  "eventos_procesados": 299540,
  "tiempo_simulacion": 5256052.645092442,
  "G": 3,
  "SR": 24,
  "I": 15,
  "SC": 3
}