{
  "nombre": "MEJOR",
  "configuracion": {
    "G": 3,
    "SC": 3,
    "SR": 24,
    "I": 15,
    "descripcion": "Configuración optimizada que minimiza costos manteniendo calidad"
  },
  "num_replicas": 30,
  "indicadores": {
    "PEC_consultas": {
      "media": 0.08393622284360215,
      "std": 0.003385277803190695,
      "ic_95": [
        0.08272481673966582,
        0.08514762894753848
      ],
      "min": 0.07613328782756201,
      "max": 0.08981101460860672
    },
    "PEC_partos_nat": {
      "media": 19.460725096532016,
      "std": 0.39423389350913524,
      "ic_95": [
        19.319650309545427,
        19.601799883518606
      ],
      "min": 18.822238301769573,
      "max": 20.001493078282195
    },
    "PEC_partos_ces": {
      "media": 35.245761094706296,
      "std": 0.9941730008111466,
      "ic_95": [
        34.89000085534981,
        35.60152133406278
      ],
      "min": 33.432758171862375,
      "max": 37.27896537277773
    },
    "PEC_general": {
      "media": 7.9336513751751,
      "std": 0.18658908584831474,
      "ic_95": [
        7.866881328323552,
        8.000421422026648
      ],
      "min": 7.534706329139698,
      "max": 8.280254024809574
    },
    "UT_med": {
      "media": 0.15916888203876906,
      "std": 0.0011465873649520765,
      "ic_95": [
        0.15875858101966508,
        0.15957918305787303
      ],
      "min": 0.15688682847168628,
      "max": 0.16132523399563023
    },
    "UT_Q": {
      "media": 0.30928652140959884,
      "std": 0.0025389649189547,
      "ic_95": [
        0.3083779644818327,
        0.310195078337365
      ],
      "min": 0.30368472292895154,
      "max": 0.31429099527571486
    },
    "PTOSR_promedio": {
      "media": 0.04199241009361429,
      "std": 7.6012090274727824e-06,
      "ic_95": [
        0.04198969003589717,
        0.04199513015133141
      ],
      "min": 0.041975773362672573,
      "max": 0.0420068212470333
    },
    "PPDSR": {
      "media": 0.000511560531447285,
      "std": 0.0002525029741530942,
      "ic_95": [
        0.0004212035025904999,
        0.0006019175603040702
      ],
      "min": 3.748125937031484e-05,
      "max": 0.001195769963753223
    },
    "PPDINC": {
      "media": 0.0,
      "std": 0.0,
      "ic_95": [
        0.0,
        0.0
      ],
      "min": 0.0,
      "max": 0.0
    },
    "CTM": {
      "media": 50271790.012926534,
      "std": 345999.43041064823,
      "ic_95": [
        50147975.70688556,
        50395604.31896751
      ],
      "min": 49454159.38168444,
      "max": 50893376.06218274
    },
    "CII": {
      "media": 20000000.0,
      "std": 0.0,
      "ic_95": [
        20000000.0,
        20000000.0
      ],
      "min": 20000000.0,
      "max": 20000000.0
    },
    "total_pacientes_llegados": {
      "media": 89530.8,
      "std": 607.2902163682136,
      "ic_95": [
        89313.48398703472,
        89748.11601296529
      ],
      "min": 88487.0,
      "max": 90728.0
    },
    "total_pacientes_atendidos": {
      "media": 89529.9,
      "std": 607.4701269794374,
      "ic_95": [
        89312.51960684931,
        89747.28039315068
      ],
      "min": 88486.0,
      "max": 90728.0
    },
    "total_derivaciones_sr": {
      "media": 13.766666666666667,
      "std": 6.811163925716992,
      "ic_95": [
        11.329322958345983,
        16.20401037498735
      ],
      "min": 1.0,
      "max": 32.0
    },
    "total_derivaciones_inc": {
      "media": 0.0,
      "std": 0.0,
      "ic_95": [
        0.0,
        0.0
      ],
      "min": 0.0,
      "max": 0.0
    }
  }
}