{
  "PEC_consultas": 83.2277307995228,
  "PEC_partos_nat": 22.216668198996945,
  "PEC_partos_ces": 39.27017287859882,
  "PEC_general": 67.21287681039657,
  "UT_med": 0.47153783276636435,
  "UT_Q": 0.3043978887103624,
  "PTOSR": [
    0.9602053315907987,
    0.0,
    0.0,
    0.0,
    0.0,
    0.0,
    0.0,
    0.0,
    0.0,
    0.0,
    0.0,
    0.0,
    0.0,
    0.0,
    0.0
  ],
  "PTOSR_promedio": 0.06401368877271991,
  "PPDSR": 0.05811623246492986,
  "PPDINC": 0.0019091256204658267,
  "total_pacientes_llegados": 88605,
  "total_pacientes_atendidos": 88605,
  "total_consultas": 62158,
  "total_partos_naturales": 15038,
  "total_partos_cesarea": 11409,
  "total_derivaciones_sr": 1537,
  "total_derivaciones_inc": 5,
  "total_partos": 26447,
  "costo_medicos": 291954333.3333334,
  "costo_quirofano": 2512465000.0,
  "costo_sr_operacion": 2239336679.1992517,
  "costo_inc_operacion": 261300000.0,
  "CTM": 43603200.10300755,
  "costo_total_10_anios": 5305056012.532585,
  "CII": 0.0,
  "eventos_procesados": 293331,
  "tiempo_simulacion": 5256133.8206964275,
  "G": 1,
  "SR": 15,
  "I": 10,
  "SC": 1
}