{
  "PEC_consultas": 83.23795812949386,
  "PEC_partos_nat": 21.545177019436508,
  "PEC_partos_ces": 40.98277198421695,
  "PEC_general": 67.14281049086316,
  "UT_med": 0.47995926973047576,
  "UT_Q": 0.3113884714115975,
  "PTOSR": [
    0.9588480629329498,
    0.0,
    0.0,
    0.0,
    0.0,
    0.0,
    0.0,
    0.0,
    0.0,
    0.0,
    0.0,
    0.0,
    0.0,
    0.0,
    0.0
  ],
  "PTOSR_promedio": 0.06392320419552998,
  "PPDSR": 0.05882135735913153,
  "PPDINC": 0.001440922190201729,
  "total_pacientes_llegados": 89783,
  "total_pacientes_atendidos": 89782,
  "total_consultas": 62700,
  "total_partos_naturales": 15470,
  "total_partos_cesarea": 11612,
  "total_derivaciones_sr": 1593,
  "total_derivaciones_inc": 4,
  "total_partos": 27082,
  "costo_medicos": 293094333.3333334,
  "costo_quirofano": 2572790000.0,
  "costo_sr_operacion": 2294004375.7775335,
  "costo_inc_operacion": 277000000.0,
  "CTM": 44686756.513239995,
  "costo_total_10_anios": 5436888709.110867,
  "CII": 0.0,
  "eventos_procesados": 297602,
  "tiempo_simulacion": 5256054.096845513,
  "G": 1,
  "SR": 15,
  "I": 10,
  "SC": 1
}