{
  "PEC_consultas": 84.54579721746343,
  "PEC_partos_nat": 22.002120496040952,
  "PEC_partos_ces": 40.489959960350994,
  "PEC_general": 68.0721775641452,
  "UT_med": 0.4829029004132445,
  "UT_Q": 0.3135963736608853,
  "PTOSR": [
    0.9599699146047267,
    0.0,
    0.0,
    0.0,
    0.0,
    0.0,
    0.0,
    0.0,
    0.0,
    0.0,
    0.0,
    0.0,
    0.0,
    0.0,
    0.0
  ],
  "PTOSR_promedio": 0.06399799430698178,
  "PPDSR": 0.0556432372912461,
  "PPDINC": 0.0007479431563201197,
  "total_pacientes_llegados": 90237,
  "total_pacientes_atendidos": 90237,
  "total_consultas": 62992,
  "total_partos_naturales": 15482,
  "total_partos_cesarea": 11763,
  "total_derivaciones_sr": 1516,
  "total_derivaciones_inc": 2,
  "total_partos": 27245,
  "costo_medicos": 293379333.3333334,
  "costo_quirofano": 2588275000.0,
  "costo_sr_operacion": 2312165145.587995,
  "costo_inc_operacion": 266800000.0,
  "CTM": 44881803.936339684,
  "costo_total_10_anios": 5460619478.921329,
  "CII": 0.0,
  "eventos_procesados": 299096,
  "tiempo_simulacion": 5256002.2664515395,
  "G": 1,
  "SR": 15,
  "I": 10,
  "SC": 1
}