{
  "PEC_consultas": 84.4576178203862,
  "PEC_partos_nat": 21.767199566265223,
  "PEC_partos_ces": 40.17838444677745,
  "PEC_general": 67.84060942928953,
  "UT_med": 0.48210596358704033,
  "UT_Q": 0.3137935910958001,
  "PTOSR": [
    0.9583357744584934,
    0.0,
    0.0,
    0.0,
    0.0,
    0.0,
    0.0,
    0.0,
    0.0,
    0.0,
    0.0,
    0.0,
    0.0,
    0.0,
    0.0
  ],
  "PTOSR_promedio": 0.06388905163056623,
  "PPDSR": 0.05886233690074769,
  "PPDINC": 0.0018241517694272164,
  "total_pacientes_llegados": 89979,
  "total_pacientes_atendidos": 89979,
  "total_consultas": 62695,
  "total_partos_naturales": 15592,
  "total_partos_cesarea": 11692,
  "total_derivaciones_sr": 1606,
  "total_derivaciones_inc": 5,
  "total_partos": 27284,
  "costo_medicos": 293493333.3333334,
  "costo_quirofano": 2591980000.0,
  "costo_sr_operacion": 2309924386.822097,
  "costo_inc_operacion": 273600000.0,
  "CTM": 44950666.19305833,
  "costo_total_10_anios": 5468997720.15543,
  "CII": 0.0,
  "eventos_procesados": 298351,
  "tiempo_simulacion": 5256432.86851282,
  "G": 1,
  "SR": 15,
  "I": 10,
  "SC": 1
}