{
  "PEC_consultas": 84.43909297955979,
  "PEC_partos_nat": 21.7881608180786,
  "PEC_partos_ces": 39.42484146563203,
  "PEC_general": 67.87045840522475,
  "UT_med": 0.47835953184890484,
  "UT_Q": 0.3103997255303645,
  "PTOSR": [
    0.9621301930480795,
    0.0,
    0.0,
    0.0,
    0.0,
    0.0,
    0.0,
    0.0,
    0.0,
    0.0,
    0.0,
    0.0,
    0.0,
    0.0,
    0.0
  ],
  "PTOSR_promedio": 0.06414201286987196,
  "PPDSR": 0.05517855156302147,
  "PPDINC": 0.0011082379017362395,
  "total_pacientes_llegados": 89632,
  "total_pacientes_atendidos": 89631,
  "total_consultas": 62664,
  "total_partos_naturales": 15375,
  "total_partos_cesarea": 11592,
  "total_derivaciones_sr": 1488,
  "total_derivaciones_inc": 3,
  "total_partos": 26967,
  "costo_medicos": 292866333.3333334,
  "costo_quirofano": 2561865000.0,
  "costo_sr_operacion": 2292319881.780515,
  "costo_inc_operacion": 270100000.0,
  "CTM": 44524530.53518232,
  "costo_total_10_anios": 5417151215.113849,
  "CII": 0.0,
  "eventos_procesados": 297064,
  "tiempo_simulacion": 5256071.846795529,
  "G": 1,
  "SR": 15,
  "I": 10,
  "SC": 1
}