{
  "PEC_consultas": 80.019146454749,
  "PEC_partos_nat": 21.879852808112542,
  "PEC_partos_ces": 38.758816099924836,
  "PEC_general": 64.89533134418377,
  "UT_med": 0.47487720104922354,
  "UT_Q": 0.30614888460318074,
  "PTOSR": [
    0.964428215460523,
    0.0,
    0.0,
    0.0,
    0.0,
    0.0,
    0.0,
    0.0,
    0.0,
    0.0,
    0.0,
    0.0,
    0.0,
    0.0,
    0.0
  ],
  "PTOSR_promedio": 0.06429521436403487,
  "PPDSR": 0.05195831295383573,
  "PPDINC": 0.0018839487565938207,
  "total_pacientes_llegados": 89276,
  "total_pacientes_atendidos": 89274,
  "total_consultas": 62695,
  "total_partos_naturales": 15019,
  "total_partos_cesarea": 11560,
  "total_derivaciones_sr": 1381,
  "total_derivaciones_inc": 5,
  "total_partos": 26579,
  "costo_medicos": 292182333.3333334,
  "costo_quirofano": 2525005000.0,
  "costo_sr_operacion": 2264687404.076412,
  "costo_inc_operacion": 264300000.0,
  "CTM": 43941162.22528558,
  "costo_total_10_anios": 5346174737.409746,
  "CII": 0.0,
  "eventos_procesados": 295657,
  "tiempo_simulacion": 5256002.1489252085,
  "G": 1,
  "SR": 15,
  "I": 10,
  "SC": 1
}