{
  "PEC_consultas": 85.31358528932158,
  "PEC_partos_nat": 21.41423667743043,
  "PEC_partos_ces": 40.117219003846834,
  "PEC_general": 68.60362141881882,
  "UT_med": 0.4731931649701101,
  "UT_Q": 0.30577967500511,
  "PTOSR": [
    0.9617246735214948,
    0.0,
    0.0,
    0.0,
    0.0,
    0.0,
    0.0,
    0.0,
    0.0,
    0.0,
    0.0,
    0.0,
    0.0,
    0.0,
    0.0
  ],
  "PTOSR_promedio": 0.06411497823476632,
  "PPDSR": 0.055839855508729684,
  "PPDINC": 0.0007716049382716049,
  "total_pacientes_llegados": 88872,
  "total_pacientes_atendidos": 88871,
  "total_consultas": 62295,
  "total_partos_naturales": 15179,
  "total_partos_cesarea": 11397,
  "total_derivaciones_sr": 1484,
  "total_derivaciones_inc": 2,
  "total_partos": 26576,
  "costo_medicos": 292182333.3333334,
  "costo_quirofano": 2524720000.0,
  "costo_sr_operacion": 2258201994.8666873,
  "costo_inc_operacion": 258700000.0,
  "CTM": 43839487.62904126,
  "costo_total_10_anios": 5333804328.200021,
  "CII": 0.0,
  "eventos_procesados": 294288,
  "tiempo_simulacion": 5256014.93336349,
  "G": 1,
  "SR": 15,
  "I": 10,
  "SC": 1
}