{
  "PEC_consultas": 84.95546684773998,
  "PEC_partos_nat": 21.00079201199928,
  "PEC_partos_ces": 40.35474332159709,
  "PEC_general": 68.25900803231056,
  "UT_med": 0.4743485155106285,
  "UT_Q": 0.30716096274537086,
  "PTOSR": [
    0.9625014743667363,
    0.0,
    0.0,
    0.0,
    0.0,
    0.0,
    0.0,
    0.0,
    0.0,
    0.0,
    0.0,
    0.0,
    0.0,
    0.0,
    0.0
  ],
  "PTOSR_promedio": 0.06416676495778242,
  "PPDSR": 0.05489769916810312,
  "PPDINC": 0.000361794500723589,
  "total_pacientes_llegados": 88821,
  "total_pacientes_atendidos": 88819,
  "total_consultas": 62133,
  "total_partos_naturales": 15126,
  "total_partos_cesarea": 11560,
  "total_derivaciones_sr": 1465,
  "total_derivaciones_inc": 1,
  "total_partos": 26686,
  "costo_medicos": 292353333.3333334,
  "costo_quirofano": 2535170000.0,
  "costo_sr_operacion": 2270601824.647727,
  "costo_inc_operacion": 275800000.0,
  "CTM": 44169247.87381693,
  "costo_total_10_anios": 5373925157.98106,
  "CII": 0.0,
  "eventos_procesados": 294426,
  "tiempo_simulacion": 5256005.077355154,
  "G": 1,
  "SR": 15,
  "I": 10,
  "SC": 1
}