{
  "PEC_consultas": 84.33543603218264,
  "PEC_partos_nat": 21.574142032686943,
  "PEC_partos_ces": 39.75283836964185,
  "PEC_general": 67.79289987711873,
  "UT_med": 0.47455413188582685,
  "UT_Q": 0.30775399073109144,
  "PTOSR": [
    0.959106292445906,
    0.0,
    0.0,
    0.0,
    0.0,
    0.0,
    0.0,
    0.0,
    0.0,
    0.0,
    0.0,
    0.0,
    0.0,
    0.0,
    0.0
  ],
  "PTOSR_promedio": 0.06394041949639373,
  "PPDSR": 0.05859929740638314,
  "PPDINC": 0.0015226494099733537,
  "total_pacientes_llegados": 88952,
  "total_pacientes_atendidos": 88951,
  "total_consultas": 62193,
  "total_partos_naturales": 15322,
  "total_partos_cesarea": 11436,
  "total_derivaciones_sr": 1568,
  "total_derivaciones_inc": 4,
  "total_partos": 26758,
  "costo_medicos": 292524333.3333334,
  "costo_quirofano": 2542010000.0,
  "costo_sr_operacion": 2269246192.878604,
  "costo_inc_operacion": 262100000.0,
  "CTM": 44103127.61270085,
  "costo_total_10_anios": 5365880526.211937,
  "CII": 0.0,
  "eventos_procesados": 294658,
  "tiempo_simulacion": 5256071.231461404,
  "G": 1,
  "SR": 15,
  "I": 10,
  "SC": 1
}