{
  "PEC_consultas": 84.22318180334103,
  "PEC_partos_nat": 22.38965159298281,
  "PEC_partos_ces": 41.00361979257168,
  "PEC_general": 68.08380072909735,
  "UT_med": 0.48175120218478634,
  "UT_Q": 0.3116140873418036,
  "PTOSR": [
    0.9599139069939246,
    0.0,
    0.0,
    0.0,
    0.0,
    0.0,
    0.0,
    0.0,
    0.0,
    0.0,
    0.0,
    0.0,
    0.0,
    0.0,
    0.0
  ],
  "PTOSR_promedio": 0.06399426046626164,
  "PPDSR": 0.058389038667503786,
  "PPDINC": 0.001091703056768559,
  "total_pacientes_llegados": 90353,
  "total_pacientes_atendidos": 90349,
  "total_consultas": 63272,
  "total_partos_naturales": 15468,
  "total_partos_cesarea": 11609,
  "total_derivaciones_sr": 1581,
  "total_derivaciones_inc": 3,
  "total_partos": 27077,
  "costo_medicos": 293094333.3333334,
  "costo_quirofano": 2572315000.0,
  "costo_sr_operacion": 2291721586.8352485,
  "costo_inc_operacion": 274100000.0,
  "CTM": 44640254.13837191,
  "costo_total_10_anios": 5431230920.168582,
  "CII": 0.0,
  "eventos_procesados": 299281,
  "tiempo_simulacion": 5256035.877802851,
  "G": 1,
  "SR": 15,
  "I": 10,
  "SC": 1
}