{
  "PEC_consultas": 85.20181259059001,
  "PEC_partos_nat": 21.746199243076074,
  "PEC_partos_ces": 40.6336507216492,
  "PEC_general": 68.55525629408216,
  "UT_med": 0.47339093925424464,
  "UT_Q": 0.3072226817037818,
  "PTOSR": [
    0.9615724859776038,
    0.0,
    0.0,
    0.0,
    0.0,
    0.0,
    0.0,
    0.0,
    0.0,
    0.0,
    0.0,
    0.0,
    0.0,
    0.0,
    0.0
  ],
  "PTOSR_promedio": 0.06410483239850692,
  "PPDSR": 0.055168539325842696,
  "PPDINC": 0.0007434944237918215,
  "total_pacientes_llegados": 88718,
  "total_pacientes_atendidos": 88717,
  "total_consultas": 62017,
  "total_partos_naturales": 15188,
  "total_partos_cesarea": 11512,
  "total_derivaciones_sr": 1473,
  "total_derivaciones_inc": 2,
  "total_partos": 26700,
  "costo_medicos": 292410333.3333334,
  "costo_quirofano": 2536500000.0,
  "costo_sr_operacion": 2267425953.2291408,
  "costo_inc_operacion": 268600000.0,
  "CTM": 44095366.73886965,
  "costo_total_10_anios": 5364936286.562474,
  "CII": 0.0,
  "eventos_procesados": 294061,
  "tiempo_simulacion": 5256042.573745945,
  "G": 1,
  "SR": 15,
  "I": 10,
  "SC": 1
}