{
  "PEC_consultas": 85.31052791086445,
  "PEC_partos_nat": 22.337081968422908,
  "PEC_partos_ces": 40.5725583591232,
  "PEC_general": 68.8497399216762,
  "UT_med": 0.47235034492579764,
  "UT_Q": 0.30538835224014377,
  "PTOSR": [
    0.9630745511650682,
    0.0,
    0.0,
    0.0,
    0.0,
    0.0,
    0.0,
    0.0,
    0.0,
    0.0,
    0.0,
    0.0,
    0.0,
    0.0,
    0.0
  ],
  "PTOSR_promedio": 0.06420497007767122,
  "PPDSR": 0.0525621205836884,
  "PPDINC": 0.00037023324694557573,
  "total_pacientes_llegados": 88703,
  "total_pacientes_atendidos": 88694,
  "total_consultas": 62173,
  "total_partos_naturales": 14997,
  "total_partos_cesarea": 11524,
  "total_derivaciones_sr": 1394,
  "total_derivaciones_inc": 1,
  "total_partos": 26521,
  "costo_medicos": 292068333.3333334,
  "costo_quirofano": 2519495000.0,
  "costo_sr_operacion": 2257352458.784212,
  "costo_inc_operacion": 269900000.0,
  "CTM": 43880677.74343188,
  "costo_total_10_anios": 5338815792.117546,
  "CII": 0.0,
  "eventos_procesados": 293902,
  "tiempo_simulacion": 5256011.574848526,
  "G": 1,
  "SR": 15,
  "I": 10,
  "SC": 1
}