{
  "PEC_consultas": 85.27847334547268,
  "PEC_partos_nat": 22.296150674905714,
  "PEC_partos_ces": 42.0924080064019,
  "PEC_general": 68.7717154573952,
  "UT_med": 0.4842207365772103,
  "UT_Q": 0.31495084317125077,
  "PTOSR": [
    0.9590462266856854,
    0.0,
    0.0,
    0.0,
    0.0,
    0.0,
    0.0,
    0.0,
    0.0,
    0.0,
    0.0,
    0.0,
    0.0,
    0.0,
    0.0
  ],
  "PTOSR_promedio": 0.06393641511237903,
  "PPDSR": 0.058627873825797726,
  "PPDINC": 0.002936857562408223,
  "total_pacientes_llegados": 90311,
  "total_pacientes_atendidos": 90310,
  "total_consultas": 62951,
  "total_partos_naturales": 15619,
  "total_partos_cesarea": 11740,
  "total_derivaciones_sr": 1604,
  "total_derivaciones_inc": 8,
  "total_partos": 27359,
  "costo_medicos": 293607333.3333334,
  "costo_quirofano": 2599105000.0,
  "costo_sr_operacion": 2317246246.292433,
  "costo_inc_operacion": 271400000.0,
  "CTM": 45052262.29829397,
  "costo_total_10_anios": 5481358579.625767,
  "CII": 0.0,
  "eventos_procesados": 299386,
  "tiempo_simulacion": 5256005.440328361,
  "G": 1,
  "SR": 15,
  "I": 10,
  "SC": 1
}