{
  "PEC_consultas": 86.62436109330815,
  "PEC_partos_nat": 22.20365728127497,
  "PEC_partos_ces": 39.98801744456447,
  "PEC_general": 69.53360132863155,
  "UT_med": 0.4823786535902424,
  "UT_Q": 0.31280677748013846,
  "PTOSR": [
    0.9572111176639955,
    0.0,
    0.0,
    0.0,
    0.0,
    0.0,
    0.0,
    0.0,
    0.0,
    0.0,
    0.0,
    0.0,
    0.0,
    0.0,
    0.0
  ],
  "PTOSR_promedio": 0.06381407451093303,
  "PPDSR": 0.05817072722595818,
  "PPDINC": 0.0003720238095238095,
  "total_pacientes_llegados": 90301,
  "total_pacientes_atendidos": 90299,
  "total_consultas": 63086,
  "total_partos_naturales": 15416,
  "total_partos_cesarea": 11797,
  "total_derivaciones_sr": 1583,
  "total_derivaciones_inc": 1,
  "total_partos": 27213,
  "costo_medicos": 293322333.3333334,
  "costo_quirofano": 2585235000.0,
  "costo_sr_operacion": 2305322020.291607,
  "costo_inc_operacion": 268300000.0,
  "CTM": 44812433.04349266,
  "costo_total_10_anios": 5452179353.624941,
  "CII": 0.0,
  "eventos_procesados": 299201,
  "tiempo_simulacion": 5256013.256903267,
  "G": 1,
  "SR": 15,
  "I": 10,
  "SC": 1
}