{
  "PEC_consultas": 88.08660617911171,
  "PEC_partos_nat": 21.92667909666188,
  "PEC_partos_ces": 41.43366228027254,
  "PEC_general": 70.7314099809446,
  "UT_med": 0.48195948028296254,
  "UT_Q": 0.31264933772249426,
  "PTOSR": [
    0.9570318611689249,
    0.0,
    0.0,
    0.0,
    0.0,
    0.0,
    0.0,
    0.0,
    0.0,
    0.0,
    0.0,
    0.0,
    0.0,
    0.0,
    0.0
  ],
  "PTOSR_promedio": 0.06380212407792833,
  "PPDSR": 0.05907468070227097,
  "PPDINC": 0.0022123893805309734,
  "total_pacientes_llegados": 90262,
  "total_pacientes_atendidos": 90261,
  "total_consultas": 63092,
  "total_partos_naturales": 15327,
  "total_partos_cesarea": 11842,
  "total_derivaciones_sr": 1605,
  "total_derivaciones_inc": 6,
  "total_partos": 27169,
  "costo_medicos": 293265333.3333334,
  "costo_quirofano": 2581055000.0,
  "costo_sr_operacion": 2302348746.294945,
  "costo_inc_operacion": 270400000.0,
  "CTM": 44770430.791465305,
  "costo_total_10_anios": 5447069079.628279,
  "CII": 0.0,
  "eventos_procesados": 299046,
  "tiempo_simulacion": 5256023.8863418475,
  "G": 1,
  "SR": 15,
  "I": 10,
  "SC": 1
}