{
  "PEC_consultas": 14.127932379239883,
  "PEC_partos_nat": 19.490357330882564,
  "PEC_partos_ces": 34.01214471803077,
  "PEC_general": 17.585598890567297,
  "UT_med": 0.15923314730974783,
  "UT_Q": 0.3090674554035555,
  "PTOSR": [
    1.0076070947773856,
    0.0,
    0.0,
    0.0,
    0.0,
    0.0,
    0.0,
    0.0,
    0.0,
    0.0,
    0.0,
    0.0,
    0.0,
    0.0,
    0.0,
    0.0,
    0.0,
    0.0,
    0.0,
    0.0,
    0.0,
    0.0,
    0.0,
    0.0
  ],
  "PTOSR_promedio": 0.04198362894905774,
  "PPDSR": 0.0007079777918545291,
  "PPDINC": 0.0,
  "total_pacientes_llegados": 89551,
  "total_pacientes_atendidos": 89550,
  "total_consultas": 62713,
  "total_partos_naturales": 15425,
  "total_partos_cesarea": 11412,
  "total_derivaciones_sr": 19,
  "total_derivaciones_inc": 0,
  "total_partos": 26837,
  "costo_medicos": 877915000.0,
  "costo_quirofano": 2549515000.0,
  "costo_sr_operacion": 2411136412.8670588,
  "costo_inc_operacion": 266600000.0,
  "CTM": 50179449.96877035,
  "costo_total_10_anios": 6105166412.867059,
  "CII": 20000000.0,
  "eventos_procesados": 298122,
  "tiempo_simulacion": 5256000.685026107,
  "G": 3,
  "SR": 24,
  "I": 15,
  "SC": 3
}