{
  "PEC_consultas": 16.239124926674798,
  "PEC_partos_nat": 20.135058306294585,
  "PEC_partos_ces": 36.647058314054235,
  "PEC_general": 19.53624363638577,
  "UT_med": 0.15978770407107232,
  "UT_Q": 0.3115217033617723,
  "PTOSR": [
    1.0076470619718767,
    0.0,
    0.0,
    0.0,
    0.0,
    0.0,
    0.0,
    0.0,
    0.0,
    0.0,
    0.0,
    0.0,
    0.0,
    0.0,
    0.0,
    0.0,
    0.0,
    0.0,
    0.0,
    0.0,
    0.0,
    0.0,
    0.0,
    0.0
  ],
  "PTOSR_promedio": 0.041985294248828194,
  "PPDSR": 0.0006282103396031189,
  "PPDINC": 0.0,
  "total_pacientes_llegados": 89659,
  "total_pacientes_atendidos": 89658,
  "total_consultas": 62597,
  "total_partos_naturales": 15543,
  "total_partos_cesarea": 11518,
  "total_derivaciones_sr": 17,
  "total_derivaciones_inc": 0,
  "total_partos": 27061,
  "costo_medicos": 879112000.0,
  "costo_quirofano": 2570795000.0,
  "costo_sr_operacion": 2432766622.270356,
  "costo_inc_operacion": 269000000.0,
  "CTM": 50561701.00496183,
  "costo_total_10_anios": 6151673622.270356,
  "CII": 20000000.0,
  "eventos_procesados": 298700,
  "tiempo_simulacion": 5256047.424091074,
  "G": 3,
  "SR": 24,
  "I": 15,
  "SC": 3
}