{
  "PEC_consultas": 14.782530760258775,
  "PEC_partos_nat": 19.60047186952421,
  "PEC_partos_ces": 35.043872020876314,
  "PEC_general": 18.230755777996592,
  "UT_med": 0.15986070626519827,
  "UT_Q": 0.3103858983332919,
  "PTOSR": [
    1.007740844963451,
    0.0,
    0.0,
    0.0,
    0.0,
    0.0,
    0.0,
    0.0,
    0.0,
    0.0,
    0.0,
    0.0,
    0.0,
    0.0,
    0.0,
    0.0,
    0.0,
    0.0,
    0.0,
    0.0,
    0.0,
    0.0,
    0.0,
    0.0
  ],
  "PTOSR_promedio": 0.04198920187347713,
  "PPDSR": 0.0006682754780025988,
  "PPDINC": 0.0,
  "total_pacientes_llegados": 89918,
  "total_pacientes_atendidos": 89918,
  "total_consultas": 62983,
  "total_partos_naturales": 15261,
  "total_partos_cesarea": 11674,
  "total_derivaciones_sr": 18,
  "total_derivaciones_inc": 0,
  "total_partos": 26935,
  "costo_medicos": 878428000.0,
  "costo_quirofano": 2558825000.0,
  "costo_sr_operacion": 2422849230.447845,
  "costo_inc_operacion": 275900000.0,
  "CTM": 50432895.04477681,
  "costo_total_10_anios": 6136002230.447845,
  "CII": 20000000.0,
  "eventos_procesados": 299430,
  "tiempo_simulacion": 5256129.6642258745,
  "G": 3,
  "SR": 24,
  "I": 15,
  "SC": 3
}