{
  "PEC_consultas": 15.142793287233085,
  "PEC_partos_nat": 19.81745328198728,
  "PEC_partos_ces": 36.06156384891781,
  "PEC_general": 18.660194878659226,
  "UT_med": 0.15780236045107884,
  "UT_Q": 0.30633409617146545,
  "PTOSR": [
    1.008004309397808,
    0.0,
    0.0,
    0.0,
    0.0,
    0.0,
    0.0,
    0.0,
    0.0,
    0.0,
    0.0,
    0.0,
    0.0,
    0.0,
    0.0,
    0.0,
    0.0,
    0.0,
    0.0,
    0.0,
    0.0,
    0.0,
    0.0,
    0.0
  ],
  "PTOSR_promedio": 0.042000179558242,
  "PPDSR": 0.0005638673783926021,
  "PPDINC": 0.0,
  "total_pacientes_llegados": 88727,
  "total_pacientes_atendidos": 88727,
  "total_consultas": 62125,
  "total_partos_naturales": 15045,
  "total_partos_cesarea": 11557,
  "total_derivaciones_sr": 15,
  "total_derivaciones_inc": 0,
  "total_partos": 26602,
  "costo_medicos": 876718000.0,
  "costo_quirofano": 2527190000.0,
  "costo_sr_operacion": 2391573655.9344425,
  "costo_inc_operacion": 259200000.0,
  "CTM": 49764506.76110501,
  "costo_total_10_anios": 6054681655.9344425,
  "CII": 20000000.0,
  "eventos_procesados": 295358,
  "tiempo_simulacion": 5256572.699447556,
  "G": 3,
  "SR": 24,
  "I": 15,
  "SC": 3
}