{
  "PEC_consultas": 15.69131596285611,
  "PEC_partos_nat": 19.348443229931565,
  "PEC_partos_ces": 36.05300510249786,
  "PEC_general": 18.928671218643842,
  "UT_med": 0.1585755884497204,
  "UT_Q": 0.30741122570091295,
  "PTOSR": [
    1.0076826879411287,
    0.0,
    0.0,
    0.0,
    0.0,
    0.0,
    0.0,
    0.0,
    0.0,
    0.0,
    0.0,
    0.0,
    0.0,
    0.0,
    0.0,
    0.0,
    0.0,
    0.0,
    0.0,
    0.0,
    0.0,
    0.0,
    0.0,
    0.0
  ],
  "PTOSR_promedio": 0.04198677866421369,
  "PPDSR": 0.0007115571867275859,
  "PPDINC": 0.0,
  "total_pacientes_llegados": 89355,
  "total_pacientes_atendidos": 89354,
  "total_consultas": 62652,
  "total_partos_naturales": 15231,
  "total_partos_cesarea": 11471,
  "total_derivaciones_sr": 19,
  "total_derivaciones_inc": 0,
  "total_partos": 26702,
  "costo_medicos": 877231000.0,
  "costo_quirofano": 2536690000.0,
  "costo_sr_operacion": 2401148942.0954947,
  "costo_inc_operacion": 267000000.0,
  "CTM": 49989615.962428726,
  "costo_total_10_anios": 6082069942.095495,
  "CII": 20000000.0,
  "eventos_procesados": 297409,
  "tiempo_simulacion": 5256040.68764347,
  "G": 3,
  "SR": 24,
  "I": 15,
  "SC": 3
}