{
  "PEC_consultas": 15.515995069715874,
  "PEC_partos_nat": 19.163325244000347,
  "PEC_partos_ces": 35.89505424368817,
  "PEC_general": 18.76089996721306,
  "UT_med": 0.15969155963574913,
  "UT_Q": 0.3095733797143006,
  "PTOSR": [
    1.0079108970532145,
    0.0,
    0.0,
    0.0,
    0.0,
    0.0,
    0.0,
    0.0,
    0.0,
    0.0,
    0.0,
    0.0,
    0.0,
    0.0,
    0.0,
    0.0,
    0.0,
    0.0,
    0.0,
    0.0,
    0.0,
    0.0,
    0.0,
    0.0
  ],
  "PTOSR_promedio": 0.04199628737721727,
  "PPDSR": 0.000446162998215348,
  "PPDINC": 0.0,
  "total_pacientes_llegados": 90087,
  "total_pacientes_atendidos": 90086,
  "total_consultas": 63190,
  "total_partos_naturales": 15288,
  "total_partos_cesarea": 11608,
  "total_derivaciones_sr": 12,
  "total_derivaciones_inc": 0,
  "total_partos": 26896,
  "costo_medicos": 878257000.0,
  "costo_quirofano": 2555120000.0,
  "costo_sr_operacion": 2416498180.9619737,
  "costo_inc_operacion": 274700000.0,
  "CTM": 50338974.09009841,
  "costo_total_10_anios": 6124575180.961973,
  "CII": 20000000.0,
  "eventos_procesados": 299876,
  "tiempo_simulacion": 5256057.838325276,
  "G": 3,
  "SR": 24,
  "I": 15,
  "SC": 3
}