{
  "PEC_consultas": 15.237994472806024,
  "PEC_partos_nat": 19.817107857175177,
  "PEC_partos_ces": 35.40727505932467,
  "PEC_general": 18.6463842732577,
  "UT_med": 0.15776909272051956,
  "UT_Q": 0.30844599017117114,
  "PTOSR": [
    1.0078034883561762,
    0.0,
    0.0,
    0.0,
    0.0,
    0.0,
    0.0,
    0.0,
    0.0,
    0.0,
    0.0,
    0.0,
    0.0,
    0.0,
    0.0,
    0.0,
    0.0,
    0.0,
    0.0,
    0.0,
    0.0,
    0.0,
    0.0,
    0.0
  ],
  "PTOSR_promedio": 0.041991812014840674,
  "PPDSR": 0.00044777790216052836,
  "PPDINC": 0.0,
  "total_pacientes_llegados": 88226,
  "total_pacientes_atendidos": 88226,
  "total_consultas": 61427,
  "total_partos_naturales": 15382,
  "total_partos_cesarea": 11417,
  "total_derivaciones_sr": 12,
  "total_derivaciones_inc": 0,
  "total_partos": 26799,
  "costo_medicos": 877744000.0,
  "costo_quirofano": 2545905000.0,
  "costo_sr_operacion": 2409806737.741209,
  "costo_inc_operacion": 274100000.0,
  "CTM": 50199088.2554072,
  "costo_total_10_anios": 6107555737.741209,
  "CII": 20000000.0,
  "eventos_procesados": 294195,
  "tiempo_simulacion": 5256006.083892459,
  "G": 3,
  "SR": 24,
  "I": 15,
  "SC": 3
}