{
  "PEC_consultas": 14.46445029936132,
  "PEC_partos_nat": 19.466988216324093,
  "PEC_partos_ces": 34.32003202247217,
  "PEC_general": 17.877406148083985,
  "UT_med": 0.15855992909466476,
  "UT_Q": 0.30839779497170544,
  "PTOSR": [
    1.007960861847656,
    0.0,
    0.0,
    0.0,
    0.0,
    0.0,
    0.0,
    0.0,
    0.0,
    0.0,
    0.0,
    0.0,
    0.0,
    0.0,
    0.0,
    0.0,
    0.0,
    0.0,
    0.0,
    0.0,
    0.0,
    0.0,
    0.0,
    0.0
  ],
  "PTOSR_promedio": 0.041998369243652335,
  "PPDSR": 0.0003359713304464686,
  "PPDINC": 0.0,
  "total_pacientes_llegados": 89152,
  "total_pacientes_atendidos": 89151,
  "total_consultas": 62363,
  "total_partos_naturales": 15325,
  "total_partos_cesarea": 11463,
  "total_derivaciones_sr": 9,
  "total_derivaciones_inc": 0,
  "total_partos": 26788,
  "costo_medicos": 877744000.0,
  "costo_quirofano": 2544860000.0,
  "costo_sr_operacion": 2407951230.0832405,
  "costo_inc_operacion": 261800000.0,
  "CTM": 50074152.57602663,
  "costo_total_10_anios": 6092355230.0832405,
  "CII": 20000000.0,
  "eventos_procesados": 296848,
  "tiempo_simulacion": 5256000.305193701,
  "G": 3,
  "SR": 24,
  "I": 15,
  "SC": 3
}