{
  "PEC_consultas": 20.806173860047753,
  "PEC_partos_nat": 18.70195983524065,
  "PEC_partos_ces": 33.587194978943344,
  "PEC_general": 22.104321938355632,
  "UT_med": 0.23661833022339027,
  "UT_Q": 0.3055022014034916,
  "PTOSR": [
    0.9784069596076962,
    0.0,
    0.0,
    0.0,
    0.0,
    0.0,
    0.0,
    0.0,
    0.0,
    0.0,
    0.0,
    0.0,
    0.0,
    0.0,
    0.0,
    0.0
  ],
  "PTOSR_promedio": 0.06115043497548101,
  "PPDSR": 0.03463333835265773,
  "PPDINC": 0.0,
  "total_pacientes_llegados": 89118,
  "total_pacientes_atendidos": 89116,
  "total_consultas": 62552,
  "total_partos_naturales": 15037,
  "total_partos_cesarea": 11527,
  "total_derivaciones_sr": 920,
  "total_derivaciones_inc": 0,
  "total_partos": 26564,
  "costo_medicos": 584250666.6666667,
  "costo_quirofano": 2523580000.0,
  "costo_sr_operacion": 2306928650.0938597,
  "costo_inc_operacion": 258300000.0,
  "CTM": 46627884.795292,
  "costo_total_10_anios": 5673059316.760527,
  "CII": 0.0,
  "eventos_procesados": 295568,
  "tiempo_simulacion": 5256021.754372426,
  "G": 2,
  "SR": 16,
  "I": 11,
  "SC": 1
}