{
  "PEC_consultas": 20.612265330054417,
  "PEC_partos_nat": 18.94109795456479,
  "PEC_partos_ces": 33.5123319302983,
  "PEC_general": 21.986893098549178,
  "UT_med": 0.23641220284906922,
  "UT_Q": 0.30570276210125225,
  "PTOSR": [
    0.9764499520102088,
    0.0,
    0.0,
    0.0,
    0.0,
    0.0,
    0.0,
    0.0,
    0.0,
    0.0,
    0.0,
    0.0,
    0.0,
    0.0,
    0.0,
    0.0
  ],
  "PTOSR_promedio": 0.06102812200063805,
  "PPDSR": 0.036645073817414886,
  "PPDINC": 0.0,
  "total_pacientes_llegados": 88763,
  "total_pacientes_atendidos": 88763,
  "total_consultas": 62211,
  "total_partos_naturales": 15133,
  "total_partos_cesarea": 11419,
  "total_derivaciones_sr": 973,
  "total_derivaciones_inc": 0,
  "total_partos": 26552,
  "costo_medicos": 584250666.6666667,
  "costo_quirofano": 2522440000.0,
  "costo_sr_operacion": 2301135760.8335137,
  "costo_inc_operacion": 265800000.0,
  "CTM": 46632545.97945354,
  "costo_total_10_anios": 5673626427.500181,
  "CII": 0.0,
  "eventos_procesados": 294516,
  "tiempo_simulacion": 5256006.088654952,
  "G": 2,
  "SR": 16,
  "I": 11,
  "SC": 1
}