{
  "PEC_consultas": 22.24026850423183,
  "PEC_partos_nat": 19.184340616010523,
  "PEC_partos_ces": 35.55642469533362,
  "PEC_general": 23.448330574063757,
  "UT_med": 0.23954411423573696,
  "UT_Q": 0.30996137107548993,
  "PTOSR": [
    0.9762814669045544,
    0.0,
    0.0,
    0.0,
    0.0,
    0.0,
    0.0,
    0.0,
    0.0,
    0.0,
    0.0,
    0.0,
    0.0,
    0.0,
    0.0,
    0.0
  ],
  "PTOSR_promedio": 0.06101759168153465,
  "PPDSR": 0.03968371816764422,
  "PPDINC": 0.0,
  "total_pacientes_llegados": 89812,
  "total_pacientes_atendidos": 89810,
  "total_consultas": 62872,
  "total_partos_naturales": 15283,
  "total_partos_cesarea": 11655,
  "total_derivaciones_sr": 1069,
  "total_derivaciones_inc": 0,
  "total_partos": 26938,
  "costo_medicos": 585618666.6666667,
  "costo_quirofano": 2559110000.0,
  "costo_sr_operacion": 2328478040.276769,
  "costo_inc_operacion": 266800000.0,
  "CTM": 47178137.3173433,
  "costo_total_10_anios": 5740006706.943436,
  "CII": 0.0,
  "eventos_procesados": 297960,
  "tiempo_simulacion": 5256003.458643169,
  "G": 2,
  "SR": 16,
  "I": 11,
  "SC": 1
}