{
  "PEC_consultas": 21.30711651053678,
  "PEC_partos_nat": 19.469746119280853,
  "PEC_partos_ces": 34.689498640723286,
  "PEC_general": 22.714023406235146,
  "UT_med": 0.23747125825379678,
  "UT_Q": 0.3071815447047745,
  "PTOSR": [
    0.9776484445247904,
    0.0,
    0.0,
    0.0,
    0.0,
    0.0,
    0.0,
    0.0,
    0.0,
    0.0,
    0.0,
    0.0,
    0.0,
    0.0,
    0.0,
    0.0
  ],
  "PTOSR_promedio": 0.0611030277827994,
  "PPDSR": 0.03620418259500787,
  "PPDINC": 0.0007482229704451926,
  "total_pacientes_llegados": 89139,
  "total_pacientes_atendidos": 89138,
  "total_consultas": 62456,
  "total_partos_naturales": 15221,
  "total_partos_cesarea": 11461,
  "total_derivaciones_sr": 966,
  "total_derivaciones_inc": 2,
  "total_partos": 26682,
  "costo_medicos": 584706666.6666667,
  "costo_quirofano": 2534790000.0,
  "costo_sr_operacion": 2312231758.667105,
  "costo_inc_operacion": 266900000.0,
  "CTM": 46838041.8520584,
  "costo_total_10_anios": 5698628425.333773,
  "CII": 0.0,
  "eventos_procesados": 295788,
  "tiempo_simulacion": 5256142.887574971,
  "G": 2,
  "SR": 16,
  "I": 11,
  "SC": 1
}