{
  "PEC_consultas": 21.643739172057714,
  "PEC_partos_nat": 19.199291787271413,
  "PEC_partos_ces": 34.83481891727084,
  "PEC_general": 22.92240266561799,
  "UT_med": 0.23649411134434292,
  "UT_Q": 0.30597634792249,
  "PTOSR": [
    0.9777403372449347,
    0.0,
    0.0,
    0.0,
    0.0,
    0.0,
    0.0,
    0.0,
    0.0,
    0.0,
    0.0,
    0.0,
    0.0,
    0.0,
    0.0,
    0.0
  ],
  "PTOSR_promedio": 0.06110877107780842,
  "PPDSR": 0.03348760206193325,
  "PPDINC": 0.0007595898214963919,
  "total_pacientes_llegados": 88825,
  "total_pacientes_atendidos": 88824,
  "total_consultas": 62247,
  "total_partos_naturales": 15158,
  "total_partos_cesarea": 11419,
  "total_derivaciones_sr": 890,
  "total_derivaciones_inc": 2,
  "total_partos": 26577,
  "costo_medicos": 584364666.6666667,
  "costo_quirofano": 2524815000.0,
  "costo_sr_operacion": 2310695473.179853,
  "costo_inc_operacion": 262500000.0,
  "CTM": 46704453.20421796,
  "costo_total_10_anios": 5682375139.846519,
  "CII": 0.0,
  "eventos_procesados": 294776,
  "tiempo_simulacion": 5256080.71845225,
  "G": 2,
  "SR": 16,
  "I": 11,
  "SC": 1
}