{
  "PEC_consultas": 20.678613994059223,
  "PEC_partos_nat": 18.785563522036846,
  "PEC_partos_ces": 34.10388835820711,
  "PEC_general": 22.081390863260197,
  "UT_med": 0.23637035356635896,
  "UT_Q": 0.3063754142625449,
  "PTOSR": [
    0.9768702519016114,
    0.0,
    0.0,
    0.0,
    0.0,
    0.0,
    0.0,
    0.0,
    0.0,
    0.0,
    0.0,
    0.0,
    0.0,
    0.0,
    0.0,
    0.0
  ],
  "PTOSR_promedio": 0.06105439074385071,
  "PPDSR": 0.03821297061696851,
  "PPDINC": 0.0,
  "total_pacientes_llegados": 88495,
  "total_pacientes_atendidos": 88485,
  "total_consultas": 61871,
  "total_partos_naturales": 15222,
  "total_partos_cesarea": 11392,
  "total_derivaciones_sr": 1017,
  "total_derivaciones_inc": 0,
  "total_partos": 26614,
  "costo_medicos": 584478666.6666667,
  "costo_quirofano": 2528330000.0,
  "costo_sr_operacion": 2303128452.959756,
  "costo_inc_operacion": 265900000.0,
  "CTM": 46700031.120217174,
  "costo_total_10_anios": 5681837119.626423,
  "CII": 0.0,
  "eventos_procesados": 293706,
  "tiempo_simulacion": 5256004.196939176,
  "G": 2,
  "SR": 16,
  "I": 11,
  "SC": 1
}