{
  "PEC_consultas": 21.462147104390407,
  "PEC_partos_nat": 19.048226185888275,
  "PEC_partos_ces": 34.770198730322456,
  "PEC_general": 22.772193147090064,
  "UT_med": 0.23848047662207536,
  "UT_Q": 0.30835707430195963,
  "PTOSR": [
    0.9784051747762488,
    0.0,
    0.0,
    0.0,
    0.0,
    0.0,
    0.0,
    0.0,
    0.0,
    0.0,
    0.0,
    0.0,
    0.0,
    0.0,
    0.0,
    0.0
  ],
  "PTOSR_promedio": 0.06115032342351555,
  "PPDSR": 0.03665273215885339,
  "PPDINC": 0.0,
  "total_pacientes_llegados": 89630,
  "total_pacientes_atendidos": 89629,
  "total_consultas": 62837,
  "total_partos_naturales": 15210,
  "total_partos_cesarea": 11582,
  "total_derivaciones_sr": 982,
  "total_derivaciones_inc": 0,
  "total_partos": 26792,
  "costo_medicos": 585162666.6666667,
  "costo_quirofano": 2545240000.0,
  "costo_sr_operacion": 2318888259.3453846,
  "costo_inc_operacion": 278800000.0,
  "CTM": 47080199.39187987,
  "costo_total_10_anios": 5728090926.012052,
  "CII": 0.0,
  "eventos_procesados": 297477,
  "tiempo_simulacion": 5256036.914563564,
  "G": 2,
  "SR": 16,
  "I": 11,
  "SC": 1
}