{
  "PEC_consultas": 20.410098409577966,
  "PEC_partos_nat": 18.96404089930511,
  "PEC_partos_ces": 33.125030356036916,
  "PEC_general": 21.82175435169347,
  "UT_med": 0.24018045563904308,
  "UT_Q": 0.31035455464388073,
  "PTOSR": [
    0.9788482169462841,
    0.0,
    0.0,
    0.0,
    0.0,
    0.0,
    0.0,
    0.0,
    0.0,
    0.0,
    0.0,
    0.0,
    0.0,
    0.0,
    0.0,
    0.0
  ],
  "PTOSR_promedio": 0.061178013559142756,
  "PPDSR": 0.033744153240775114,
  "PPDINC": 0.0,
  "total_pacientes_llegados": 90166,
  "total_pacientes_atendidos": 90165,
  "total_consultas": 63227,
  "total_partos_naturales": 15199,
  "total_partos_cesarea": 11739,
  "total_derivaciones_sr": 909,
  "total_derivaciones_inc": 0,
  "total_partos": 26938,
  "costo_medicos": 585618666.6666667,
  "costo_quirofano": 2559110000.0,
  "costo_sr_operacion": 2340198815.5417447,
  "costo_inc_operacion": 267800000.0,
  "CTM": 47282691.63458969,
  "costo_total_10_anios": 5752727482.208412,
  "CII": 0.0,
  "eventos_procesados": 299193,
  "tiempo_simulacion": 5256165.39198297,
  "G": 2,
  "SR": 16,
  "I": 11,
  "SC": 1
}