{
  "PEC_consultas": 20.87695170987509,
  "PEC_partos_nat": 19.569365072200068,
  "PEC_partos_ces": 33.93161033562658,
  "PEC_general": 22.31798806579533,
  "UT_med": 0.23721316292622965,
  "UT_Q": 0.3073237923304353,
  "PTOSR": [
    0.9771675237096012,
    0.0,
    0.0,
    0.0,
    0.0,
    0.0,
    0.0,
    0.0,
    0.0,
    0.0,
    0.0,
    0.0,
    0.0,
    0.0,
    0.0,
    0.0
  ],
  "PTOSR_promedio": 0.06107297023185008,
  "PPDSR": 0.03736461417381853,
  "PPDINC": 0.0,
  "total_pacientes_llegados": 88919,
  "total_pacientes_atendidos": 88919,
  "total_consultas": 62236,
  "total_partos_naturales": 15332,
  "total_partos_cesarea": 11351,
  "total_derivaciones_sr": 997,
  "total_derivaciones_inc": 0,
  "total_partos": 26683,
  "costo_medicos": 584706666.6666667,
  "costo_quirofano": 2534885000.0,
  "costo_sr_operacion": 2312219455.9534,
  "costo_inc_operacion": 268900000.0,
  "CTM": 46855159.91194576,
  "costo_total_10_anios": 5700711122.620068,
  "CII": 0.0,
  "eventos_procesados": 295122,
  "tiempo_simulacion": 5256190.272863804,
  "G": 2,
  "SR": 16,
  "I": 11,
  "SC": 1
}