{
  "PEC_consultas": 22.648094491431635,
  "PEC_partos_nat": 19.01787889910917,
  "PEC_partos_ces": 35.92791234690795,
  "PEC_general": 23.759636334275257,
  "UT_med": 0.2377892790240578,
  "UT_Q": 0.3079562798837695,
  "PTOSR": [
    0.9765503998228581,
    0.0,
    0.0,
    0.0,
    0.0,
    0.0,
    0.0,
    0.0,
    0.0,
    0.0,
    0.0,
    0.0,
    0.0,
    0.0,
    0.0,
    0.0
  ],
  "PTOSR_promedio": 0.06103439998892863,
  "PPDSR": 0.03855070296141191,
  "PPDINC": 0.0,
  "total_pacientes_llegados": 89178,
  "total_pacientes_atendidos": 89174,
  "total_consultas": 62430,
  "total_partos_naturales": 15141,
  "total_partos_cesarea": 11603,
  "total_derivaciones_sr": 1031,
  "total_derivaciones_inc": 0,
  "total_partos": 26744,
  "costo_medicos": 584934666.6666667,
  "costo_quirofano": 2540680000.0,
  "costo_sr_operacion": 2313032191.5552945,
  "costo_inc_operacion": 272000000.0,
  "CTM": 46936823.4922353,
  "costo_total_10_anios": 5710646858.221962,
  "CII": 0.0,
  "eventos_procesados": 295954,
  "tiempo_simulacion": 5256000.517672088,
  "G": 2,
  "SR": 16,
  "I": 11,
  "SC": 1
}