{
  "PEC_consultas": 22.908234582270733,
  "PEC_partos_nat": 19.044059719941316,
  "PEC_partos_ces": 35.58217656731197,
  "PEC_general": 23.89205194738832,
  "UT_med": 0.23814313461178277,
  "UT_Q": 0.307594208133096,
  "PTOSR": [
    0.9776974458863649,
    0.0,
    0.0,
    0.0,
    0.0,
    0.0,
    0.0,
    0.0,
    0.0,
    0.0,
    0.0,
    0.0,
    0.0,
    0.0,
    0.0,
    0.0
  ],
  "PTOSR_promedio": 0.061106090367897804,
  "PPDSR": 0.037071674397725574,
  "PPDINC": 0.0,
  "total_pacientes_llegados": 89514,
  "total_pacientes_atendidos": 89514,
  "total_consultas": 62782,
  "total_partos_naturales": 15161,
  "total_partos_cesarea": 11571,
  "total_derivaciones_sr": 991,
  "total_derivaciones_inc": 0,
  "total_partos": 26732,
  "costo_medicos": 584934666.6666667,
  "costo_quirofano": 2539540000.0,
  "costo_sr_operacion": 2312839682.625883,
  "costo_inc_operacion": 264300000.0,
  "CTM": 46862583.692815475,
  "costo_total_10_anios": 5701614349.29255,
  "CII": 0.0,
  "eventos_procesados": 296918,
  "tiempo_simulacion": 5256013.327414073,
  "G": 2,
  "SR": 16,
  "I": 11,
  "SC": 1
}