{
  "PEC_consultas": 20.717756722915396,
  "PEC_partos_nat": 18.063130059852224,
  "PEC_partos_ces": 34.576203501229735,
  "PEC_general": 22.006880883814677,
  "UT_med": 0.23895060029228776,
  "UT_Q": 0.30770275548011516,
  "PTOSR": [
    0.9781578631727157,
    0.0,
    0.0,
    0.0,
    0.0,
    0.0,
    0.0,
    0.0,
    0.0,
    0.0,
    0.0,
    0.0,
    0.0,
    0.0,
    0.0,
    0.0
  ],
  "PTOSR_promedio": 0.06113486644829473,
  "PPDSR": 0.034106207928197456,
  "PPDINC": 0.00036913990402362494,
  "total_pacientes_llegados": 90247,
  "total_pacientes_atendidos": 90247,
  "total_consultas": 63507,
  "total_partos_naturales": 15396,
  "total_partos_cesarea": 11344,
  "total_derivaciones_sr": 912,
  "total_derivaciones_inc": 1,
  "total_partos": 26740,
  "costo_medicos": 584934666.6666667,
  "costo_quirofano": 2540300000.0,
  "costo_sr_operacion": 2321332452.981598,
  "costo_inc_operacion": 270400000.0,
  "CTM": 46988770.846424095,
  "costo_total_10_anios": 5716967119.648265,
  "CII": 0.0,
  "eventos_procesados": 299261,
  "tiempo_simulacion": 5256015.257188505,
  "G": 2,
  "SR": 16,
  "I": 11,
  "SC": 1
}