{
  "PEC_consultas": 21.545660213473294,
  "PEC_partos_nat": 19.101758012390736,
  "PEC_partos_ces": 34.45254737701237,
  "PEC_general": 22.79016316087808,
  "UT_med": 0.23944735299039524,
  "UT_Q": 0.310683758846616,
  "PTOSR": [
    0.9762318450010462,
    0.0,
    0.0,
    0.0,
    0.0,
    0.0,
    0.0,
    0.0,
    0.0,
    0.0,
    0.0,
    0.0,
    0.0,
    0.0,
    0.0,
    0.0
  ],
  "PTOSR_promedio": 0.06101449031256539,
  "PPDSR": 0.03802916187437391,
  "PPDINC": 0.0014587892049598833,
  "total_pacientes_llegados": 89626,
  "total_pacientes_atendidos": 89625,
  "total_consultas": 62672,
  "total_partos_naturales": 15396,
  "total_partos_cesarea": 11557,
  "total_derivaciones_sr": 1025,
  "total_derivaciones_inc": 4,
  "total_partos": 26953,
  "costo_medicos": 585732666.6666667,
  "costo_quirofano": 2560535000.0,
  "costo_sr_operacion": 2334226206.560498,
  "costo_inc_operacion": 273700000.0,
  "CTM": 47294744.16351095,
  "costo_total_10_anios": 5754193873.227165,
  "CII": 0.0,
  "eventos_procesados": 297538,
  "tiempo_simulacion": 5256004.258470356,
  "G": 2,
  "SR": 16,
  "I": 11,
  "SC": 1
}