{
  "nombre": "CASO 4",
  "configuracion": {
    "G": 2,
    "SC": 1,
    "SR": 16,
    "I": 11,
    "descripcion": "Configuración subóptima - servicio comprometido"
  },
  "num_replicas": 30,
  "indicadores": {
    "PEC_consultas": {
      "media": 21.910188088000893,
      "std": 0.9208989874074446,
      "ic_95": [
        21.5806486175909,
        22.239727558410888
      ],
      "min": 20.410098409577966,
      "max": 23.426732766529515
    },
    "PEC_partos_nat": {
      "media": 19.196890604846665,
      "std": 0.44633806599703607,
      "ic_95": [
        19.037170579193724,
        19.356610630499606
      ],
      "min": 18.063130059852224,
      "max": 20.11069330575771
    },
    "PEC_partos_ces": {
      "media": 34.96183356664189,
      "std": 0.8684269899631336,
      "ic_95": [
        34.65107095936847,
        35.27259617391532
      ],
      "min": 33.125030356036916,
      "max": 36.45879288628764
    },
    "PEC_general": {
      "media": 23.129395910676884,
      "std": 0.7663302152697619,
      "ic_95": [
        22.855168165014874,
        23.403623656338894
      ],
      "min": 21.82175435169347,
      "max": 24.27367277660803
    },
    "UT_med": {
      "media": 0.23827838383428468,
      "std": 0.0017596688563172721,
      "ic_95": [
        0.2376486944210731,
        0.23890807324749627
      ],
      "min": 0.2352191092557781,
      "max": 0.2422810078924391
    },
    "UT_Q": {
      "media": 0.3083655669621241,
      "std": 0.0025615118117392594,
      "ic_95": [
        0.3074489417323951,
        0.30928219219185304
      ],
      "min": 0.3025283917561827,
      "max": 0.3142224176540864
    },
    "PTOSR_promedio": {
      "media": 0.06103460376877869,
      "std": 7.967409942047451e-05,
      "ic_95": [
        0.06100609275846438,
        0.06106311477909301
      ],
      "min": 0.06086993732820491,
      "max": 0.061178013559142756
    },
    "PPDSR": {
      "media": 0.0376230509831879,
      "std": 0.002009124088996387,
      "ic_95": [
        0.036904095161399274,
        0.03834200680497652
      ],
      "min": 0.03348760206193325,
      "max": 0.042275707953254936
    },
    "PPDINC": {
      "media": 0.0004435608514671792,
      "std": 0.0006463466446535849,
      "ic_95": [
        0.00021226867513407695,
        0.0006748530278002815
      ],
      "min": 0.0,
      "max": 0.0025974025974025974
    },
    "CTM": {
      "media": 46989046.512461714,
      "std": 346342.93339025695,
      "ic_95": [
        46865109.28545815,
        47112983.73946528
      ],
      "min": 46210408.15482915,
      "max": 47772673.07759451
    },
    "CII": {
      "media": 0.0,
      "std": 0.0,
      "ic_95": [
        0.0,
        0.0
      ],
      "min": 0.0,
      "max": 0.0
    },
    "total_pacientes_llegados": {
      "media": 89422.63333333333,
      "std": 624.650439257324,
      "ic_95": [
        89199.10504439066,
        89646.161622276
      ],
      "min": 88395.0,
      "max": 90801.0
    },
    "total_pacientes_atendidos": {
      "media": 89421.13333333333,
      "std": 625.3199309888931,
      "ic_95": [
        89197.36546985134,
        89644.90119681532
      ],
      "min": 88393.0,
      "max": 90801.0
    },
    "total_derivaciones_sr": {
      "media": 1008.2,
      "std": 58.107154286803144,
      "ic_95": [
        987.4066218851942,
        1028.9933781148059
      ],
      "min": 890.0,
      "max": 1154.0
    },
    "total_derivaciones_inc": {
      "media": 1.2,
      "std": 1.749876842957024,
      "ic_95": [
        0.5738146137675884,
        1.8261853862324116
      ],
      "min": 0.0,
      "max": 7.0
    }
  }
}