{
  "PEC_consultas": 82.57916425698508,
  "PEC_partos_nat": 21.555490157368613,
  "PEC_partos_ces": 39.38406381029338,
  "PEC_general": 66.57811232995299,
  "UT_med": 0.4796239100538212,
  "UT_Q": 0.31044236753505816,
  "PTOSR": [
    0.9632277030415052,
    0.0,
    0.0,
    0.0,
    0.0,
    0.0,
    0.0,
    0.0,
    0.0,
    0.0,
    0.0,
    0.0,
    0.0,
    0.0,
    0.0
  ],
  "PTOSR_promedio": 0.06421518020276701,
  "PPDSR": 0.05396577960880377,
  "PPDINC": 0.0011432926829268292,
  "total_pacientes_llegados": 89875,
  "total_pacientes_atendidos": 89873,
  "total_consultas": 62930,
  "total_partos_naturales": 15383,
  "total_partos_cesarea": 11560,
  "total_derivaciones_sr": 1454,
  "total_derivaciones_inc": 3,
  "total_partos": 26943,
  "costo_medicos": 292866333.3333334,
  "costo_quirofano": 2559585000.0,
  "costo_sr_operacion": 2295414007.2975774,
  "costo_inc_operacion": 261700000.0,
  "CTM": 44462180.8818979,
  "costo_total_10_anios": 5409565340.630911,
  "CII": 0.0,
  "eventos_procesados": 297714,
  "tiempo_simulacion": 5256009.242405908,
  "G": 1,
  "SR": 15,
  "I": 10,
  "SC": 1
}