{
  "PEC_consultas": 82.79032270831611,
  "PEC_partos_nat": 21.65374494819539,
  "PEC_partos_ces": 39.236304706435675,
  "PEC_general": 66.76012756389089,
  "UT_med": 0.4793707498855511,
  "UT_Q": 0.310191941253328,
  "PTOSR": [
    0.9604499914398699,
    0.0,
    0.0,
    0.0,
    0.0,
    0.0,
    0.0,
    0.0,
    0.0,
    0.0,
    0.0,
    0.0,
    0.0,
    0.0,
    0.0
  ],
  "PTOSR_promedio": 0.06402999942932466,
  "PPDSR": 0.05639864940076435,
  "PPDINC": 0.0007578628268283441,
  "total_pacientes_llegados": 90037,
  "total_pacientes_atendidos": 90036,
  "total_consultas": 63085,
  "total_partos_naturales": 15326,
  "total_partos_cesarea": 11625,
  "total_derivaciones_sr": 1520,
  "total_derivaciones_inc": 2,
  "total_partos": 26951,
  "costo_medicos": 292866333.3333334,
  "costo_quirofano": 2560345000.0,
  "costo_sr_operacion": 2288227489.427728,
  "costo_inc_operacion": 263300000.0,
  "CTM": 44422510.872008726,
  "costo_total_10_anios": 5404738822.761062,
  "CII": 0.0,
  "eventos_procesados": 298163,
  "tiempo_simulacion": 5256007.1914513325,
  "G": 1,
  "SR": 15,
  "I": 10,
  "SC": 1
}