{
  "PEC_consultas": 84.47167389966198,
  "PEC_partos_nat": 21.828437905005508,
  "PEC_partos_ces": 39.09690536535256,
  "PEC_general": 68.00239005606024,
  "UT_med": 0.4738128287232374,
  "UT_Q": 0.3060093207512223,
  "PTOSR": [
    0.9627367591112852,
    0.0,
    0.0,
    0.0,
    0.0,
    0.0,
    0.0,
    0.0,
    0.0,
    0.0,
    0.0,
    0.0,
    0.0,
    0.0,
    0.0
  ],
  "PTOSR_promedio": 0.06418245060741902,
  "PPDSR": 0.05467073308483,
  "PPDINC": 0.0007465472191116088,
  "total_pacientes_llegados": 88923,
  "total_pacientes_atendidos": 88923,
  "total_consultas": 62364,
  "total_partos_naturales": 15021,
  "total_partos_cesarea": 11538,
  "total_derivaciones_sr": 1452,
  "total_derivaciones_inc": 2,
  "total_partos": 26559,
  "costo_medicos": 292125333.3333334,
  "costo_quirofano": 2523105000.0,
  "costo_sr_operacion": 2258668360.1721964,
  "costo_inc_operacion": 267500000.0,
  "CTM": 43901907.06990846,
  "costo_total_10_anios": 5341398693.505529,
  "CII": 0.0,
  "eventos_procesados": 294547,
  "tiempo_simulacion": 5256148.090710986,
  "G": 1,
  "SR": 15,
  "I": 10,
  "SC": 1
}