{
  "PEC_consultas": 81.12574980522744,
  "PEC_partos_nat": 21.554949207077243,
  "PEC_partos_ces": 38.57665704885454,
  "PEC_general": 65.41246758283356,
  "UT_med": 0.479029307482444,
  "UT_Q": 0.3106682125882823,
  "PTOSR": [
    0.9611195752603625,
    0.0,
    0.0,
    0.0,
    0.0,
    0.0,
    0.0,
    0.0,
    0.0,
    0.0,
    0.0,
    0.0,
    0.0,
    0.0,
    0.0
  ],
  "PTOSR_promedio": 0.06407463835069084,
  "PPDSR": 0.054214190490297735,
  "PPDINC": 0.0010901162790697674,
  "total_pacientes_llegados": 89806,
  "total_pacientes_atendidos": 89806,
  "total_consultas": 62802,
  "total_partos_naturales": 15401,
  "total_partos_cesarea": 11603,
  "total_derivaciones_sr": 1464,
  "total_derivaciones_inc": 3,
  "total_partos": 27004,
  "costo_medicos": 292980333.3333334,
  "costo_quirofano": 2565380000.0,
  "costo_sr_operacion": 2297844574.579959,
  "costo_inc_operacion": 274500000.0,
  "CTM": 44635930.74997226,
  "costo_total_10_anios": 5430704907.913292,
  "CII": 0.0,
  "eventos_procesados": 297691,
  "tiempo_simulacion": 5256266.671472119,
  "G": 1,
  "SR": 15,
  "I": 10,
  "SC": 1
}