{
  "PEC_consultas": 86.55028443995131,
  "PEC_partos_nat": 22.155263295107357,
  "PEC_partos_ces": 42.021480165975866,
  "PEC_general": 69.8685020774514,
  "UT_med": 0.4772883943363398,
  "UT_Q": 0.3083187679821778,
  "PTOSR": [
    0.9608249434425711,
    0.0,
    0.0,
    0.0,
    0.0,
    0.0,
    0.0,
    0.0,
    0.0,
    0.0,
    0.0,
    0.0,
    0.0,
    0.0,
    0.0
  ],
  "PTOSR_promedio": 0.06405499622950474,
  "PPDSR": 0.05687203791469194,
  "PPDINC": 0.0007454342154304882,
  "total_pacientes_llegados": 89762,
  "total_pacientes_atendidos": 89762,
  "total_consultas": 62965,
  "total_partos_naturales": 15310,
  "total_partos_cesarea": 11487,
  "total_derivaciones_sr": 1524,
  "total_derivaciones_inc": 2,
  "total_partos": 26797,
  "costo_medicos": 292581333.3333334,
  "costo_quirofano": 2545715000.0,
  "costo_sr_operacion": 2276698253.6015577,
  "costo_inc_operacion": 268000000.0,
  "CTM": 44243791.12549225,
  "costo_total_10_anios": 5382994586.934891,
  "CII": 0.0,
  "eventos_procesados": 297237,
  "tiempo_simulacion": 5256014.912540247,
  "G": 1,
  "SR": 15,
  "I": 10,
  "SC": 1
}