{
  "PEC_consultas": 82.05355413622526,
  "PEC_partos_nat": 22.146262290358436,
  "PEC_partos_ces": 39.32116187414235,
  "PEC_general": 66.2795603627333,
  "UT_med": 0.474372782061228,
  "UT_Q": 0.3073449873633478,
  "PTOSR": [
    0.9608227427355919,
    0.0,
    0.0,
    0.0,
    0.0,
    0.0,
    0.0,
    0.0,
    0.0,
    0.0,
    0.0,
    0.0,
    0.0,
    0.0,
    0.0
  ],
  "PTOSR_promedio": 0.06405484951570613,
  "PPDSR": 0.05701557352500749,
  "PPDINC": 0.0,
  "total_pacientes_llegados": 88967,
  "total_pacientes_atendidos": 88965,
  "total_consultas": 62253,
  "total_partos_naturales": 15247,
  "total_partos_cesarea": 11465,
  "total_derivaciones_sr": 1523,
  "total_derivaciones_inc": 0,
  "total_partos": 26712,
  "costo_medicos": 292410333.3333334,
  "costo_quirofano": 2537640000.0,
  "costo_sr_operacion": 2261444821.4224925,
  "costo_inc_operacion": 275700000.0,
  "CTM": 44113932.77881501,
  "costo_total_10_anios": 5367195154.755826,
  "CII": 0.0,
  "eventos_procesados": 294833,
  "tiempo_simulacion": 5256004.188387906,
  "G": 1,
  "SR": 15,
  "I": 10,
  "SC": 1
}