{
  "PEC_consultas": 84.43639175988923,
  "PEC_partos_nat": 22.175545864254797,
  "PEC_partos_ces": 39.381359611956896,
  "PEC_general": 67.94859236542611,
  "UT_med": 0.47799338123008106,
  "UT_Q": 0.3098370124221892,
  "PTOSR": [
    0.9595409287773219,
    0.0,
    0.0,
    0.0,
    0.0,
    0.0,
    0.0,
    0.0,
    0.0,
    0.0,
    0.0,
    0.0,
    0.0,
    0.0,
    0.0
  ],
  "PTOSR_promedio": 0.06396939525182146,
  "PPDSR": 0.05673126902799436,
  "PPDINC": 0.0018587360594795538,
  "total_pacientes_llegados": 89666,
  "total_pacientes_atendidos": 89665,
  "total_consultas": 62731,
  "total_partos_naturales": 15394,
  "total_partos_cesarea": 11540,
  "total_derivaciones_sr": 1528,
  "total_derivaciones_inc": 5,
  "total_partos": 26934,
  "costo_medicos": 292809333.3333334,
  "costo_quirofano": 2558730000.0,
  "costo_sr_operacion": 2287231646.45513,
  "costo_inc_operacion": 268400000.0,
  "CTM": 44442501.2037408,
  "costo_total_10_anios": 5407170979.788464,
  "CII": 0.0,
  "eventos_procesados": 297085,
  "tiempo_simulacion": 5256367.157956923,
  "G": 1,
  "SR": 15,
  "I": 10,
  "SC": 1
}