{
  "PEC_consultas": 80.16203163197089,
  "PEC_partos_nat": 21.27907644634489,
  "PEC_partos_ces": 38.69624354415291,
  "PEC_general": 64.92954894694903,
  "UT_med": 0.4751283896756562,
  "UT_Q": 0.30608285193484,
  "PTOSR": [
    0.9627352616912624,
    0.0,
    0.0,
    0.0,
    0.0,
    0.0,
    0.0,
    0.0,
    0.0,
    0.0,
    0.0,
    0.0,
    0.0,
    0.0,
    0.0
  ],
  "PTOSR_promedio": 0.0641823507794175,
  "PPDSR": 0.051732570826592425,
  "PPDINC": 0.0014492753623188406,
  "total_pacientes_llegados": 89525,
  "total_pacientes_atendidos": 89524,
  "total_consultas": 62945,
  "total_partos_naturales": 15017,
  "total_partos_cesarea": 11562,
  "total_derivaciones_sr": 1375,
  "total_derivaciones_inc": 4,
  "total_partos": 26579,
  "costo_medicos": 292182333.3333334,
  "costo_quirofano": 2525005000.0,
  "costo_sr_operacion": 2267597818.207077,
  "costo_inc_operacion": 275600000.0,
  "CTM": 44057960.14964721,
  "costo_total_10_anios": 5360385151.540411,
  "CII": 0.0,
  "eventos_procesados": 296533,
  "tiempo_simulacion": 5257776.450844661,
  "G": 1,
  "SR": 15,
  "I": 10,
  "SC": 1
}