{
  "PEC_consultas": 85.6453257018983,
  "PEC_partos_nat": 21.959495495959644,
  "PEC_partos_ces": 40.6020044096489,
  "PEC_general": 68.87871897744823,
  "UT_med": 0.47816545282877854,
  "UT_Q": 0.3108186657577522,
  "PTOSR": [
    0.9598337957211444,
    0.0,
    0.0,
    0.0,
    0.0,
    0.0,
    0.0,
    0.0,
    0.0,
    0.0,
    0.0,
    0.0,
    0.0,
    0.0,
    0.0
  ],
  "PTOSR_promedio": 0.06398891971474295,
  "PPDSR": 0.05654717819582284,
  "PPDINC": 0.0011013215859030838,
  "total_pacientes_llegados": 89383,
  "total_pacientes_atendidos": 89381,
  "total_consultas": 62377,
  "total_partos_naturales": 15141,
  "total_partos_cesarea": 11863,
  "total_derivaciones_sr": 1527,
  "total_derivaciones_inc": 3,
  "total_partos": 27004,
  "costo_medicos": 292980333.3333334,
  "costo_quirofano": 2565380000.0,
  "costo_sr_operacion": 2289532436.9130845,
  "costo_inc_operacion": 271900000.0,
  "CTM": 44546241.94723083,
  "costo_total_10_anios": 5419792770.246418,
  "CII": 0.0,
  "eventos_procesados": 296328,
  "tiempo_simulacion": 5256031.500954997,
  "G": 1,
  "SR": 15,
  "I": 10,
  "SC": 1
}