{
  "PEC_consultas": 82.28495749918558,
  "PEC_partos_nat": 21.782726309720818,
  "PEC_partos_ces": 39.37923427213346,
  "PEC_general": 66.3945840854808,
  "UT_med": 0.4725253703459107,
  "UT_Q": 0.3059851382519791,
  "PTOSR": [
    0.9633931626238532,
    0.0,
    0.0,
    0.0,
    0.0,
    0.0,
    0.0,
    0.0,
    0.0,
    0.0,
    0.0,
    0.0,
    0.0,
    0.0,
    0.0
  ],
  "PTOSR_promedio": 0.06422621084159022,
  "PPDSR": 0.0514979513588693,
  "PPDINC": 0.002629601803155522,
  "total_pacientes_llegados": 88757,
  "total_pacientes_atendidos": 88756,
  "total_consultas": 62153,
  "total_partos_naturales": 15284,
  "total_partos_cesarea": 11319,
  "total_derivaciones_sr": 1370,
  "total_derivaciones_inc": 7,
  "total_partos": 26603,
  "costo_medicos": 292239333.3333334,
  "costo_quirofano": 2527285000.0,
  "costo_sr_operacion": 2273256727.8918386,
  "costo_inc_operacion": 265400000.0,
  "CTM": 44039844.33883703,
  "costo_total_10_anios": 5358181061.225172,
  "CII": 0.0,
  "eventos_procesados": 294153,
  "tiempo_simulacion": 5256148.579340094,
  "G": 1,
  "SR": 15,
  "I": 10,
  "SC": 1
}