{
  "PEC_consultas": 86.23197451158103,
  "PEC_partos_nat": 21.52989338640479,
  "PEC_partos_ces": 41.15413582480288,
  "PEC_general": 69.29003636558052,
  "UT_med": 0.4810547504358362,
  "UT_Q": 0.31218659753703965,
  "PTOSR": [
    0.9587062826626255,
    0.0,
    0.0,
    0.0,
    0.0,
    0.0,
    0.0,
    0.0,
    0.0,
    0.0,
    0.0,
    0.0,
    0.0,
    0.0,
    0.0
  ],
  "PTOSR_promedio": 0.06391375217750836,
  "PPDSR": 0.057581007851955614,
  "PPDINC": 0.001480932987782303,
  "total_pacientes_llegados": 90063,
  "total_pacientes_atendidos": 90062,
  "total_consultas": 62935,
  "total_partos_naturales": 15440,
  "total_partos_cesarea": 11687,
  "total_derivaciones_sr": 1562,
  "total_derivaciones_inc": 4,
  "total_partos": 27127,
  "costo_medicos": 293208333.3333334,
  "costo_quirofano": 2577065000.0,
  "costo_sr_operacion": 2301823639.1904745,
  "costo_inc_operacion": 269500000.0,
  "CTM": 44725454.568688825,
  "costo_total_10_anios": 5441596972.523808,
  "CII": 0.0,
  "eventos_procesados": 298440,
  "tiempo_simulacion": 5256133.122603716,
  "G": 1,
  "SR": 15,
  "I": 10,
  "SC": 1
}