{
  "PEC_consultas": 84.61559221526092,
  "PEC_partos_nat": 21.550268173245104,
  "PEC_partos_ces": 40.094155379337586,
  "PEC_general": 68.06845040474859,
  "UT_med": 0.48156031044742237,
  "UT_Q": 0.31209523629283586,
  "PTOSR": [
    0.9589770385276325,
    0.0,
    0.0,
    0.0,
    0.0,
    0.0,
    0.0,
    0.0,
    0.0,
    0.0,
    0.0,
    0.0,
    0.0,
    0.0,
    0.0
  ],
  "PTOSR_promedio": 0.06393180256850883,
  "PPDSR": 0.05711544847433864,
  "PPDINC": 0.0022132054592401327,
  "total_pacientes_llegados": 90198,
  "total_pacientes_atendidos": 90189,
  "total_consultas": 63086,
  "total_partos_naturales": 15407,
  "total_partos_cesarea": 11696,
  "total_derivaciones_sr": 1548,
  "total_derivaciones_inc": 6,
  "total_partos": 27103,
  "costo_medicos": 293151333.3333334,
  "costo_quirofano": 2574785000.0,
  "costo_sr_operacion": 2295822935.7356815,
  "costo_inc_operacion": 269700000.0,
  "CTM": 44658569.334813826,
  "costo_total_10_anios": 5433459269.0690155,
  "CII": 0.0,
  "eventos_procesados": 298813,
  "tiempo_simulacion": 5256029.859414303,
  "G": 1,
  "SR": 15,
  "I": 10,
  "SC": 1
}