{
  "PEC_consultas": 84.33290828976132,
  "PEC_partos_nat": 22.08736291180918,
  "PEC_partos_ces": 41.96876442420348,
  "PEC_general": 68.21512372742052,
  "UT_med": 0.4705457867162278,
  "UT_Q": 0.30495974577734136,
  "PTOSR": [
    0.9638839682560381,
    0.0,
    0.0,
    0.0,
    0.0,
    0.0,
    0.0,
    0.0,
    0.0,
    0.0,
    0.0,
    0.0,
    0.0,
    0.0,
    0.0
  ],
  "PTOSR_promedio": 0.0642589312170692,
  "PPDSR": 0.0552536231884058,
  "PPDINC": 0.0018825301204819277,
  "total_pacientes_llegados": 88237,
  "total_pacientes_atendidos": 88235,
  "total_consultas": 61739,
  "total_partos_naturales": 15073,
  "total_partos_cesarea": 11423,
  "total_derivaciones_sr": 1464,
  "total_derivaciones_inc": 5,
  "total_partos": 26496,
  "costo_medicos": 292011333.3333334,
  "costo_quirofano": 2517120000.0,
  "costo_sr_operacion": 2251765891.060816,
  "costo_inc_operacion": 264900000.0,
  "CTM": 43773675.816938214,
  "costo_total_10_anios": 5325797224.39415,
  "CII": 0.0,
  "eventos_procesados": 292382,
  "tiempo_simulacion": 5256002.540906682,
  "G": 1,
  "SR": 15,
  "I": 10,
  "SC": 1
}