{
  "PEC_consultas": 84.37316126966353,
  "PEC_partos_nat": 22.0040230343632,
  "PEC_partos_ces": 39.790634522290574,
  "PEC_general": 67.96333983048162,
  "UT_med": 0.4745093979897581,
  "UT_Q": 0.3068890863291586,
  "PTOSR": [
    0.9627762923266747,
    0.0,
    0.0,
    0.0,
    0.0,
    0.0,
    0.0,
    0.0,
    0.0,
    0.0,
    0.0,
    0.0,
    0.0,
    0.0,
    0.0
  ],
  "PTOSR_promedio": 0.06418508615511165,
  "PPDSR": 0.05383923215356928,
  "PPDINC": 0.0011135857461024498,
  "total_pacientes_llegados": 89001,
  "total_pacientes_atendidos": 88999,
  "total_consultas": 62327,
  "total_partos_naturales": 15256,
  "total_partos_cesarea": 11416,
  "total_derivaciones_sr": 1436,
  "total_derivaciones_inc": 3,
  "total_partos": 26672,
  "costo_medicos": 292353333.3333334,
  "costo_quirofano": 2533840000.0,
  "costo_sr_operacion": 2269546266.65193,
  "costo_inc_operacion": 268400000.0,
  "CTM": 44088818.630015865,
  "costo_total_10_anios": 5364139599.985264,
  "CII": 0.0,
  "eventos_procesados": 294907,
  "tiempo_simulacion": 5256005.1893012645,
  "G": 1,
  "SR": 15,
  "I": 10,
  "SC": 1
}