{
  "PEC_consultas": 85.15836515200971,
  "PEC_partos_nat": 22.047456337999524,
  "PEC_partos_ces": 40.716239569348325,
  "PEC_general": 68.53190374432056,
  "UT_med": 0.483248445814163,
  "UT_Q": 0.3135814601857471,
  "PTOSR": [
    0.9611290340166011,
    0.0,
    0.0,
    0.0,
    0.0,
    0.0,
    0.0,
    0.0,
    0.0,
    0.0,
    0.0,
    0.0,
    0.0,
    0.0,
    0.0
  ],
  "PTOSR_promedio": 0.06407526893444007,
  "PPDSR": 0.058862361095830124,
  "PPDINC": 0.00036603221083455345,
  "total_pacientes_llegados": 90472,
  "total_pacientes_atendidos": 90471,
  "total_consultas": 63204,
  "total_partos_naturales": 15663,
  "total_partos_cesarea": 11604,
  "total_derivaciones_sr": 1605,
  "total_derivaciones_inc": 1,
  "total_partos": 27267,
  "costo_medicos": 293436333.3333334,
  "costo_quirofano": 2590365000.0,
  "costo_sr_operacion": 2308064911.2776656,
  "costo_inc_operacion": 273000000.0,
  "CTM": 44916708.85981643,
  "costo_total_10_anios": 5464866244.610999,
  "CII": 0.0,
  "eventos_procesados": 299792,
  "tiempo_simulacion": 5256026.372374559,
  "G": 1,
  "SR": 15,
  "I": 10,
  "SC": 1
}