{
  "nombre": "CASO 3",
  "configuracion": {
    "G": 1,
    "SC": 1,
    "SR": 15,
    "I": 10,
    "descripcion": "Configuración mínima - alta probabilidad de derivaciones"
  },
  "num_replicas": 30,
  "indicadores": {
    "PEC_consultas": {
      "media": 84.20227505902317,
      "std": 1.8332334746827725,
      "ic_95": [
        83.54626088521505,
        84.85828923283128
      ],
      "min": 80.019146454749,
      "max": 88.08660617911171
    },
    "PEC_partos_nat": {
      "media": 21.846592174986213,
      "std": 0.3358805676547416,
      "ic_95": [
        21.726398857478546,
        21.96678549249388
      ],
      "min": 21.00079201199928,
      "max": 22.38965159298281
    },
    "PEC_partos_ces": {
      "media": 40.149100288803304,
      "std": 0.9878759004771833,
      "ic_95": [
        39.79559343786134,
        40.502607139745265
      ],
      "min": 38.57665704885454,
      "max": 42.0924080064019
    },
    "PEC_general": {
      "media": 67.84455918349856,
      "std": 1.3610401803623144,
      "ic_95": [
        67.3575172099744,
        68.33160115702272
      ],
      "min": 64.89533134418377,
      "max": 70.7314099809446
    },
    "UT_med": {
      "media": 0.4775373042201172,
      "std": 0.004031632201733818,
      "ic_95": [
        0.476094603165154,
        0.4789800052750804
      ],
      "min": 0.4705457867162278,
      "max": 0.4842207365772103
    },
    "UT_Q": {
      "media": 0.3093487678371891,
      "std": 0.0031102412313823466,
      "ic_95": [
        0.3082357823064714,
        0.3104617533679068
      ],
      "min": 0.3043978887103624,
      "max": 0.31495084317125077
    },
    "PTOSR_promedio": {
      "media": 0.06405612791493166,
      "std": 0.00013172908441934144,
      "ic_95": [
        0.0640089892674679,
        0.06410326656239543
      ],
      "min": 0.06380212407792833,
      "max": 0.06429521436403487
    },
    "PPDSR": {
      "media": 0.05607358223816546,
      "std": 0.0022925217827575203,
      "ic_95": [
        0.05525321385409314,
        0.05689395062223779
      ],
      "min": 0.0514979513588693,
      "max": 0.05907468070227097
    },
    "PPDINC": {
      "media": 0.0012625184760782623,
      "std": 0.0007198346674833317,
      "ic_95": [
        0.0010049289485090929,
        0.0015201080036474318
      ],
      "min": 0.0,
      "max": 0.002936857562408223
    },
    "CTM": {
      "media": 44366047.85678072,
      "std": 401103.3082695305,
      "ic_95": [
        44222514.88129233,
        44509580.83226912
      ],
      "min": 43603200.10300755,
      "max": 45052262.29829397
    },
    "CII": {
      "media": 0.0,
      "std": 0.0,
      "ic_95": [
        0.0,
        0.0
      ],
      "min": 0.0,
      "max": 0.0
    },
    "total_pacientes_llegados": {
      "media": 89515.9,
      "std": 646.4522464162003,
      "ic_95": [
        89284.57003456146,
        89747.22996543853
      ],
      "min": 88237.0,
      "max": 90472.0
    },
    "total_pacientes_atendidos": {
      "media": 89514.2,
      "std": 646.5101754006288,
      "ic_95": [
        89282.84930494061,
        89745.55069505938
      ],
      "min": 88235.0,
      "max": 90471.0
    },
    "total_derivaciones_sr": {
      "media": 1507.6666666666667,
      "std": 72.2153548164403,
      "ic_95": [
        1481.8247338302804,
        1533.5085995030531
      ],
      "min": 1370.0,
      "max": 1606.0
    },
    "total_derivaciones_inc": {
      "media": 3.4,
      "std": 1.9404940714620362,
      "ic_95": [
        2.7056031145787314,
        4.0943968854212685
      ],
      "min": 0.0,
      "max": 8.0
    }
  }
}