{
  "PEC_consultas": 15.159883878287127,
  "PEC_partos_nat": 19.80872911821427,
  "PEC_partos_ces": 35.301551635929584,
  "PEC_general": 18.554823895047075,
  "UT_med": 0.1564908892513887,
  "UT_Q": 0.303967492141722,
  "PTOSR": [
    1.0039523803397399,
    0.0,
    0.0,
    0.0,
    0.0,
    0.0,
    0.0,
    0.0,
    0.0,
    0.0,
    0.0,
    0.0,
    0.0,
    0.0,
    0.0,
    0.0,
    0.0,
    0.0,
    0.0,
    0.0
  ],
  "PTOSR_promedio": 0.050197619016986994,
  "PPDSR": 0.0051109260240781405,
  "PPDINC": 0.0,
  "total_pacientes_llegados": 88099,
  "total_pacientes_atendidos": 88098,
  "total_consultas": 61684,
  "total_partos_naturales": 15035,
  "total_partos_cesarea": 11379,
  "total_derivaciones_sr": 135,
  "total_derivaciones_inc": 0,
  "total_partos": 26414,
  "costo_medicos": 875692000.0,
  "costo_quirofano": 2509330000.0,
  "costo_sr_operacion": 2362827830.6019154,
  "costo_inc_operacion": 266000000.0,
  "CTM": 49428902.717276014,
  "costo_total_10_anios": 6013849830.601915,
  "CII": 10000000.0,
  "eventos_procesados": 293231,
  "tiempo_simulacion": 5256073.305213449,
  "G": 3,
  "SR": 20,
  "I": 13,
  "SC": 2
}