{
  "PEC_consultas": 15.009528212507906,
  "PEC_partos_nat": 19.54601140851811,
  "PEC_partos_ces": 36.12450083402807,
  "PEC_general": 18.517436261916757,
  "UT_med": 0.16042549653332602,
  "UT_Q": 0.3110002331656856,
  "PTOSR": [
    1.0042569396095498,
    0.0,
    0.0,
    0.0,
    0.0,
    0.0,
    0.0,
    0.0,
    0.0,
    0.0,
    0.0,
    0.0,
    0.0,
    0.0,
    0.0,
    0.0,
    0.0,
    0.0,
    0.0,
    0.0
  ],
  "PTOSR_promedio": 0.05021284698047749,
  "PPDSR": 0.0045118343195266275,
  "PPDINC": 0.0,
  "total_pacientes_llegados": 90492,
  "total_pacientes_atendidos": 90490,
  "total_consultas": 63450,
  "total_partos_naturales": 15292,
  "total_partos_cesarea": 11748,
  "total_derivaciones_sr": 122,
  "total_derivaciones_inc": 0,
  "total_partos": 27040,
  "costo_medicos": 879112000.0,
  "costo_quirofano": 2568800000.0,
  "costo_sr_operacion": 2420706673.742179,
  "costo_inc_operacion": 265200000.0,
  "CTM": 50414948.003360376,
  "costo_total_10_anios": 6133818673.742179,
  "CII": 10000000.0,
  "eventos_procesados": 301041,
  "tiempo_simulacion": 5256018.9666586695,
  "G": 3,
  "SR": 20,
  "I": 13,
  "SC": 2
}