{
  "PEC_consultas": 15.166162361206798,
  "PEC_partos_nat": 19.336359083305496,
  "PEC_partos_ces": 35.24756147120525,
  "PEC_general": 18.490357254270315,
  "UT_med": 0.15775637972148487,
  "UT_Q": 0.3077120609405472,
  "PTOSR": [
    1.0035870488653218,
    0.0,
    0.0,
    0.0,
    0.0,
    0.0,
    0.0,
    0.0,
    0.0,
    0.0,
    0.0,
    0.0,
    0.0,
    0.0,
    0.0,
    0.0,
    0.0,
    0.0,
    0.0,
    0.0
  ],
  "PTOSR_promedio": 0.05017935244326609,
  "PPDSR": 0.006694341598414301,
  "PPDINC": 0.0,
  "total_pacientes_llegados": 88513,
  "total_pacientes_atendidos": 88512,
  "total_consultas": 61773,
  "total_partos_naturales": 15255,
  "total_partos_cesarea": 11484,
  "total_derivaciones_sr": 179,
  "total_derivaciones_inc": 0,
  "total_partos": 26739,
  "costo_medicos": 877402000.0,
  "costo_quirofano": 2540205000.0,
  "costo_sr_operacion": 2388010024.7854853,
  "costo_inc_operacion": 264000000.0,
  "CTM": 49887263.217414945,
  "costo_total_10_anios": 6069617024.785485,
  "CII": 10000000.0,
  "eventos_procesados": 294731,
  "tiempo_simulacion": 5256004.107119604,
  "G": 3,
  "SR": 20,
  "I": 13,
  "SC": 2
}