{
  "PEC_consultas": 14.041896901051382,
  "PEC_partos_nat": 19.83581618019933,
  "PEC_partos_ces": 34.642796450050746,
  "PEC_general": 17.67397989205148,
  "UT_med": 0.15920267835734833,
  "UT_Q": 0.3093385257827186,
  "PTOSR": [
    1.0035220327945826,
    0.0,
    0.0,
    0.0,
    0.0,
    0.0,
    0.0,
    0.0,
    0.0,
    0.0,
    0.0,
    0.0,
    0.0,
    0.0,
    0.0,
    0.0,
    0.0,
    0.0,
    0.0,
    0.0
  ],
  "PTOSR_promedio": 0.05017610163972913,
  "PPDSR": 0.005617350544994606,
  "PPDINC": 0.0,
  "total_pacientes_llegados": 89498,
  "total_pacientes_atendidos": 89498,
  "total_consultas": 62617,
  "total_partos_naturales": 15446,
  "total_partos_cesarea": 11435,
  "total_derivaciones_sr": 151,
  "total_derivaciones_inc": 0,
  "total_partos": 26881,
  "costo_medicos": 878257000.0,
  "costo_quirofano": 2553695000.0,
  "costo_sr_operacion": 2402463124.3096814,
  "costo_inc_operacion": 267500000.0,
  "CTM": 50152727.049120665,
  "costo_total_10_anios": 6101915124.309681,
  "CII": 10000000.0,
  "eventos_procesados": 297890,
  "tiempo_simulacion": 5256005.4796307525,
  "G": 3,
  "SR": 20,
  "I": 13,
  "SC": 2
}