{
  "PEC_consultas": 14.626623958104494,
  "PEC_partos_nat": 19.45722943010097,
  "PEC_partos_ces": 35.11991975592188,
  "PEC_general": 18.088653090991293,
  "UT_med": 0.15991572449563513,
  "UT_Q": 0.31066492822047315,
  "PTOSR": [
    1.0027179374114283,
    0.0,
    0.0,
    0.0,
    0.0,
    0.0,
    0.0,
    0.0,
    0.0,
    0.0,
    0.0,
    0.0,
    0.0,
    0.0,
    0.0,
    0.0,
    0.0,
    0.0,
    0.0,
    0.0
  ],
  "PTOSR_promedio": 0.05013589687057142,
  "PPDSR": 0.006702214322743094,
  "PPDINC": 0.0007380073800738007,
  "total_pacientes_llegados": 89932,
  "total_pacientes_atendidos": 89931,
  "total_consultas": 62925,
  "total_partos_naturales": 15457,
  "total_partos_cesarea": 11549,
  "total_derivaciones_sr": 181,
  "total_derivaciones_inc": 2,
  "total_partos": 27006,
  "costo_medicos": 878941000.0,
  "costo_quirofano": 2565570000.0,
  "costo_sr_operacion": 2413518434.286798,
  "costo_inc_operacion": 270700000.0,
  "CTM": 50373118.63797368,
  "costo_total_10_anios": 6128729434.2867985,
  "CII": 10000000.0,
  "eventos_procesados": 299321,
  "tiempo_simulacion": 5256009.366680712,
  "G": 3,
  "SR": 20,
  "I": 13,
  "SC": 2
}