{
  "PEC_consultas": 14.932351785762682,
  "PEC_partos_nat": 19.88707279732263,
  "PEC_partos_ces": 35.9641553358359,
  "PEC_general": 18.50894411541522,
  "UT_med": 0.1594407927915142,
  "UT_Q": 0.31017725943306845,
  "PTOSR": [
    1.0030453393673266,
    0.0,
    0.0,
    0.0,
    0.0,
    0.0,
    0.0,
    0.0,
    0.0,
    0.0,
    0.0,
    0.0,
    0.0,
    0.0,
    0.0,
    0.0,
    0.0,
    0.0,
    0.0,
    0.0
  ],
  "PTOSR_promedio": 0.05015226696836633,
  "PPDSR": 0.006455921638468388,
  "PPDINC": 0.0,
  "total_pacientes_llegados": 89562,
  "total_pacientes_atendidos": 89561,
  "total_consultas": 62609,
  "total_partos_naturales": 15334,
  "total_partos_cesarea": 11618,
  "total_derivaciones_sr": 174,
  "total_derivaciones_inc": 0,
  "total_partos": 26952,
  "costo_medicos": 878599000.0,
  "costo_quirofano": 2560440000.0,
  "costo_sr_operacion": 2406354150.9056516,
  "costo_inc_operacion": 270700000.0,
  "CTM": 50269258.77456699,
  "costo_total_10_anios": 6116093150.905651,
  "CII": 10000000.0,
  "eventos_procesados": 298161,
  "tiempo_simulacion": 5256007.235078499,
  "G": 3,
  "SR": 20,
  "I": 13,
  "SC": 2
}