{
  "PEC_consultas": 13.551538458054246,
  "PEC_partos_nat": 19.191966777918488,
  "PEC_partos_ces": 34.20680790829764,
  "PEC_general": 17.180023573813493,
  "UT_med": 0.15790370144938878,
  "UT_Q": 0.306693779839582,
  "PTOSR": [
    1.0033796291229786,
    0.0,
    0.0,
    0.0,
    0.0,
    0.0,
    0.0,
    0.0,
    0.0,
    0.0,
    0.0,
    0.0,
    0.0,
    0.0,
    0.0,
    0.0,
    0.0,
    0.0,
    0.0,
    0.0
  ],
  "PTOSR_promedio": 0.05016898145614893,
  "PPDSR": 0.005407841369986481,
  "PPDINC": 0.0,
  "total_pacientes_llegados": 88826,
  "total_pacientes_atendidos": 88819,
  "total_consultas": 62191,
  "total_partos_naturales": 15167,
  "total_partos_cesarea": 11461,
  "total_derivaciones_sr": 144,
  "total_derivaciones_inc": 0,
  "total_partos": 26628,
  "costo_medicos": 876718000.0,
  "costo_quirofano": 2529660000.0,
  "costo_sr_operacion": 2383769625.630596,
  "costo_inc_operacion": 271200000.0,
  "CTM": 49819295.55312818,
  "costo_total_10_anios": 6061347625.630596,
  "CII": 10000000.0,
  "eventos_procesados": 295645,
  "tiempo_simulacion": 5256019.81372243,
  "G": 3,
  "SR": 20,
  "I": 13,
  "SC": 2
}