{
  "PEC_consultas": 15.26583778298397,
  "PEC_partos_nat": 19.822089026353133,
  "PEC_partos_ces": 35.44459407775058,
  "PEC_general": 18.67286615658825,
  "UT_med": 0.15918901208824662,
  "UT_Q": 0.309919636966215,
  "PTOSR": [
    1.0033643415001556,
    0.0,
    0.0,
    0.0,
    0.0,
    0.0,
    0.0,
    0.0,
    0.0,
    0.0,
    0.0,
    0.0,
    0.0,
    0.0,
    0.0,
    0.0,
    0.0,
    0.0,
    0.0,
    0.0
  ],
  "PTOSR_promedio": 0.05016821707500778,
  "PPDSR": 0.0052727340239872265,
  "PPDINC": 0.0,
  "total_pacientes_llegados": 89345,
  "total_pacientes_atendidos": 89343,
  "total_consultas": 62412,
  "total_partos_naturales": 15301,
  "total_partos_cesarea": 11630,
  "total_derivaciones_sr": 142,
  "total_derivaciones_inc": 0,
  "total_partos": 26931,
  "costo_medicos": 878428000.0,
  "costo_quirofano": 2558445000.0,
  "costo_sr_operacion": 2409277957.166913,
  "costo_inc_operacion": 265600000.0,
  "CTM": 50233569.51096093,
  "costo_total_10_anios": 6111750957.166913,
  "CII": 10000000.0,
  "eventos_procesados": 297471,
  "tiempo_simulacion": 5256020.128042658,
  "G": 3,
  "SR": 20,
  "I": 13,
  "SC": 2
}