{
  "PEC_consultas": 14.856787769254106,
  "PEC_partos_nat": 19.408243804886936,
  "PEC_partos_ces": 34.29900934074518,
  "PEC_general": 18.131178512427045,
  "UT_med": 0.15802803730900747,
  "UT_Q": 0.3071345500858673,
  "PTOSR": [
    1.0031186387244113,
    0.0,
    0.0,
    0.0,
    0.0,
    0.0,
    0.0,
    0.0,
    0.0,
    0.0,
    0.0,
    0.0,
    0.0,
    0.0,
    0.0,
    0.0,
    0.0,
    0.0,
    0.0,
    0.0
  ],
  "PTOSR_promedio": 0.05015593193622057,
  "PPDSR": 0.005810030736936802,
  "PPDINC": 0.0,
  "total_pacientes_llegados": 88927,
  "total_pacientes_atendidos": 88926,
  "total_consultas": 62248,
  "total_partos_naturales": 15278,
  "total_partos_cesarea": 11400,
  "total_derivaciones_sr": 155,
  "total_derivaciones_inc": 0,
  "total_partos": 26678,
  "costo_medicos": 877060000.0,
  "costo_quirofano": 2534410000.0,
  "costo_sr_operacion": 2383914701.642731,
  "costo_inc_operacion": 261200000.0,
  "CTM": 49780148.23267998,
  "costo_total_10_anios": 6056584701.642731,
  "CII": 10000000.0,
  "eventos_procesados": 295908,
  "tiempo_simulacion": 5256162.672719902,
  "G": 3,
  "SR": 20,
  "I": 13,
  "SC": 2
}