{
  "PEC_consultas": 13.87903373521799,
  "PEC_partos_nat": 19.26635324920193,
  "PEC_partos_ces": 33.36158026608977,
  "PEC_general": 17.257629131469812,
  "UT_med": 0.15619108364601691,
  "UT_Q": 0.30167223509890756,
  "PTOSR": [
    1.00405329462718,
    0.0,
    0.0,
    0.0,
    0.0,
    0.0,
    0.0,
    0.0,
    0.0,
    0.0,
    0.0,
    0.0,
    0.0,
    0.0,
    0.0,
    0.0,
    0.0,
    0.0,
    0.0,
    0.0
  ],
  "PTOSR_promedio": 0.050202664731359,
  "PPDSR": 0.004463093648674423,
  "PPDINC": 0.0003677822728944465,
  "total_pacientes_llegados": 88418,
  "total_pacientes_atendidos": 88418,
  "total_consultas": 62203,
  "total_partos_naturales": 15041,
  "total_partos_cesarea": 11174,
  "total_derivaciones_sr": 117,
  "total_derivaciones_inc": 1,
  "total_partos": 26215,
  "costo_medicos": 874495000.0,
  "costo_quirofano": 2490425000.0,
  "costo_sr_operacion": 2348799603.626166,
  "costo_inc_operacion": 271200000.0,
  "CTM": 49191120.029804096,
  "costo_total_10_anios": 5984919603.626165,
  "CII": 10000000.0,
  "eventos_procesados": 294054,
  "tiempo_simulacion": 5256075.573486683,
  "G": 3,
  "SR": 20,
  "I": 13,
  "SC": 2
}