{
  "PEC_consultas": 15.55102621524049,
  "PEC_partos_nat": 19.76968907490887,
  "PEC_partos_ces": 35.520826623558996,
  "PEC_general": 18.873147649388187,
  "UT_med": 0.1572715128642553,
  "UT_Q": 0.3075606209355337,
  "PTOSR": [
    1.002290655159748,
    0.0,
    0.0,
    0.0,
    0.0,
    0.0,
    0.0,
    0.0,
    0.0,
    0.0,
    0.0,
    0.0,
    0.0,
    0.0,
    0.0,
    0.0,
    0.0,
    0.0,
    0.0,
    0.0
  ],
  "PTOSR_promedio": 0.0501145327579874,
  "PPDSR": 0.005876188337450408,
  "PPDINC": 0.0,
  "total_pacientes_llegados": 87889,
  "total_pacientes_atendidos": 87889,
  "total_consultas": 61171,
  "total_partos_naturales": 15337,
  "total_partos_cesarea": 11381,
  "total_derivaciones_sr": 157,
  "total_derivaciones_inc": 0,
  "total_partos": 26718,
  "costo_medicos": 877231000.0,
  "costo_quirofano": 2538210000.0,
  "costo_sr_operacion": 2389654220.975178,
  "costo_inc_operacion": 273600000.0,
  "CTM": 49961878.528563105,
  "costo_total_10_anios": 6078695220.975178,
  "CII": 10000000.0,
  "eventos_procesados": 292952,
  "tiempo_simulacion": 5256288.417271452,
  "G": 3,
  "SR": 20,
  "I": 13,
  "SC": 2
}