{
  "PEC_consultas": 14.17018539181181,
  "PEC_partos_nat": 19.428053300232058,
  "PEC_partos_ces": 34.76846492639534,
  "PEC_general": 17.673518292268657,
  "UT_med": 0.15833854496183145,
  "UT_Q": 0.3065846371502398,
  "PTOSR": [
    1.0029281964503791,
    0.0,
    0.0,
    0.0,
    0.0,
    0.0,
    0.0,
    0.0,
    0.0,
    0.0,
    0.0,
    0.0,
    0.0,
    0.0,
    0.0,
    0.0,
    0.0,
    0.0,
    0.0,
    0.0
  ],
  "PTOSR_promedio": 0.05014640982251896,
  "PPDSR": 0.006270416400705891,
  "PPDINC": 0.0,
  "total_pacientes_llegados": 89247,
  "total_pacientes_atendidos": 89246,
  "total_consultas": 62613,
  "total_partos_naturales": 15380,
  "total_partos_cesarea": 11253,
  "total_derivaciones_sr": 167,
  "total_derivaciones_inc": 0,
  "total_partos": 26633,
  "costo_medicos": 876889000.0,
  "costo_quirofano": 2530135000.0,
  "costo_sr_operacion": 2379649484.768611,
  "costo_inc_operacion": 264400000.0,
  "CTM": 49734850.559742,
  "costo_total_10_anios": 6051073484.768611,
  "CII": 10000000.0,
  "eventos_procesados": 296844,
  "tiempo_simulacion": 5256025.950023405,
  "G": 3,
  "SR": 20,
  "I": 13,
  "SC": 2
}