{
  "PEC_consultas": 14.277942805966513,
  "PEC_partos_nat": 19.44402000775739,
  "PEC_partos_ces": 33.96542263810285,
  "PEC_general": 17.666493646661962,
  "UT_med": 0.1589789187014208,
  "UT_Q": 0.3082940335259256,
  "PTOSR": [
    1.0036032890501623,
    0.0,
    0.0,
    0.0,
    0.0,
    0.0,
    0.0,
    0.0,
    0.0,
    0.0,
    0.0,
    0.0,
    0.0,
    0.0,
    0.0,
    0.0,
    0.0,
    0.0,
    0.0,
    0.0
  ],
  "PTOSR_promedio": 0.050180164452508114,
  "PPDSR": 0.005641696245096208,
  "PPDINC": 0.0,
  "total_pacientes_llegados": 89509,
  "total_pacientes_atendidos": 89509,
  "total_consultas": 62744,
  "total_partos_naturales": 15400,
  "total_partos_cesarea": 11365,
  "total_derivaciones_sr": 151,
  "total_derivaciones_inc": 0,
  "total_partos": 26765,
  "costo_medicos": 877573000.0,
  "costo_quirofano": 2542675000.0,
  "costo_sr_operacion": 2392987151.6646085,
  "costo_inc_operacion": 266100000.0,
  "CTM": 49967138.23285979,
  "costo_total_10_anios": 6079335151.664608,
  "CII": 10000000.0,
  "eventos_procesados": 297793,
  "tiempo_simulacion": 5256002.469421701,
  "G": 3,
  "SR": 20,
  "I": 13,
  "SC": 2
}