{
  "PEC_consultas": 15.623001559297522,
  "PEC_partos_nat": 19.149439748804127,
  "PEC_partos_ces": 36.11128081817048,
  "PEC_general": 18.859504481193547,
  "UT_med": 0.1593073181630676,
  "UT_Q": 0.30910383749405007,
  "PTOSR": [
    1.0036119831219612,
    0.0,
    0.0,
    0.0,
    0.0,
    0.0,
    0.0,
    0.0,
    0.0,
    0.0,
    0.0,
    0.0,
    0.0,
    0.0,
    0.0,
    0.0,
    0.0,
    0.0,
    0.0,
    0.0
  ],
  "PTOSR_promedio": 0.05018059915609806,
  "PPDSR": 0.0053262812872467225,
  "PPDINC": 0.0,
  "total_pacientes_llegados": 89800,
  "total_pacientes_atendidos": 89800,
  "total_consultas": 62952,
  "total_partos_naturales": 15295,
  "total_partos_cesarea": 11553,
  "total_derivaciones_sr": 143,
  "total_derivaciones_inc": 0,
  "total_partos": 26848,
  "costo_medicos": 878086000.0,
  "costo_quirofano": 2550560000.0,
  "costo_sr_operacion": 2401624767.6046906,
  "costo_inc_operacion": 273400000.0,
  "CTM": 50167156.994011156,
  "costo_total_10_anios": 6103670767.604691,
  "CII": 10000000.0,
  "eventos_procesados": 298833,
  "tiempo_simulacion": 5256073.841735478,
  "G": 3,
  "SR": 20,
  "I": 13,
  "SC": 2
}