{
  "PEC_consultas": 22.27832059848992,
  "PEC_partos_nat": 19.619700807984923,
  "PEC_partos_ces": 33.89753267958283,
  "PEC_general": 23.346293753292862,
  "UT_med": 0.24166541526415075,
  "UT_Q": 0.3134203851934115,
  "PTOSR": [
    0.9746269372821973,
    0.0,
    0.0,
    0.0,
    0.0,
    0.0,
    0.0,
    0.0,
    0.0,
    0.0,
    0.0,
    0.0,
    0.0,
    0.0,
    0.0,
    0.0
  ],
  "PTOSR_promedio": 0.06091418358013733,
  "PPDSR": 0.040158578665296235,
  "PPDINC": 0.0,
  "total_pacientes_llegados": 90487,
  "total_pacientes_atendidos": 90487,
  "total_consultas": 63245,
  "total_partos_naturales": 15401,
  "total_partos_cesarea": 11841,
  "total_derivaciones_sr": 1094,
  "total_derivaciones_inc": 0,
  "total_partos": 27242,
  "costo_medicos": 586758666.6666667,
  "costo_quirofano": 2587990000.0,
  "costo_sr_operacion": 2353667432.0732007,
  "costo_inc_operacion": 258200000.0,
  "CTM": 47561228.208820835,
  "costo_total_10_anios": 5786616098.739868,
  "CII": 0.0,
  "eventos_procesados": 300185,
  "tiempo_simulacion": 5256010.8445786005,
  "G": 2,
  "SR": 16,
  "I": 11,
  "SC": 1
}