{
  "PEC_consultas": 22.957965543936727,
  "PEC_partos_nat": 18.736687694835776,
  "PEC_partos_ces": 35.30685200999818,
  "PEC_general": 23.835916127464206,
  "UT_med": 0.23864447455856355,
  "UT_Q": 0.3089437310038665,
  "PTOSR": [
    0.9762628316088876,
    0.0,
    0.0,
    0.0,
    0.0,
    0.0,
    0.0,
    0.0,
    0.0,
    0.0,
    0.0,
    0.0,
    0.0,
    0.0,
    0.0,
    0.0
  ],
  "PTOSR_promedio": 0.061016426975555475,
  "PPDSR": 0.03771615980918307,
  "PPDINC": 0.0,
  "total_pacientes_llegados": 89434,
  "total_pacientes_atendidos": 89433,
  "total_consultas": 62601,
  "total_partos_naturales": 15258,
  "total_partos_cesarea": 11574,
  "total_derivaciones_sr": 1012,
  "total_derivaciones_inc": 0,
  "total_partos": 26832,
  "costo_medicos": 585276666.6666667,
  "costo_quirofano": 2549040000.0,
  "costo_sr_operacion": 2320978035.725113,
  "costo_inc_operacion": 258700000.0,
  "CTM": 46964340.01965846,
  "costo_total_10_anios": 5713994702.39178,
  "CII": 0.0,
  "eventos_procesados": 296698,
  "tiempo_simulacion": 5256027.8983870745,
  "G": 2,
  "SR": 16,
  "I": 11,
  "SC": 1
}