{
  "PEC_consultas": 20.51289298800786,
  "PEC_partos_nat": 18.872835088956247,
  "PEC_partos_ces": 33.89030589309018,
  "PEC_general": 21.95180703598068,
  "UT_med": 0.2352191092557781,
  "UT_Q": 0.3025283917561827,
  "PTOSR": [
    0.9782782003166461,
    0.0,
    0.0,
    0.0,
    0.0,
    0.0,
    0.0,
    0.0,
    0.0,
    0.0,
    0.0,
    0.0,
    0.0,
    0.0,
    0.0,
    0.0
  ],
  "PTOSR_promedio": 0.061142387519790384,
  "PPDSR": 0.036676675154878186,
  "PPDINC": 0.0,
  "total_pacientes_llegados": 88921,
  "total_pacientes_atendidos": 88916,
  "total_consultas": 62605,
  "total_partos_naturales": 14918,
  "total_partos_cesarea": 11393,
  "total_derivaciones_sr": 965,
  "total_derivaciones_inc": 0,
  "total_partos": 26311,
  "costo_medicos": 583338666.6666667,
  "costo_quirofano": 2499545000.0,
  "costo_sr_operacion": 2280782658.8375463,
  "costo_inc_operacion": 258600000.0,
  "CTM": 46210408.15482915,
  "costo_total_10_anios": 5622266325.504213,
  "CII": 0.0,
  "eventos_procesados": 294675,
  "tiempo_simulacion": 5256014.241179456,
  "G": 2,
  "SR": 16,
  "I": 11,
  "SC": 1
}