{
  "PEC_consultas": 23.136305866336322,
  "PEC_partos_nat": 19.838953550448498,
  "PEC_partos_ces": 35.8527654250093,
  "PEC_general": 24.221917304599717,
  "UT_med": 0.2372975284083379,
  "UT_Q": 0.3074950444930986,
  "PTOSR": [
    0.9774504139394384,
    0.0,
    0.0,
    0.0,
    0.0,
    0.0,
    0.0,
    0.0,
    0.0,
    0.0,
    0.0,
    0.0,
    0.0,
    0.0,
    0.0,
    0.0
  ],
  "PTOSR_promedio": 0.0610906508712149,
  "PPDSR": 0.03829182559270062,
  "PPDINC": 0.0,
  "total_pacientes_llegados": 88944,
  "total_pacientes_atendidos": 88943,
  "total_consultas": 62201,
  "total_partos_naturales": 15206,
  "total_partos_cesarea": 11536,
  "total_derivaciones_sr": 1024,
  "total_derivaciones_inc": 0,
  "total_partos": 26742,
  "costo_medicos": 584934666.6666667,
  "costo_quirofano": 2540490000.0,
  "costo_sr_operacion": 2312876099.5310855,
  "costo_inc_operacion": 261900000.0,
  "CTM": 46850965.201625355,
  "costo_total_10_anios": 5700200766.197752,
  "CII": 0.0,
  "eventos_procesados": 295159,
  "tiempo_simulacion": 5256167.355389425,
  "G": 2,
  "SR": 16,
  "I": 11,
  "SC": 1
}