{
  "PEC_consultas": 21.441287948651624,
  "PEC_partos_nat": 18.676394755906408,
  "PEC_partos_ces": 35.49093795754071,
  "PEC_general": 22.79426983319394,
  "UT_med": 0.23800372789073695,
  "UT_Q": 0.3086800626236204,
  "PTOSR": [
    0.975657240011007,
    0.0,
    0.0,
    0.0,
    0.0,
    0.0,
    0.0,
    0.0,
    0.0,
    0.0,
    0.0,
    0.0,
    0.0,
    0.0,
    0.0,
    0.0
  ],
  "PTOSR_promedio": 0.060978577500687935,
  "PPDSR": 0.03821489821788084,
  "PPDINC": 0.0011372251705837756,
  "total_pacientes_llegados": 89327,
  "total_pacientes_atendidos": 89325,
  "total_consultas": 62503,
  "total_partos_naturales": 15224,
  "total_partos_cesarea": 11598,
  "total_derivaciones_sr": 1025,
  "total_derivaciones_inc": 3,
  "total_partos": 26822,
  "costo_medicos": 585276666.6666667,
  "costo_quirofano": 2548090000.0,
  "costo_sr_operacion": 2319609752.3381395,
  "costo_inc_operacion": 263100000.0,
  "CTM": 46981450.01921759,
  "costo_total_10_anios": 5716076419.0048065,
  "CII": 0.0,
  "eventos_procesados": 296392,
  "tiempo_simulacion": 5256004.984045199,
  "G": 2,
  "SR": 16,
  "I": 11,
  "SC": 1
}