{
  "PEC_consultas": 22.42785748236834,
  "PEC_partos_nat": 20.11069330575771,
  "PEC_partos_ces": 34.46888417044156,
  "PEC_general": 23.54756557986725,
  "UT_med": 0.2383236651193506,
  "UT_Q": 0.3085081282458915,
  "PTOSR": [
    0.9763906631764633,
    0.0,
    0.0,
    0.0,
    0.0,
    0.0,
    0.0,
    0.0,
    0.0,
    0.0,
    0.0,
    0.0,
    0.0,
    0.0,
    0.0,
    0.0
  ],
  "PTOSR_promedio": 0.061024416448528955,
  "PPDSR": 0.036028643890795166,
  "PPDINC": 0.0003746721618583739,
  "total_pacientes_llegados": 89339,
  "total_pacientes_atendidos": 89339,
  "total_consultas": 62527,
  "total_partos_naturales": 15518,
  "total_partos_cesarea": 11294,
  "total_derivaciones_sr": 966,
  "total_derivaciones_inc": 1,
  "total_partos": 26812,
  "costo_medicos": 585162666.6666667,
  "costo_quirofano": 2547140000.0,
  "costo_sr_operacion": 2325305240.748437,
  "costo_inc_operacion": 266600000.0,
  "CTM": 47048284.1705351,
  "costo_total_10_anios": 5724207907.415104,
  "CII": 0.0,
  "eventos_procesados": 296519,
  "tiempo_simulacion": 5256096.037304086,
  "G": 2,
  "SR": 16,
  "I": 11,
  "SC": 1
}