{
  "PEC_consultas": 22.691800304313574,
  "PEC_partos_nat": 19.545841028405885,
  "PEC_partos_ces": 35.29121378786658,
  "PEC_general": 23.774369602151257,
  "UT_med": 0.2422810078924391,
  "UT_Q": 0.3142224176540864,
  "PTOSR": [
    0.9739189972512785,
    0.0,
    0.0,
    0.0,
    0.0,
    0.0,
    0.0,
    0.0,
    0.0,
    0.0,
    0.0,
    0.0,
    0.0,
    0.0,
    0.0,
    0.0
  ],
  "PTOSR_promedio": 0.06086993732820491,
  "PPDSR": 0.042275707953254936,
  "PPDINC": 0.0014179369018078695,
  "total_pacientes_llegados": 90801,
  "total_pacientes_atendidos": 90801,
  "total_consultas": 63504,
  "total_partos_naturales": 15600,
  "total_partos_cesarea": 11697,
  "total_derivaciones_sr": 1154,
  "total_derivaciones_inc": 4,
  "total_partos": 27297,
  "costo_medicos": 586986666.6666667,
  "costo_quirofano": 2593215000.0,
  "costo_sr_operacion": 2350840224.440665,
  "costo_inc_operacion": 281300000.0,
  "CTM": 47772673.07759451,
  "costo_total_10_anios": 5812341891.107332,
  "CII": 0.0,
  "eventos_procesados": 301352,
  "tiempo_simulacion": 5256048.448368528,
  "G": 2,
  "SR": 16,
  "I": 11,
  "SC": 1
}