{
  "PEC_consultas": 22.27298015912792,
  "PEC_partos_nat": 19.160074001580675,
  "PEC_partos_ces": 36.28575511134815,
  "PEC_general": 23.557395436329895,
  "UT_med": 0.23630547142765862,
  "UT_Q": 0.3066601641581578,
  "PTOSR": [
    0.9750459124592157,
    0.0,
    0.0,
    0.0,
    0.0,
    0.0,
    0.0,
    0.0,
    0.0,
    0.0,
    0.0,
    0.0,
    0.0,
    0.0,
    0.0,
    0.0
  ],
  "PTOSR_promedio": 0.06094036952870098,
  "PPDSR": 0.04039645592431296,
  "PPDINC": 0.0,
  "total_pacientes_llegados": 88395,
  "total_pacientes_atendidos": 88393,
  "total_consultas": 61757,
  "total_partos_naturales": 15165,
  "total_partos_cesarea": 11471,
  "total_derivaciones_sr": 1076,
  "total_derivaciones_inc": 0,
  "total_partos": 26636,
  "costo_medicos": 584592666.6666667,
  "costo_quirofano": 2530420000.0,
  "costo_sr_operacion": 2296849772.598244,
  "costo_inc_operacion": 266000000.0,
  "CTM": 46667362.514506124,
  "costo_total_10_anios": 5677862439.264912,
  "CII": 0.0,
  "eventos_procesados": 293391,
  "tiempo_simulacion": 5256002.262497292,
  "G": 2,
  "SR": 16,
  "I": 11,
  "SC": 1
}