{
  "PEC_consultas": 21.28723319579162,
  "PEC_partos_nat": 19.434216430418406,
  "PEC_partos_ces": 35.29926512775085,
  "PEC_general": 22.77549542587677,
  "UT_med": 0.23946307523443122,
  "UT_Q": 0.3100525941044794,
  "PTOSR": [
    0.9770310701290046,
    0.0,
    0.0,
    0.0,
    0.0,
    0.0,
    0.0,
    0.0,
    0.0,
    0.0,
    0.0,
    0.0,
    0.0,
    0.0,
    0.0,
    0.0
  ],
  "PTOSR_promedio": 0.06106444188306279,
  "PPDSR": 0.03737658674188998,
  "PPDINC": 0.0,
  "total_pacientes_llegados": 89901,
  "total_pacientes_atendidos": 89899,
  "total_consultas": 62957,
  "total_partos_naturales": 15362,
  "total_partos_cesarea": 11580,
  "total_derivaciones_sr": 1007,
  "total_derivaciones_inc": 0,
  "total_partos": 26942,
  "costo_medicos": 585732666.6666667,
  "costo_quirofano": 2559490000.0,
  "costo_sr_operacion": 2331260414.7474637,
  "costo_inc_operacion": 267600000.0,
  "CTM": 47211641.765047655,
  "costo_total_10_anios": 5744083081.414131,
  "CII": 0.0,
  "eventos_procesados": 298299,
  "tiempo_simulacion": 5256017.814915794,
  "G": 2,
  "SR": 16,
  "I": 11,
  "SC": 1
}