{
  "PEC_consultas": 21.869759163073702,
  "PEC_partos_nat": 19.351582799796084,
  "PEC_partos_ces": 35.957493042041044,
  "PEC_general": 23.257048621165946,
  "UT_med": 0.23692185589639755,
  "UT_Q": 0.30753219968941214,
  "PTOSR": [
    0.9751383544261106,
    0.0,
    0.0,
    0.0,
    0.0,
    0.0,
    0.0,
    0.0,
    0.0,
    0.0,
    0.0,
    0.0,
    0.0,
    0.0,
    0.0,
    0.0
  ],
  "PTOSR_promedio": 0.060946147151631914,
  "PPDSR": 0.03716317365269461,
  "PPDINC": 0.0003676470588235294,
  "total_pacientes_llegados": 88723,
  "total_pacientes_atendidos": 88723,
  "total_consultas": 62003,
  "total_partos_naturales": 15256,
  "total_partos_cesarea": 11464,
  "total_derivaciones_sr": 993,
  "total_derivaciones_inc": 1,
  "total_partos": 26720,
  "costo_medicos": 584820666.6666667,
  "costo_quirofano": 2538400000.0,
  "costo_sr_operacion": 2314904568.895088,
  "costo_inc_operacion": 271400000.0,
  "CTM": 46927604.67585004,
  "costo_total_10_anios": 5709525235.561755,
  "CII": 0.0,
  "eventos_procesados": 294600,
  "tiempo_simulacion": 5256063.691712162,
  "G": 2,
  "SR": 16,
  "I": 11,
  "SC": 1
}