{
  "PEC_consultas": 23.114989786426975,
  "PEC_partos_nat": 19.212254172820906,
  "PEC_partos_ces": 35.67456940411118,
  "PEC_general": 24.077888408129407,
  "UT_med": 0.23918121779815443,
  "UT_Q": 0.3099978752318629,
  "PTOSR": [
    0.9756965177426533,
    0.0,
    0.0,
    0.0,
    0.0,
    0.0,
    0.0,
    0.0,
    0.0,
    0.0,
    0.0,
    0.0,
    0.0,
    0.0,
    0.0,
    0.0
  ],
  "PTOSR_promedio": 0.06098103235891583,
  "PPDSR": 0.037332838038632986,
  "PPDINC": 0.00036483035388544326,
  "total_pacientes_llegados": 89553,
  "total_pacientes_atendidos": 89553,
  "total_consultas": 62633,
  "total_partos_naturales": 15300,
  "total_partos_cesarea": 11620,
  "total_derivaciones_sr": 1005,
  "total_derivaciones_inc": 1,
  "total_partos": 26920,
  "costo_medicos": 585618666.6666667,
  "costo_quirofano": 2557400000.0,
  "costo_sr_operacion": 2330877015.709048,
  "costo_inc_operacion": 273500000.0,
  "CTM": 47238868.62226615,
  "costo_total_10_anios": 5747395682.375715,
  "CII": 0.0,
  "eventos_procesados": 297300,
  "tiempo_simulacion": 5256016.61059025,
  "G": 2,
  "SR": 16,
  "I": 11,
  "SC": 1
}