{
  "PEC_consultas": 22.72818851546734,
  "PEC_partos_nat": 19.958712504213597,
  "PEC_partos_ces": 35.351923254186765,
  "PEC_general": 23.903324275789963,
  "UT_med": 0.24091739986895183,
  "UT_Q": 0.31265012599608527,
  "PTOSR": [
    0.9752028180975045,
    0.0,
    0.0,
    0.0,
    0.0,
    0.0,
    0.0,
    0.0,
    0.0,
    0.0,
    0.0,
    0.0,
    0.0,
    0.0,
    0.0,
    0.0
  ],
  "PTOSR_promedio": 0.06095017613109403,
  "PPDSR": 0.038645564961354434,
  "PPDINC": 0.0003679175864606328,
  "total_pacientes_llegados": 90014,
  "total_pacientes_atendidos": 90013,
  "total_consultas": 62843,
  "total_partos_naturales": 15410,
  "total_partos_cesarea": 11760,
  "total_derivaciones_sr": 1050,
  "total_derivaciones_inc": 1,
  "total_partos": 27170,
  "costo_medicos": 586530666.6666667,
  "costo_quirofano": 2581150000.0,
  "costo_sr_operacion": 2351497484.6728196,
  "costo_inc_operacion": 271700000.0,
  "CTM": 47596258.77813277,
  "costo_total_10_anios": 5790878151.339487,
  "CII": 0.0,
  "eventos_procesados": 298871,
  "tiempo_simulacion": 5256007.045973329,
  "G": 2,
  "SR": 16,
  "I": 11,
  "SC": 1
}