{
  "PEC_consultas": 22.397666711038266,
  "PEC_partos_nat": 19.594356002959838,
  "PEC_partos_ces": 35.02977727375423,
  "PEC_general": 23.535910646700103,
  "UT_med": 0.2367006041575668,
  "UT_Q": 0.3057426451214053,
  "PTOSR": [
    0.9760655844888622,
    0.0,
    0.0,
    0.0,
    0.0,
    0.0,
    0.0,
    0.0,
    0.0,
    0.0,
    0.0,
    0.0,
    0.0,
    0.0,
    0.0,
    0.0
  ],
  "PTOSR_promedio": 0.061004099030553885,
  "PPDSR": 0.03946080277129302,
  "PPDINC": 0.0,
  "total_pacientes_llegados": 89010,
  "total_pacientes_atendidos": 89008,
  "total_consultas": 62450,
  "total_partos_naturales": 15171,
  "total_partos_cesarea": 11387,
  "total_derivaciones_sr": 1048,
  "total_derivaciones_inc": 0,
  "total_partos": 26558,
  "costo_medicos": 584250666.6666667,
  "costo_quirofano": 2523010000.0,
  "costo_sr_operacion": 2296335434.406936,
  "costo_inc_operacion": 261700000.0,
  "CTM": 46564077.543070704,
  "costo_total_10_anios": 5665296101.073603,
  "CII": 0.0,
  "eventos_procesados": 295150,
  "tiempo_simulacion": 5256009.992179449,
  "G": 2,
  "SR": 16,
  "I": 11,
  "SC": 1
}