{
  "PEC_consultas": 23.426732766529515,
  "PEC_partos_nat": 18.613294453417947,
  "PEC_partos_ces": 36.45879288628764,
  "PEC_general": 24.2556277482374,
  "UT_med": 0.24010805263193966,
  "UT_Q": 0.3104578012924819,
  "PTOSR": [
    0.9744781825013257,
    0.0,
    0.0,
    0.0,
    0.0,
    0.0,
    0.0,
    0.0,
    0.0,
    0.0,
    0.0,
    0.0,
    0.0,
    0.0,
    0.0,
    0.0
  ],
  "PTOSR_promedio": 0.060904886406332855,
  "PPDSR": 0.0400163029382341,
  "PPDINC": 0.0010865628395508873,
  "total_pacientes_llegados": 90175,
  "total_pacientes_atendidos": 90171,
  "total_consultas": 63182,
  "total_partos_naturales": 15521,
  "total_partos_cesarea": 11468,
  "total_derivaciones_sr": 1080,
  "total_derivaciones_inc": 3,
  "total_partos": 26989,
  "costo_medicos": 585846666.6666667,
  "costo_quirofano": 2563955000.0,
  "costo_sr_operacion": 2330327108.985331,
  "costo_inc_operacion": 275200000.0,
  "CTM": 47304072.12864656,
  "costo_total_10_anios": 5755328775.6519985,
  "CII": 0.0,
  "eventos_procesados": 299164,
  "tiempo_simulacion": 5256010.899512888,
  "G": 2,
  "SR": 16,
  "I": 11,
  "SC": 1
}