{
  "PEC_consultas": 21.78504791870542,
  "PEC_partos_nat": 19.72173907651983,
  "PEC_partos_ces": 35.03958781928499,
  "PEC_general": 23.14022061696151,
  "UT_med": 0.23930490951806088,
  "UT_Q": 0.3103130581387124,
  "PTOSR": [
    0.9766773207778512,
    0.0,
    0.0,
    0.0,
    0.0,
    0.0,
    0.0,
    0.0,
    0.0,
    0.0,
    0.0,
    0.0,
    0.0,
    0.0,
    0.0,
    0.0
  ],
  "PTOSR_promedio": 0.0610423325486157,
  "PPDSR": 0.037362392972311795,
  "PPDINC": 0.0025974025974025974,
  "total_pacientes_llegados": 89522,
  "total_pacientes_atendidos": 89521,
  "total_consultas": 62542,
  "total_partos_naturales": 15425,
  "total_partos_cesarea": 11554,
  "total_derivaciones_sr": 1008,
  "total_derivaciones_inc": 7,
  "total_partos": 26979,
  "costo_medicos": 585846666.6666667,
  "costo_quirofano": 2563005000.0,
  "costo_sr_operacion": 2338961343.1969137,
  "costo_inc_operacion": 268700000.0,
  "CTM": 47313805.56052258,
  "costo_total_10_anios": 5756513009.863581,
  "CII": 0.0,
  "eventos_procesados": 297219,
  "tiempo_simulacion": 5256010.76314543,
  "G": 2,
  "SR": 16,
  "I": 11,
  "SC": 1
}