{
  "PEC_consultas": 21.788778197499195,
  "PEC_partos_nat": 18.97695934601423,
  "PEC_partos_ces": 34.99579912542222,
  "PEC_general": 23.01512369094045,
  "UT_med": 0.2356599993504418,
  "UT_Q": 0.3048916198269721,
  "PTOSR": [
    0.976612251442612,
    0.0,
    0.0,
    0.0,
    0.0,
    0.0,
    0.0,
    0.0,
    0.0,
    0.0,
    0.0,
    0.0,
    0.0,
    0.0,
    0.0,
    0.0
  ],
  "PTOSR_promedio": 0.06103826571516325,
  "PPDSR": 0.037809893966265426,
  "PPDINC": 0.0015122873345935729,
  "total_pacientes_llegados": 88553,
  "total_pacientes_atendidos": 88552,
  "total_consultas": 62051,
  "total_partos_naturales": 15070,
  "total_partos_cesarea": 11431,
  "total_derivaciones_sr": 1002,
  "total_derivaciones_inc": 4,
  "total_partos": 26501,
  "costo_medicos": 584022666.6666667,
  "costo_quirofano": 2517595000.0,
  "costo_sr_operacion": 2293307589.451698,
  "costo_inc_operacion": 263900000.0,
  "CTM": 46510892.516041346,
  "costo_total_10_anios": 5658825256.118364,
  "CII": 0.0,
  "eventos_procesados": 293789,
  "tiempo_simulacion": 5256005.539831457,
  "G": 2,
  "SR": 16,
  "I": 11,
  "SC": 1
}