{
  "PEC_consultas": 23.330714889340268,
  "PEC_partos_nat": 19.391964442271057,
  "PEC_partos_ces": 35.9137152963159,
  "PEC_general": 24.27367277660803,
  "UT_med": 0.23923916817701377,
  "UT_Q": 0.3081986992440798,
  "PTOSR": [
    0.9756206318538033,
    0.0,
    0.0,
    0.0,
    0.0,
    0.0,
    0.0,
    0.0,
    0.0,
    0.0,
    0.0,
    0.0,
    0.0,
    0.0,
    0.0,
    0.0
  ],
  "PTOSR_promedio": 0.06097628949086271,
  "PPDSR": 0.03937889589787615,
  "PPDINC": 0.0007446016381236039,
  "total_pacientes_llegados": 90148,
  "total_pacientes_atendidos": 90148,
  "total_consultas": 63357,
  "total_partos_naturales": 15259,
  "total_partos_cesarea": 11532,
  "total_derivaciones_sr": 1055,
  "total_derivaciones_inc": 2,
  "total_partos": 26791,
  "costo_medicos": 585162666.6666667,
  "costo_quirofano": 2545145000.0,
  "costo_sr_operacion": 2315815393.552866,
  "costo_inc_operacion": 268000000.0,
  "CTM": 46965395.01550301,
  "costo_total_10_anios": 5714123060.219533,
  "CII": 0.0,
  "eventos_procesados": 298849,
  "tiempo_simulacion": 5256012.712377205,
  "G": 2,
  "SR": 16,
  "I": 11,
  "SC": 1
}