{
  "PEC_consultas": 21.088209575184152,
  "PEC_partos_nat": 18.593480898624676,
  "PEC_partos_ces": 34.506521464278514,
  "PEC_general": 22.36414868033295,
  "UT_med": 0.23839012280202682,
  "UT_Q": 0.30702268274355304,
  "PTOSR": [
    1.000751714382409,
    0.0,
    0.0,
    0.0,
    0.0,
    0.0,
    0.0,
    0.0,
    0.0,
    0.0,
    0.0,
    0.0,
    0.0,
    0.0,
    0.0,
    0.0,
    0.0,
    0.0,
    0.0
  ],
  "PTOSR_promedio": 0.05267114286223205,
  "PPDSR": 0.0085832083958021,
  "PPDINC": 0.0,
  "total_pacientes_llegados": 90051,
  "total_pacientes_atendidos": 90049,
  "total_consultas": 63369,
  "total_partos_naturales": 15277,
  "total_partos_cesarea": 11403,
  "total_derivaciones_sr": 229,
  "total_derivaciones_inc": 0,
  "total_partos": 26680,
  "costo_medicos": 584706666.6666667,
  "costo_quirofano": 2534600000.0,
  "costo_sr_operacion": 2376829318.785805,
  "costo_inc_operacion": 271800000.0,
  "CTM": 47407693.03111621,
  "costo_total_10_anios": 5767935985.452473,
  "CII": 0.0,
  "eventos_procesados": 299310,
  "tiempo_simulacion": 5256005.550569048,
  "G": 2,
  "SR": 19,
  "I": 12,
  "SC": 1
}