{
  "PEC_consultas": 22.004559904679056,
  "PEC_partos_nat": 19.76551782373353,
  "PEC_partos_ces": 35.63430597704629,
  "PEC_general": 23.370645134333895,
  "UT_med": 0.23823913818189127,
  "UT_Q": 0.30893510877909114,
  "PTOSR": [
    0.9991865729273077,
    0.0,
    0.0,
    0.0,
    0.0,
    0.0,
    0.0,
    0.0,
    0.0,
    0.0,
    0.0,
    0.0,
    0.0,
    0.0,
    0.0,
    0.0,
    0.0,
    0.0,
    0.0
  ],
  "PTOSR_promedio": 0.05258876699617409,
  "PPDSR": 0.01174058889303019,
  "PPDINC": 0.0,
  "total_pacientes_llegados": 89217,
  "total_pacientes_atendidos": 89217,
  "total_consultas": 62387,
  "total_partos_naturales": 15364,
  "total_partos_cesarea": 11466,
  "total_derivaciones_sr": 315,
  "total_derivaciones_inc": 0,
  "total_partos": 26830,
  "costo_medicos": 585276666.6666667,
  "costo_quirofano": 2548850000.0,
  "costo_sr_operacion": 2388725912.547872,
  "costo_inc_operacion": 270000000.0,
  "CTM": 47612486.952448264,
  "costo_total_10_anios": 5792852579.214539,
  "CII": 0.0,
  "eventos_procesados": 296858,
  "tiempo_simulacion": 5256047.624451725,
  "G": 2,
  "SR": 19,
  "I": 12,
  "SC": 1
}