{
  "PEC_consultas": 23.766218942865425,
  "PEC_partos_nat": 19.687206447510654,
  "PEC_partos_ces": 36.109310222639394,
  "PEC_general": 24.67344302503013,
  "UT_med": 0.2372425947472155,
  "UT_Q": 0.3074246448951853,
  "PTOSR": [
    0.9994216438286869,
    0.0,
    0.0,
    0.0,
    0.0,
    0.0,
    0.0,
    0.0,
    0.0,
    0.0,
    0.0,
    0.0,
    0.0,
    0.0,
    0.0,
    0.0,
    0.0,
    0.0,
    0.0
  ],
  "PTOSR_promedio": 0.05260113914887826,
  "PPDSR": 0.010546392909233704,
  "PPDINC": 0.0,
  "total_pacientes_llegados": 88905,
  "total_pacientes_atendidos": 88904,
  "total_consultas": 62165,
  "total_partos_naturales": 15186,
  "total_partos_cesarea": 11553,
  "total_derivaciones_sr": 282,
  "total_derivaciones_inc": 0,
  "total_partos": 26739,
  "costo_medicos": 584934666.6666667,
  "costo_quirofano": 2540205000.0,
  "costo_sr_operacion": 2379913670.12609,
  "costo_inc_operacion": 263500000.0,
  "CTM": 47412767.15172129,
  "costo_total_10_anios": 5768553336.792757,
  "CII": 0.0,
  "eventos_procesados": 295799,
  "tiempo_simulacion": 5256027.647161311,
  "G": 2,
  "SR": 19,
  "I": 12,
  "SC": 1
}