{
  "PEC_consultas": 21.670257108630505,
  "PEC_partos_nat": 19.371626226032216,
  "PEC_partos_ces": 35.51986044416793,
  "PEC_general": 23.07614637999321,
  "UT_med": 0.24036267870804845,
  "UT_Q": 0.31174415349060464,
  "PTOSR": [
    0.9991859397257834,
    0.0,
    0.0,
    0.0,
    0.0,
    0.0,
    0.0,
    0.0,
    0.0,
    0.0,
    0.0,
    0.0,
    0.0,
    0.0,
    0.0,
    0.0,
    0.0,
    0.0,
    0.0
  ],
  "PTOSR_promedio": 0.05258873366977807,
  "PPDSR": 0.010967503692762186,
  "PPDINC": 0.0,
  "total_pacientes_llegados": 90066,
  "total_pacientes_atendidos": 90066,
  "total_consultas": 62986,
  "total_partos_naturales": 15384,
  "total_partos_cesarea": 11696,
  "total_derivaciones_sr": 297,
  "total_derivaciones_inc": 0,
  "total_partos": 27080,
  "costo_medicos": 586188666.6666667,
  "costo_quirofano": 2572600000.0,
  "costo_sr_operacion": 2410006221.651495,
  "costo_inc_operacion": 271600000.0,
  "CTM": 48003245.65740955,
  "costo_total_10_anios": 5840394888.318162,
  "CII": 0.0,
  "eventos_procesados": 299690,
  "tiempo_simulacion": 5256025.537365663,
  "G": 2,
  "SR": 19,
  "I": 12,
  "SC": 1
}