{
  "PEC_consultas": 22.13354934984446,
  "PEC_partos_nat": 19.069797391827247,
  "PEC_partos_ces": 35.290391918639465,
  "PEC_general": 23.326960821485077,
  "UT_med": 0.23941111221139308,
  "UT_Q": 0.310183309852537,
  "PTOSR": [
    0.9986685308755892,
    0.0,
    0.0,
    0.0,
    0.0,
    0.0,
    0.0,
    0.0,
    0.0,
    0.0,
    0.0,
    0.0,
    0.0,
    0.0,
    0.0,
    0.0,
    0.0,
    0.0,
    0.0
  ],
  "PTOSR_promedio": 0.05256150162503101,
  "PPDSR": 0.01090666270960083,
  "PPDINC": 0.0,
  "total_pacientes_llegados": 89619,
  "total_pacientes_atendidos": 89618,
  "total_consultas": 62662,
  "total_partos_naturales": 15271,
  "total_partos_cesarea": 11685,
  "total_derivaciones_sr": 294,
  "total_derivaciones_inc": 0,
  "total_partos": 26956,
  "costo_medicos": 585732666.6666667,
  "costo_quirofano": 2560820000.0,
  "costo_sr_operacion": 2400901890.593855,
  "costo_inc_operacion": 270200000.0,
  "CTM": 47816338.82679881,
  "costo_total_10_anios": 5817654557.260522,
  "CII": 0.0,
  "eventos_procesados": 298215,
  "tiempo_simulacion": 5256064.125902825,
  "G": 2,
  "SR": 19,
  "I": 12,
  "SC": 1
}