{
  "PEC_consultas": 22.06606340475743,
  "PEC_partos_nat": 19.289958160343886,
  "PEC_partos_ces": 36.19865474302481,
  "PEC_general": 23.425308559558502,
  "UT_med": 0.2365797900865952,
  "UT_Q": 0.3073386208159798,
  "PTOSR": [
    0.9996923261120487,
    0.0,
    0.0,
    0.0,
    0.0,
    0.0,
    0.0,
    0.0,
    0.0,
    0.0,
    0.0,
    0.0,
    0.0,
    0.0,
    0.0,
    0.0,
    0.0,
    0.0,
    0.0
  ],
  "PTOSR_promedio": 0.052615385584844666,
  "PPDSR": 0.009854985573500206,
  "PPDINC": 0.0,
  "total_pacientes_llegados": 88378,
  "total_pacientes_atendidos": 88378,
  "total_consultas": 61691,
  "total_partos_naturales": 15201,
  "total_partos_cesarea": 11486,
  "total_derivaciones_sr": 263,
  "total_derivaciones_inc": 0,
  "total_partos": 26687,
  "costo_medicos": 584706666.6666667,
  "costo_quirofano": 2535265000.0,
  "costo_sr_operacion": 2375865482.297759,
  "costo_inc_operacion": 268100000.0,
  "CTM": 47374825.88189939,
  "costo_total_10_anios": 5763937148.964426,
  "CII": 0.0,
  "eventos_procesados": 294237,
  "tiempo_simulacion": 5256007.909860166,
  "G": 2,
  "SR": 19,
  "I": 12,
  "SC": 1
}