{
  "PEC_consultas": 22.39034992756478,
  "PEC_partos_nat": 18.856706224161623,
  "PEC_partos_ces": 35.00008937296972,
  "PEC_general": 23.416155466469196,
  "UT_med": 0.2373820883341082,
  "UT_Q": 0.30707585232220264,
  "PTOSR": [
    1.0004772308437841,
    0.0,
    0.0,
    0.0,
    0.0,
    0.0,
    0.0,
    0.0,
    0.0,
    0.0,
    0.0,
    0.0,
    0.0,
    0.0,
    0.0,
    0.0,
    0.0,
    0.0,
    0.0
  ],
  "PTOSR_promedio": 0.052656696360199165,
  "PPDSR": 0.009337733443336084,
  "PPDINC": 0.0,
  "total_pacientes_llegados": 89059,
  "total_pacientes_atendidos": 89058,
  "total_consultas": 62392,
  "total_partos_naturales": 15170,
  "total_partos_cesarea": 11496,
  "total_derivaciones_sr": 249,
  "total_derivaciones_inc": 0,
  "total_partos": 26666,
  "costo_medicos": 584706666.6666667,
  "costo_quirofano": 2533270000.0,
  "costo_sr_operacion": 2374105952.8709664,
  "costo_inc_operacion": 259200000.0,
  "CTM": 47270816.05099425,
  "costo_total_10_anios": 5751282619.537634,
  "CII": 0.0,
  "eventos_procesados": 296176,
  "tiempo_simulacion": 5256077.856251538,
  "G": 2,
  "SR": 19,
  "I": 12,
  "SC": 1
}