{
  "PEC_consultas": 22.747722836815903,
  "PEC_partos_nat": 18.960271311141383,
  "PEC_partos_ces": 35.49521306361739,
  "PEC_general": 23.7570885468628,
  "UT_med": 0.23831697733294044,
  "UT_Q": 0.30829851886127996,
  "PTOSR": [
    0.998908676026046,
    0.0,
    0.0,
    0.0,
    0.0,
    0.0,
    0.0,
    0.0,
    0.0,
    0.0,
    0.0,
    0.0,
    0.0,
    0.0,
    0.0,
    0.0,
    0.0,
    0.0,
    0.0
  ],
  "PTOSR_promedio": 0.05257414084347611,
  "PPDSR": 0.011171723210282468,
  "PPDINC": 0.0,
  "total_pacientes_llegados": 89436,
  "total_pacientes_atendidos": 89435,
  "total_consultas": 62671,
  "total_partos_naturales": 15174,
  "total_partos_cesarea": 11590,
  "total_derivaciones_sr": 299,
  "total_derivaciones_inc": 0,
  "total_partos": 26764,
  "costo_medicos": 585048666.6666667,
  "costo_quirofano": 2542580000.0,
  "costo_sr_operacion": 2381573586.489295,
  "costo_inc_operacion": 269400000.0,
  "CTM": 47495360.98484352,
  "costo_total_10_anios": 5778602253.155962,
  "CII": 0.0,
  "eventos_procesados": 297457,
  "tiempo_simulacion": 5256044.422123405,
  "G": 2,
  "SR": 19,
  "I": 12,
  "SC": 1
}