{
  "PEC_consultas": 21.367565384374206,
  "PEC_partos_nat": 18.997854871529906,
  "PEC_partos_ces": 34.744591724719434,
  "PEC_general": 22.670512544212404,
  "UT_med": 0.23722979163485766,
  "UT_Q": 0.3057988303698612,
  "PTOSR": [
    1.0000479128931237,
    0.0,
    0.0,
    0.0,
    0.0,
    0.0,
    0.0,
    0.0,
    0.0,
    0.0,
    0.0,
    0.0,
    0.0,
    0.0,
    0.0,
    0.0,
    0.0,
    0.0,
    0.0
  ],
  "PTOSR_promedio": 0.052634100678585455,
  "PPDSR": 0.010376329937215685,
  "PPDINC": 0.0,
  "total_pacientes_llegados": 89398,
  "total_pacientes_atendidos": 89398,
  "total_consultas": 62799,
  "total_partos_naturales": 15199,
  "total_partos_cesarea": 11400,
  "total_derivaciones_sr": 276,
  "total_derivaciones_inc": 0,
  "total_partos": 26599,
  "costo_medicos": 584478666.6666667,
  "costo_quirofano": 2526905000.0,
  "costo_sr_operacion": 2368989690.710535,
  "costo_inc_operacion": 263700000.0,
  "CTM": 47211561.84145645,
  "costo_total_10_anios": 5744073357.377202,
  "CII": 0.0,
  "eventos_procesados": 297136,
  "tiempo_simulacion": 5256147.705579549,
  "G": 2,
  "SR": 19,
  "I": 12,
  "SC": 1
}