{
  "PEC_consultas": 21.025462680670582,
  "PEC_partos_nat": 19.01615431656551,
  "PEC_partos_ces": 34.00866804381834,
  "PEC_general": 22.355897646372345,
  "UT_med": 0.23899113145617984,
  "UT_Q": 0.31066408348243424,
  "PTOSR": [
    1.0004151786387696,
    0.0,
    0.0,
    0.0,
    0.0,
    0.0,
    0.0,
    0.0,
    0.0,
    0.0,
    0.0,
    0.0,
    0.0,
    0.0,
    0.0,
    0.0,
    0.0,
    0.0,
    0.0
  ],
  "PTOSR_promedio": 0.052653430454672086,
  "PPDSR": 0.008014842300556586,
  "PPDINC": 0.0003663003663003663,
  "total_pacientes_llegados": 89333,
  "total_pacientes_atendidos": 89330,
  "total_consultas": 62380,
  "total_partos_naturales": 15411,
  "total_partos_cesarea": 11539,
  "total_derivaciones_sr": 216,
  "total_derivaciones_inc": 1,
  "total_partos": 26950,
  "costo_medicos": 585732666.6666667,
  "costo_quirofano": 2560250000.0,
  "costo_sr_operacion": 2407079444.3366747,
  "costo_inc_operacion": 272800000.0,
  "CTM": 47883798.172630206,
  "costo_total_10_anios": 5825862111.003342,
  "CII": 0.0,
  "eventos_procesados": 297452,
  "tiempo_simulacion": 5256003.643356683,
  "G": 2,
  "SR": 19,
  "I": 12,
  "SC": 1
}