{
  "PEC_consultas": 20.253428882065705,
  "PEC_partos_nat": 18.98090308156698,
  "PEC_partos_ces": 33.052308476446896,
  "PEC_general": 21.702829369707043,
  "UT_med": 0.24024626288410134,
  "UT_Q": 0.31065869539952085,
  "PTOSR": [
    1.001134347444651,
    0.0,
    0.0,
    0.0,
    0.0,
    0.0,
    0.0,
    0.0,
    0.0,
    0.0,
    0.0,
    0.0,
    0.0,
    0.0,
    0.0,
    0.0,
    0.0,
    0.0,
    0.0
  ],
  "PTOSR_promedio": 0.05269128144445532,
  "PPDSR": 0.008193682337238618,
  "PPDINC": 0.0,
  "total_pacientes_llegados": 90112,
  "total_pacientes_atendidos": 90112,
  "total_consultas": 63140,
  "total_partos_naturales": 15251,
  "total_partos_cesarea": 11721,
  "total_derivaciones_sr": 221,
  "total_derivaciones_inc": 0,
  "total_partos": 26972,
  "costo_medicos": 585846666.6666667,
  "costo_quirofano": 2562340000.0,
  "costo_sr_operacion": 2404575140.905137,
  "costo_inc_operacion": 268000000.0,
  "CTM": 47841877.87045318,
  "costo_total_10_anios": 5820761807.571804,
  "CII": 0.0,
  "eventos_procesados": 299761,
  "tiempo_simulacion": 5256009.128548194,
  "G": 2,
  "SR": 19,
  "I": 12,
  "SC": 1
}