{
  "PEC_consultas": 23.345203726066195,
  "PEC_partos_nat": 19.292534592311224,
  "PEC_partos_ces": 36.11017694976436,
  "PEC_general": 24.295897423815568,
  "UT_med": 0.23922384782397396,
  "UT_Q": 0.3084936625844757,
  "PTOSR": [
    0.998263441885102,
    0.0,
    0.0,
    0.0,
    0.0,
    0.0,
    0.0,
    0.0,
    0.0,
    0.0,
    0.0,
    0.0,
    0.0,
    0.0,
    0.0,
    0.0,
    0.0,
    0.0,
    0.0
  ],
  "PTOSR_promedio": 0.05254018115184747,
  "PPDSR": 0.012828640686183106,
  "PPDINC": 0.00037313432835820896,
  "total_pacientes_llegados": 90153,
  "total_pacientes_atendidos": 90151,
  "total_consultas": 63336,
  "total_partos_naturales": 15257,
  "total_partos_cesarea": 11558,
  "total_derivaciones_sr": 344,
  "total_derivaciones_inc": 1,
  "total_partos": 26815,
  "costo_medicos": 585276666.6666667,
  "costo_quirofano": 2547425000.0,
  "costo_sr_operacion": 2382428618.5991464,
  "costo_inc_operacion": 267300000.0,
  "CTM": 47526824.26245874,
  "costo_total_10_anios": 5782430285.265814,
  "CII": 0.0,
  "eventos_procesados": 299589,
  "tiempo_simulacion": 5256021.5127728665,
  "G": 2,
  "SR": 19,
  "I": 12,
  "SC": 1
}