{
  "PEC_consultas": 21.271844543776577,
  "PEC_partos_nat": 19.111216447132833,
  "PEC_partos_ces": 34.09992295130685,
  "PEC_general": 22.55524103747819,
  "UT_med": 0.23648869194552002,
  "UT_Q": 0.3062331191422084,
  "PTOSR": [
    0.9990110224274912,
    0.0,
    0.0,
    0.0,
    0.0,
    0.0,
    0.0,
    0.0,
    0.0,
    0.0,
    0.0,
    0.0,
    0.0,
    0.0,
    0.0,
    0.0,
    0.0,
    0.0,
    0.0
  ],
  "PTOSR_promedio": 0.05257952749618375,
  "PPDSR": 0.011389264772214705,
  "PPDINC": 0.0,
  "total_pacientes_llegados": 88586,
  "total_pacientes_atendidos": 88585,
  "total_consultas": 61981,
  "total_partos_naturales": 15184,
  "total_partos_cesarea": 11420,
  "total_derivaciones_sr": 303,
  "total_derivaciones_inc": 0,
  "total_partos": 26604,
  "costo_medicos": 584478666.6666667,
  "costo_quirofano": 2527380000.0,
  "costo_sr_operacion": 2366873728.820644,
  "costo_inc_operacion": 265900000.0,
  "CTM": 47216156.67523816,
  "costo_total_10_anios": 5744632395.48731,
  "CII": 0.0,
  "eventos_procesados": 294709,
  "tiempo_simulacion": 5256121.315848867,
  "G": 2,
  "SR": 19,
  "I": 12,
  "SC": 1
}