{
  "PEC_consultas": 21.871791195907296,
  "PEC_partos_nat": 18.905127323516034,
  "PEC_partos_ces": 34.927493271381856,
  "PEC_general": 23.061230462539005,
  "UT_med": 0.23632817741568232,
  "UT_Q": 0.3063941643258943,
  "PTOSR": [
    0.9995142424915702,
    0.0,
    0.0,
    0.0,
    0.0,
    0.0,
    0.0,
    0.0,
    0.0,
    0.0,
    0.0,
    0.0,
    0.0,
    0.0,
    0.0,
    0.0,
    0.0,
    0.0,
    0.0
  ],
  "PTOSR_promedio": 0.05260601276271422,
  "PPDSR": 0.011534848769490888,
  "PPDINC": 0.001135933358576297,
  "total_pacientes_llegados": 88596,
  "total_pacientes_atendidos": 88596,
  "total_consultas": 61981,
  "total_partos_naturales": 15110,
  "total_partos_cesarea": 11505,
  "total_derivaciones_sr": 307,
  "total_derivaciones_inc": 3,
  "total_partos": 26615,
  "costo_medicos": 584478666.6666667,
  "costo_quirofano": 2528425000.0,
  "costo_sr_operacion": 2366580483.397425,
  "costo_inc_operacion": 263700000.0,
  "CTM": 47204253.28819802,
  "costo_total_10_anios": 5743184150.064093,
  "CII": 0.0,
  "eventos_procesados": 294726,
  "tiempo_simulacion": 5256045.748247283,
  "G": 2,
  "SR": 19,
  "I": 12,
  "SC": 1
}