{
  "PEC_consultas": 22.505021027009143,
  "PEC_partos_nat": 19.415284954247593,
  "PEC_partos_ces": 35.33706464322601,
  "PEC_general": 23.621969682754088,
  "UT_med": 0.23813064984776444,
  "UT_Q": 0.30761423303549107,
  "PTOSR": [
    0.9997350424432389,
    0.0,
    0.0,
    0.0,
    0.0,
    0.0,
    0.0,
    0.0,
    0.0,
    0.0,
    0.0,
    0.0,
    0.0,
    0.0,
    0.0,
    0.0,
    0.0,
    0.0,
    0.0
  ],
  "PTOSR_promedio": 0.052617633812802045,
  "PPDSR": 0.010595679359017559,
  "PPDINC": 0.0,
  "total_pacientes_llegados": 89434,
  "total_pacientes_atendidos": 89433,
  "total_consultas": 62724,
  "total_partos_naturales": 15252,
  "total_partos_cesarea": 11457,
  "total_derivaciones_sr": 283,
  "total_derivaciones_inc": 0,
  "total_partos": 26709,
  "costo_medicos": 584820666.6666667,
  "costo_quirofano": 2537355000.0,
  "costo_sr_operacion": 2376326801.335408,
  "costo_inc_operacion": 262200000.0,
  "CTM": 47348239.463030756,
  "costo_total_10_anios": 5760702468.002075,
  "CII": 0.0,
  "eventos_procesados": 297335,
  "tiempo_simulacion": 5256055.028544411,
  "G": 2,
  "SR": 19,
  "I": 12,
  "SC": 1
}