{
  "PEC_consultas": 22.342677740505838,
  "PEC_partos_nat": 18.884703421092567,
  "PEC_partos_ces": 34.91774188915109,
  "PEC_general": 23.387561314583927,
  "UT_med": 0.23669025662012824,
  "UT_Q": 0.3057020550436775,
  "PTOSR": [
    1.0002722563470354,
    0.0,
    0.0,
    0.0,
    0.0,
    0.0,
    0.0,
    0.0,
    0.0,
    0.0,
    0.0,
    0.0,
    0.0,
    0.0,
    0.0,
    0.0,
    0.0,
    0.0,
    0.0
  ],
  "PTOSR_promedio": 0.05264590822879134,
  "PPDSR": 0.009630939392799368,
  "PPDINC": 0.0,
  "total_pacientes_llegados": 88907,
  "total_pacientes_atendidos": 88906,
  "total_consultas": 62325,
  "total_partos_naturales": 15054,
  "total_partos_cesarea": 11527,
  "total_derivaciones_sr": 256,
  "total_derivaciones_inc": 0,
  "total_partos": 26581,
  "costo_medicos": 584364666.6666667,
  "costo_quirofano": 2525195000.0,
  "costo_sr_operacion": 2366162879.2433352,
  "costo_inc_operacion": 270400000.0,
  "CTM": 47228404.48693152,
  "costo_total_10_anios": 5746122545.910002,
  "CII": 0.0,
  "eventos_procesados": 295743,
  "tiempo_simulacion": 5256087.254047476,
  "G": 2,
  "SR": 19,
  "I": 12,
  "SC": 1
}