{
  "PEC_consultas": 22.952559136153976,
  "PEC_partos_nat": 20.000438667246502,
  "PEC_partos_ces": 35.21815132358912,
  "PEC_general": 24.04809319045445,
  "UT_med": 0.24157758469753005,
  "UT_Q": 0.31333782419405026,
  "PTOSR": [
    0.9997022051439991,
    0.0,
    0.0,
    0.0,
    0.0,
    0.0,
    0.0,
    0.0,
    0.0,
    0.0,
    0.0,
    0.0,
    0.0,
    0.0,
    0.0,
    0.0,
    0.0,
    0.0,
    0.0
  ],
  "PTOSR_promedio": 0.05261590553389469,
  "PPDSR": 0.01024868677221467,
  "PPDINC": 0.0,
  "total_pacientes_llegados": 90373,
  "total_pacientes_atendidos": 90372,
  "total_consultas": 63149,
  "total_partos_naturales": 15436,
  "total_partos_cesarea": 11787,
  "total_derivaciones_sr": 279,
  "total_derivaciones_inc": 0,
  "total_partos": 27223,
  "costo_medicos": 586758666.6666667,
  "costo_quirofano": 2586185000.0,
  "costo_sr_operacion": 2426202761.256372,
  "costo_inc_operacion": 271500000.0,
  "CTM": 48251888.44868251,
  "costo_total_10_anios": 5870646427.9230385,
  "CII": 0.0,
  "eventos_procesados": 300772,
  "tiempo_simulacion": 5256027.048381499,
  "G": 2,
  "SR": 19,
  "I": 12,
  "SC": 1
}