{
  "PEC_consultas": 23.534171234846198,
  "PEC_partos_nat": 19.44918631170481,
  "PEC_partos_ces": 35.78509813135622,
  "PEC_general": 24.40166615613295,
  "UT_med": 0.2425345607533429,
  "UT_Q": 0.31468345446317997,
  "PTOSR": [
    0.9984457556235324,
    0.0,
    0.0,
    0.0,
    0.0,
    0.0,
    0.0,
    0.0,
    0.0,
    0.0,
    0.0,
    0.0,
    0.0,
    0.0,
    0.0,
    0.0,
    0.0,
    0.0,
    0.0
  ],
  "PTOSR_promedio": 0.05254977661176487,
  "PPDSR": 0.011751354517498902,
  "PPDINC": 0.0,
  "total_pacientes_llegados": 90885,
  "total_pacientes_atendidos": 90885,
  "total_consultas": 63569,
  "total_partos_naturales": 15659,
  "total_partos_cesarea": 11657,
  "total_derivaciones_sr": 321,
  "total_derivaciones_inc": 0,
  "total_partos": 27316,
  "costo_medicos": 587100666.6666667,
  "costo_quirofano": 2595020000.0,
  "costo_sr_operacion": 2427321394.787442,
  "costo_inc_operacion": 281200000.0,
  "CTM": 48416236.12154062,
  "costo_total_10_anios": 5890642061.454109,
  "CII": 0.0,
  "eventos_procesados": 302455,
  "tiempo_simulacion": 5256008.719483453,
  "G": 2,
  "SR": 19,
  "I": 12,
  "SC": 1
}