{
  "PEC_consultas": 20.983156331278327,
  "PEC_partos_nat": 19.253898579131242,
  "PEC_partos_ces": 35.40232376382399,
  "PEC_general": 22.53888505945806,
  "UT_med": 0.23547492299245804,
  "UT_Q": 0.30420403234941107,
  "PTOSR": [
    1.0017679903313905,
    0.0,
    0.0,
    0.0,
    0.0,
    0.0,
    0.0,
    0.0,
    0.0,
    0.0,
    0.0,
    0.0,
    0.0,
    0.0,
    0.0,
    0.0,
    0.0,
    0.0,
    0.0
  ],
  "PTOSR_promedio": 0.052724631070073184,
  "PPDSR": 0.0077977136800666215,
  "PPDINC": 0.0,
  "total_pacientes_llegados": 88448,
  "total_pacientes_atendidos": 88448,
  "total_consultas": 62030,
  "total_partos_naturales": 15068,
  "total_partos_cesarea": 11350,
  "total_derivaciones_sr": 206,
  "total_derivaciones_inc": 0,
  "total_partos": 26418,
  "costo_medicos": 583794666.6666667,
  "costo_quirofano": 2509710000.0,
  "costo_sr_operacion": 2357796609.1518784,
  "costo_inc_operacion": 267800000.0,
  "CTM": 47006311.85604284,
  "costo_total_10_anios": 5719101275.818545,
  "CII": 0.0,
  "eventos_procesados": 294225,
  "tiempo_simulacion": 5256099.574329137,
  "G": 2,
  "SR": 19,
  "I": 12,
  "SC": 1
}