{
  "PEC_consultas": 23.186921405234582,
  "PEC_partos_nat": 18.746484938319828,
  "PEC_partos_ces": 36.02057336967184,
  "PEC_general": 24.062835405964815,
  "UT_med": 0.24042732512121903,
  "UT_Q": 0.3109788657424064,
  "PTOSR": [
    0.9990836014419606,
    0.0,
    0.0,
    0.0,
    0.0,
    0.0,
    0.0,
    0.0,
    0.0,
    0.0,
    0.0,
    0.0,
    0.0,
    0.0,
    0.0,
    0.0,
    0.0,
    0.0,
    0.0
  ],
  "PTOSR_promedio": 0.05258334744431372,
  "PPDSR": 0.012200081333875559,
  "PPDINC": 0.0,
  "total_pacientes_llegados": 90262,
  "total_pacientes_atendidos": 90261,
  "total_consultas": 63212,
  "total_partos_naturales": 15519,
  "total_partos_cesarea": 11530,
  "total_derivaciones_sr": 330,
  "total_derivaciones_inc": 0,
  "total_partos": 27049,
  "costo_medicos": 586074666.6666667,
  "costo_quirofano": 2569655000.0,
  "costo_sr_operacion": 2404264109.591705,
  "costo_inc_operacion": 275000000.0,
  "CTM": 47958852.95554826,
  "costo_total_10_anios": 5834993776.258371,
  "CII": 0.0,
  "eventos_procesados": 300247,
  "tiempo_simulacion": 5256097.739376464,
  "G": 2,
  "SR": 19,
  "I": 12,
  "SC": 1
}