{
  "PEC_consultas": 20.941017511142345,
  "PEC_partos_nat": 18.929494828501884,
  "PEC_partos_ces": 34.05439116558496,
  "PEC_general": 22.2702814952758,
  "UT_med": 0.2353148594254181,
  "UT_Q": 0.3039293457668937,
  "PTOSR": [
    1.000953112641635,
    0.0,
    0.0,
    0.0,
    0.0,
    0.0,
    0.0,
    0.0,
    0.0,
    0.0,
    0.0,
    0.0,
    0.0,
    0.0,
    0.0,
    0.0,
    0.0,
    0.0,
    0.0
  ],
  "PTOSR_promedio": 0.05268174277061236,
  "PPDSR": 0.008858938441735444,
  "PPDINC": 0.0,
  "total_pacientes_llegados": 88528,
  "total_pacientes_atendidos": 88525,
  "total_consultas": 62111,
  "total_partos_naturales": 15121,
  "total_partos_cesarea": 11293,
  "total_derivaciones_sr": 234,
  "total_derivaciones_inc": 0,
  "total_partos": 26414,
  "costo_medicos": 583794666.6666667,
  "costo_quirofano": 2509330000.0,
  "costo_sr_operacion": 2355517655.4462442,
  "costo_inc_operacion": 263900000.0,
  "CTM": 46952402.647503376,
  "costo_total_10_anios": 5712542322.112911,
  "CII": 0.0,
  "eventos_procesados": 294390,
  "tiempo_simulacion": 5256010.688694726,
  "G": 2,
  "SR": 19,
  "I": 12,
  "SC": 1
}