{
  "PEC_consultas": 21.273767253170437,
  "PEC_partos_nat": 18.958506301793584,
  "PEC_partos_ces": 34.17167994652974,
  "PEC_general": 22.547225486610667,
  "UT_med": 0.23904805066726756,
  "UT_Q": 0.3090184053429724,
  "PTOSR": [
    1.0001836528294157,
    0.0,
    0.0,
    0.0,
    0.0,
    0.0,
    0.0,
    0.0,
    0.0,
    0.0,
    0.0,
    0.0,
    0.0,
    0.0,
    0.0,
    0.0,
    0.0,
    0.0,
    0.0
  ],
  "PTOSR_promedio": 0.05264124488575872,
  "PPDSR": 0.01001974149811897,
  "PPDINC": 0.0,
  "total_pacientes_llegados": 89851,
  "total_pacientes_atendidos": 89851,
  "total_consultas": 63004,
  "total_partos_naturales": 15240,
  "total_partos_cesarea": 11607,
  "total_derivaciones_sr": 269,
  "total_derivaciones_inc": 0,
  "total_partos": 26847,
  "costo_medicos": 585390666.6666667,
  "costo_quirofano": 2550465000.0,
  "costo_sr_operacion": 2392220249.641139,
  "costo_inc_operacion": 266100000.0,
  "CTM": 47623363.695680596,
  "costo_total_10_anios": 5794175916.307806,
  "CII": 0.0,
  "eventos_procesados": 298783,
  "tiempo_simulacion": 5256213.126243328,
  "G": 2,
  "SR": 19,
  "I": 12,
  "SC": 1
}