{
  "PEC_consultas": 22.30591074243367,
  "PEC_partos_nat": 20.46581540749688,
  "PEC_partos_ces": 34.555778139138575,
  "PEC_general": 23.55516783148054,
  "UT_med": 0.23982450670241265,
  "UT_Q": 0.31123236310239266,
  "PTOSR": [
    0.9999577301451406,
    0.0,
    0.0,
    0.0,
    0.0,
    0.0,
    0.0,
    0.0,
    0.0,
    0.0,
    0.0,
    0.0,
    0.0,
    0.0,
    0.0,
    0.0,
    0.0,
    0.0,
    0.0
  ],
  "PTOSR_promedio": 0.052629354218165295,
  "PPDSR": 0.008653846153846154,
  "PPDINC": 0.0007423904974016332,
  "total_pacientes_llegados": 89628,
  "total_pacientes_atendidos": 89628,
  "total_consultas": 62588,
  "total_partos_naturales": 15562,
  "total_partos_cesarea": 11478,
  "total_derivaciones_sr": 234,
  "total_derivaciones_inc": 2,
  "total_partos": 27040,
  "costo_medicos": 586074666.6666667,
  "costo_quirofano": 2568800000.0,
  "costo_sr_operacion": 2411319797.7199984,
  "costo_inc_operacion": 268800000.0,
  "CTM": 47958858.611397244,
  "costo_total_10_anios": 5834994464.386665,
  "CII": 0.0,
  "eventos_procesados": 298364,
  "tiempo_simulacion": 5256214.723606432,
  "G": 2,
  "SR": 19,
  "I": 12,
  "SC": 1
}