{
  "PEC_consultas": 21.862922352995778,
  "PEC_partos_nat": 20.081694175436688,
  "PEC_partos_ces": 35.18445366262481,
  "PEC_general": 23.28149315686063,
  "UT_med": 0.2389792525748671,
  "UT_Q": 0.3105257578283117,
  "PTOSR": [
    0.9996948758294719,
    0.0,
    0.0,
    0.0,
    0.0,
    0.0,
    0.0,
    0.0,
    0.0,
    0.0,
    0.0,
    0.0,
    0.0,
    0.0,
    0.0,
    0.0,
    0.0,
    0.0,
    0.0
  ],
  "PTOSR_promedio": 0.05261551978049852,
  "PPDSR": 0.00918688646045564,
  "PPDINC": 0.00037064492216456633,
  "total_pacientes_llegados": 89262,
  "total_pacientes_atendidos": 89262,
  "total_consultas": 62267,
  "total_partos_naturales": 15427,
  "total_partos_cesarea": 11568,
  "total_derivaciones_sr": 248,
  "total_derivaciones_inc": 1,
  "total_partos": 26995,
  "costo_medicos": 585846666.6666667,
  "costo_quirofano": 2564525000.0,
  "costo_sr_operacion": 2408083273.6724596,
  "costo_inc_operacion": 269600000.0,
  "CTM": 47901821.427444875,
  "costo_total_10_anios": 5828054940.339127,
  "CII": 0.0,
  "eventos_procesados": 297222,
  "tiempo_simulacion": 5256002.957314431,
  "G": 2,
  "SR": 19,
  "I": 12,
  "SC": 1
}