{
  "PEC_consultas": 22.425933686978087,
  "PEC_partos_nat": 18.845098415849247,
  "PEC_partos_ces": 35.363770705161656,
  "PEC_general": 23.490076178071334,
  "UT_med": 0.23888017500230876,
  "UT_Q": 0.30934318027788693,
  "PTOSR": [
    0.9991773015067169,
    0.0,
    0.0,
    0.0,
    0.0,
    0.0,
    0.0,
    0.0,
    0.0,
    0.0,
    0.0,
    0.0,
    0.0,
    0.0,
    0.0,
    0.0,
    0.0,
    0.0,
    0.0
  ],
  "PTOSR_promedio": 0.052588279026669314,
  "PPDSR": 0.01138816524004466,
  "PPDINC": 0.0,
  "total_pacientes_llegados": 89495,
  "total_pacientes_atendidos": 89494,
  "total_consultas": 62624,
  "total_partos_naturales": 15280,
  "total_partos_cesarea": 11590,
  "total_derivaciones_sr": 306,
  "total_derivaciones_inc": 0,
  "total_partos": 26870,
  "costo_medicos": 585390666.6666667,
  "costo_quirofano": 2552650000.0,
  "costo_sr_operacion": 2391895247.696313,
  "costo_inc_operacion": 276400000.0,
  "CTM": 47723308.885175176,
  "costo_total_10_anios": 5806335914.36298,
  "CII": 0.0,
  "eventos_procesados": 297811,
  "tiempo_simulacion": 5256025.410546403,
  "G": 2,
  "SR": 19,
  "I": 12,
  "SC": 1
}