{
  "PEC_consultas": 21.71874993538084,
  "PEC_partos_nat": 19.278776194976036,
  "PEC_partos_ces": 36.07654823252393,
  "PEC_general": 23.146018509706824,
  "UT_med": 0.23547510161194812,
  "UT_Q": 0.30539332140752906,
  "PTOSR": [
    1.0008060484177328,
    0.0,
    0.0,
    0.0,
    0.0,
    0.0,
    0.0,
    0.0,
    0.0,
    0.0,
    0.0,
    0.0,
    0.0,
    0.0,
    0.0,
    0.0,
    0.0,
    0.0,
    0.0
  ],
  "PTOSR_promedio": 0.05267400254830173,
  "PPDSR": 0.009047726758651889,
  "PPDINC": 0.001107011070110701,
  "total_pacientes_llegados": 88327,
  "total_pacientes_atendidos": 88327,
  "total_consultas": 61801,
  "total_partos_naturales": 15168,
  "total_partos_cesarea": 11358,
  "total_derivaciones_sr": 240,
  "total_derivaciones_inc": 3,
  "total_partos": 26526,
  "costo_medicos": 584136666.6666667,
  "costo_quirofano": 2519970000.0,
  "costo_sr_operacion": 2365717734.789032,
  "costo_inc_operacion": 270500000.0,
  "CTM": 47180748.50511533,
  "costo_total_10_anios": 5740324401.455699,
  "CII": 0.0,
  "eventos_procesados": 293962,
  "tiempo_simulacion": 5256167.656700899,
  "G": 2,
  "SR": 19,
  "I": 12,
  "SC": 1
}