{
  "PEC_consultas": 21.707237293421233,
  "PEC_partos_nat": 18.910507838001063,
  "PEC_partos_ces": 35.84526795329007,
  "PEC_general": 23.06739271698781,
  "UT_med": 0.23929288279720143,
  "UT_Q": 0.3107648437658816,
  "PTOSR": [
    0.9997877303697319,
    0.0,
    0.0,
    0.0,
    0.0,
    0.0,
    0.0,
    0.0,
    0.0,
    0.0,
    0.0,
    0.0,
    0.0,
    0.0,
    0.0,
    0.0,
    0.0,
    0.0,
    0.0
  ],
  "PTOSR_promedio": 0.052620406861564835,
  "PPDSR": 0.009332642026516555,
  "PPDINC": 0.0,
  "total_pacientes_llegados": 89654,
  "total_pacientes_atendidos": 89653,
  "total_consultas": 62651,
  "total_partos_naturales": 15342,
  "total_partos_cesarea": 11660,
  "total_derivaciones_sr": 252,
  "total_derivaciones_inc": 0,
  "total_partos": 27002,
  "costo_medicos": 585960666.6666667,
  "costo_quirofano": 2565190000.0,
  "costo_sr_operacion": 2406691715.654372,
  "costo_inc_operacion": 264300000.0,
  "CTM": 47853225.06017292,
  "costo_total_10_anios": 5822142382.321039,
  "CII": 0.0,
  "eventos_procesados": 298350,
  "tiempo_simulacion": 5256124.902575255,
  "G": 2,
  "SR": 19,
  "I": 12,
  "SC": 1
}