{
  "PEC_consultas": 21.26007633928097,
  "PEC_partos_nat": 19.082443352011104,
  "PEC_partos_ces": 34.421218951747505,
  "PEC_general": 22.579297012116097,
  "UT_med": 0.23758136961136067,
  "UT_Q": 0.3069049933301137,
  "PTOSR": [
    1.000507920071053,
    0.0,
    0.0,
    0.0,
    0.0,
    0.0,
    0.0,
    0.0,
    0.0,
    0.0,
    0.0,
    0.0,
    0.0,
    0.0,
    0.0,
    0.0,
    0.0,
    0.0,
    0.0
  ],
  "PTOSR_promedio": 0.052658311582686995,
  "PPDSR": 0.00881040752821205,
  "PPDINC": 0.0,
  "total_pacientes_llegados": 89346,
  "total_pacientes_atendidos": 89346,
  "total_consultas": 62673,
  "total_partos_naturales": 15202,
  "total_partos_cesarea": 11471,
  "total_derivaciones_sr": 235,
  "total_derivaciones_inc": 0,
  "total_partos": 26673,
  "costo_medicos": 584706666.6666667,
  "costo_quirofano": 2533935000.0,
  "costo_sr_operacion": 2376554790.287536,
  "costo_inc_operacion": 283500000.0,
  "CTM": 47496135.26263728,
  "costo_total_10_anios": 5778696456.954203,
  "CII": 0.0,
  "eventos_procesados": 297303,
  "tiempo_simulacion": 5256014.968684999,
  "G": 2,
  "SR": 19,
  "I": 12,
  "SC": 1
}