{
  "PEC_consultas": 22.262142646069623,
  "PEC_partos_nat": 19.127628687459104,
  "PEC_partos_ces": 35.42243040364197,
  "PEC_general": 23.42750635297259,
  "UT_med": 0.2366518311284451,
  "UT_Q": 0.3073583632803806,
  "PTOSR": [
    1.0003514497959562,
    0.0,
    0.0,
    0.0,
    0.0,
    0.0,
    0.0,
    0.0,
    0.0,
    0.0,
    0.0,
    0.0,
    0.0,
    0.0,
    0.0,
    0.0,
    0.0,
    0.0,
    0.0
  ],
  "PTOSR_promedio": 0.05265007630505033,
  "PPDSR": 0.0099644128113879,
  "PPDINC": 0.0,
  "total_pacientes_llegados": 88537,
  "total_pacientes_atendidos": 88536,
  "total_consultas": 61841,
  "total_partos_naturales": 15228,
  "total_partos_cesarea": 11467,
  "total_derivaciones_sr": 266,
  "total_derivaciones_inc": 0,
  "total_partos": 26695,
  "costo_medicos": 584820666.6666667,
  "costo_quirofano": 2536025000.0,
  "costo_sr_operacion": 2378871935.397108,
  "costo_inc_operacion": 263400000.0,
  "CTM": 47368089.87997623,
  "costo_total_10_anios": 5763117602.063775,
  "CII": 0.0,
  "eventos_procesados": 294667,
  "tiempo_simulacion": 5256075.75621488,
  "G": 2,
  "SR": 19,
  "I": 12,
  "SC": 1
}