{
  "PEC_consultas": 22.443355775729234,
  "PEC_partos_nat": 19.47335687273111,
  "PEC_partos_ces": 34.50484582573881,
  "PEC_general": 23.512301302991425,
  "UT_med": 0.24290136204132143,
  "UT_Q": 0.3144636765389449,
  "PTOSR": [
    0.9984491270609642,
    0.0,
    0.0,
    0.0,
    0.0,
    0.0,
    0.0,
    0.0,
    0.0,
    0.0,
    0.0,
    0.0,
    0.0,
    0.0,
    0.0,
    0.0,
    0.0,
    0.0,
    0.0
  ],
  "PTOSR_promedio": 0.052549954055840224,
  "PPDSR": 0.011415608649518861,
  "PPDINC": 0.0,
  "total_pacientes_llegados": 91162,
  "total_pacientes_atendidos": 91161,
  "total_consultas": 63830,
  "total_partos_naturales": 15448,
  "total_partos_cesarea": 11883,
  "total_derivaciones_sr": 312,
  "total_derivaciones_inc": 0,
  "total_partos": 27331,
  "costo_medicos": 587100666.6666667,
  "costo_quirofano": 2596445000.0,
  "costo_sr_operacion": 2430998198.422859,
  "costo_inc_operacion": 261000000.0,
  "CTM": 48292141.356900215,
  "costo_total_10_anios": 5875543865.089526,
  "CII": 0.0,
  "eventos_procesados": 303101,
  "tiempo_simulacion": 5256005.747971744,
  "G": 2,
  "SR": 19,
  "I": 12,
  "SC": 1
}