{
  "PEC_consultas": 82.3370585094288,
  "PEC_partos_nat": 21.513121168988814,
  "PEC_partos_ces": 39.289104227501035,
  "PEC_general": 66.31576354035465,
  "UT_med": 0.4753646517414208,
  "UT_Q": 0.3084096238649659,
  "PTOSR": [
    1.0077767576120005,
    0.0,
    0.0,
    0.0,
    0.0,
    0.0,
    0.0,
    0.0,
    0.0,
    0.0,
    0.0,
    0.0,
    0.0,
    0.0,
    0.0,
    0.0,
    0.0,
    0.0,
    0.0,
    0.0,
    0.0,
    0.0,
    0.0,
    0.0
  ],
  "PTOSR_promedio": 0.041990698233833355,
  "PPDSR": 0.00048489369638194703,
  "PPDINC": 0.0,
  "total_pacientes_llegados": 89049,
  "total_pacientes_atendidos": 89042,
  "total_consultas": 62232,
  "total_partos_naturales": 15327,
  "total_partos_cesarea": 11483,
  "total_derivaciones_sr": 13,
  "total_derivaciones_inc": 0,
  "total_partos": 26810,
  "costo_medicos": 292581333.3333334,
  "costo_quirofano": 2546950000.0,
  "costo_sr_operacion": 2409414430.8510137,
  "costo_inc_operacion": 268300000.0,
  "CTM": 45347225.459049426,
  "costo_total_10_anios": 5517245764.184347,
  "CII": 0.0,
  "eventos_procesados": 296603,
  "tiempo_simulacion": 5256029.897012375,
  "G": 1,
  "SR": 24,
  "I": 15,
  "SC": 1
}