{
  "PEC_consultas": 90.51431520186783,
  "PEC_partos_nat": 22.00176979990113,
  "PEC_partos_ces": 42.013958209279025,
  "PEC_general": 72.56189304970357,
  "UT_med": 0.48169138124814886,
  "UT_Q": 0.3120606263321055,
  "PTOSR": [
    1.0075978582853096,
    0.0,
    0.0,
    0.0,
    0.0,
    0.0,
    0.0,
    0.0,
    0.0,
    0.0,
    0.0,
    0.0,
    0.0,
    0.0,
    0.0,
    0.0,
    0.0,
    0.0,
    0.0,
    0.0,
    0.0,
    0.0,
    0.0,
    0.0
  ],
  "PTOSR_promedio": 0.04198324409522123,
  "PPDSR": 0.0008117482104641724,
  "PPDINC": 0.0,
  "total_pacientes_llegados": 90340,
  "total_pacientes_atendidos": 90339,
  "total_consultas": 63237,
  "total_partos_naturales": 15358,
  "total_partos_cesarea": 11744,
  "total_derivaciones_sr": 22,
  "total_derivaciones_inc": 0,
  "total_partos": 27102,
  "costo_medicos": 293151333.3333334,
  "costo_quirofano": 2574690000.0,
  "costo_sr_operacion": 2437763813.174777,
  "costo_inc_operacion": 269600000.0,
  "CTM": 45823603.94390227,
  "costo_total_10_anios": 5575205146.50811,
  "CII": 0.0,
  "eventos_procesados": 300786,
  "tiempo_simulacion": 5256063.163161663,
  "G": 1,
  "SR": 24,
  "I": 15,
  "SC": 1
}