{
  "PEC_consultas": 82.20611727382523,
  "PEC_partos_nat": 21.44970351403697,
  "PEC_partos_ces": 38.88374968717556,
  "PEC_general": 66.26128800823089,
  "UT_med": 0.46975761454019577,
  "UT_Q": 0.3040378562182142,
  "PTOSR": [
    1.0077661011990693,
    0.0,
    0.0,
    0.0,
    0.0,
    0.0,
    0.0,
    0.0,
    0.0,
    0.0,
    0.0,
    0.0,
    0.0,
    0.0,
    0.0,
    0.0,
    0.0,
    0.0,
    0.0,
    0.0,
    0.0,
    0.0,
    0.0,
    0.0
  ],
  "PTOSR_promedio": 0.04199025421662789,
  "PPDSR": 0.0006820248560169748,
  "PPDINC": 0.0,
  "total_pacientes_llegados": 87939,
  "total_pacientes_atendidos": 87939,
  "total_consultas": 61547,
  "total_partos_naturales": 14845,
  "total_partos_cesarea": 11547,
  "total_derivaciones_sr": 18,
  "total_derivaciones_inc": 0,
  "total_partos": 26392,
  "costo_medicos": 291840333.3333334,
  "costo_quirofano": 2507240000.0,
  "costo_sr_operacion": 2372021505.7542386,
  "costo_inc_operacion": 263100000.0,
  "CTM": 44664672.65003484,
  "costo_total_10_anios": 5434201839.087572,
  "CII": 0.0,
  "eventos_procesados": 292808,
  "tiempo_simulacion": 5256049.248857193,
  "G": 1,
  "SR": 24,
  "I": 15,
  "SC": 1
}