{
  "PEC_consultas": 83.82911409021199,
  "PEC_partos_nat": 22.00454731575192,
  "PEC_partos_ces": 40.89114821423331,
  "PEC_general": 67.74345577433901,
  "UT_med": 0.4790249076908537,
  "UT_Q": 0.30952694361712585,
  "PTOSR": [
    1.0078821329812448,
    0.0,
    0.0,
    0.0,
    0.0,
    0.0,
    0.0,
    0.0,
    0.0,
    0.0,
    0.0,
    0.0,
    0.0,
    0.0,
    0.0,
    0.0,
    0.0,
    0.0,
    0.0,
    0.0,
    0.0,
    0.0,
    0.0,
    0.0
  ],
  "PTOSR_promedio": 0.04199508887421854,
  "PPDSR": 0.0003340881250232006,
  "PPDINC": 0.0,
  "total_pacientes_llegados": 90017,
  "total_pacientes_atendidos": 90013,
  "total_consultas": 63074,
  "total_partos_naturales": 15419,
  "total_partos_cesarea": 11520,
  "total_derivaciones_sr": 9,
  "total_derivaciones_inc": 0,
  "total_partos": 26939,
  "costo_medicos": 292866333.3333334,
  "costo_quirofano": 2559205000.0,
  "costo_sr_operacion": 2423730108.7514234,
  "costo_inc_operacion": 268300000.0,
  "CTM": 45567957.05823088,
  "costo_total_10_anios": 5544101442.084757,
  "CII": 0.0,
  "eventos_procesados": 299647,
  "tiempo_simulacion": 5256004.195829156,
  "G": 1,
  "SR": 24,
  "I": 15,
  "SC": 1
}