{
  "PEC_consultas": 85.53032132782728,
  "PEC_partos_nat": 21.90179566782815,
  "PEC_partos_ces": 40.662071712079545,
  "PEC_general": 68.8197469547315,
  "UT_med": 0.47998042965802384,
  "UT_Q": 0.3113847313399413,
  "PTOSR": [
    1.0077902532455594,
    0.0,
    0.0,
    0.0,
    0.0,
    0.0,
    0.0,
    0.0,
    0.0,
    0.0,
    0.0,
    0.0,
    0.0,
    0.0,
    0.0,
    0.0,
    0.0,
    0.0,
    0.0,
    0.0,
    0.0,
    0.0,
    0.0,
    0.0
  ],
  "PTOSR_promedio": 0.04199126055189831,
  "PPDSR": 0.0006282103396031189,
  "PPDINC": 0.0,
  "total_pacientes_llegados": 89919,
  "total_pacientes_atendidos": 89918,
  "total_consultas": 62857,
  "total_partos_naturales": 15373,
  "total_partos_cesarea": 11688,
  "total_derivaciones_sr": 17,
  "total_derivaciones_inc": 0,
  "total_partos": 27061,
  "costo_medicos": 293037333.3333334,
  "costo_quirofano": 2570795000.0,
  "costo_sr_operacion": 2431005180.2626114,
  "costo_inc_operacion": 273800000.0,
  "CTM": 45769623.39941873,
  "costo_total_10_anios": 5568637513.595945,
  "CII": 0.0,
  "eventos_procesados": 299531,
  "tiempo_simulacion": 5256016.287413138,
  "G": 1,
  "SR": 24,
  "I": 15,
  "SC": 1
}