{
  "PEC_consultas": 81.26885977582837,
  "PEC_partos_nat": 21.454458688122507,
  "PEC_partos_ces": 38.41365399093829,
  "PEC_general": 65.7005720503988,
  "UT_med": 0.4751762826438518,
  "UT_Q": 0.30613884998433777,
  "PTOSR": [
    1.0077125215346694,
    0.0,
    0.0,
    0.0,
    0.0,
    0.0,
    0.0,
    0.0,
    0.0,
    0.0,
    0.0,
    0.0,
    0.0,
    0.0,
    0.0,
    0.0,
    0.0,
    0.0,
    0.0,
    0.0,
    0.0,
    0.0,
    0.0,
    0.0
  ],
  "PTOSR_promedio": 0.041988021730611225,
  "PPDSR": 0.0007149576669802446,
  "PPDINC": 0.0,
  "total_pacientes_llegados": 89472,
  "total_pacientes_atendidos": 89472,
  "total_consultas": 62897,
  "total_partos_naturales": 14980,
  "total_partos_cesarea": 11595,
  "total_derivaciones_sr": 19,
  "total_derivaciones_inc": 0,
  "total_partos": 26575,
  "costo_medicos": 292182333.3333334,
  "costo_quirofano": 2524625000.0,
  "costo_sr_operacion": 2385757041.19917,
  "costo_inc_operacion": 263100000.0,
  "CTM": 44923268.831774,
  "costo_total_10_anios": 5465664374.532503,
  "CII": 0.0,
  "eventos_procesados": 297595,
  "tiempo_simulacion": 5256014.004414994,
  "G": 1,
  "SR": 24,
  "I": 15,
  "SC": 1
}