{
  "PEC_consultas": 85.73569629427854,
  "PEC_partos_nat": 22.199185438989385,
  "PEC_partos_ces": 42.533327752695925,
  "PEC_general": 69.11995960956992,
  "UT_med": 0.4810800025642089,
  "UT_Q": 0.31317088383408465,
  "PTOSR": [
    1.007396664847999,
    0.0,
    0.0,
    0.0,
    0.0,
    0.0,
    0.0,
    0.0,
    0.0,
    0.0,
    0.0,
    0.0,
    0.0,
    0.0,
    0.0,
    0.0,
    0.0,
    0.0,
    0.0,
    0.0,
    0.0,
    0.0,
    0.0,
    0.0
  ],
  "PTOSR_promedio": 0.041974861035333294,
  "PPDSR": 0.001066450924870371,
  "PPDINC": 0.0,
  "total_pacientes_llegados": 89669,
  "total_pacientes_atendidos": 89668,
  "total_consultas": 62475,
  "total_partos_naturales": 15496,
  "total_partos_cesarea": 11697,
  "total_derivaciones_sr": 29,
  "total_derivaciones_inc": 0,
  "total_partos": 27193,
  "costo_medicos": 293322333.3333334,
  "costo_quirofano": 2583335000.0,
  "costo_sr_operacion": 2442256986.7569704,
  "costo_inc_operacion": 265400000.0,
  "CTM": 45898473.86375592,
  "costo_total_10_anios": 5584314320.090303,
  "CII": 0.0,
  "eventos_procesados": 298806,
  "tiempo_simulacion": 5256000.436108286,
  "G": 1,
  "SR": 24,
  "I": 15,
  "SC": 1
}