{
  "PEC_consultas": 84.45040765910557,
  "PEC_partos_nat": 22.082021198821145,
  "PEC_partos_ces": 38.756599162460695,
  "PEC_general": 67.83940139042059,
  "UT_med": 0.47827881876160855,
  "UT_Q": 0.31070625828903636,
  "PTOSR": [
    1.0079963905196279,
    0.0,
    0.0,
    0.0,
    0.0,
    0.0,
    0.0,
    0.0,
    0.0,
    0.0,
    0.0,
    0.0,
    0.0,
    0.0,
    0.0,
    0.0,
    0.0,
    0.0,
    0.0,
    0.0,
    0.0,
    0.0,
    0.0,
    0.0
  ],
  "PTOSR_promedio": 0.04199984960498449,
  "PPDSR": 0.00022232103156958648,
  "PPDINC": 0.0,
  "total_pacientes_llegados": 89452,
  "total_pacientes_atendidos": 89452,
  "total_consultas": 62464,
  "total_partos_naturales": 15155,
  "total_partos_cesarea": 11833,
  "total_derivaciones_sr": 6,
  "total_derivaciones_inc": 0,
  "total_partos": 26988,
  "costo_medicos": 292923333.3333334,
  "costo_quirofano": 2563860000.0,
  "costo_sr_operacion": 2426509176.6333537,
  "costo_inc_operacion": 275800000.0,
  "CTM": 45691171.31479469,
  "costo_total_10_anios": 5559092509.966687,
  "CII": 0.0,
  "eventos_procesados": 298091,
  "tiempo_simulacion": 5256014.254438797,
  "G": 1,
  "SR": 24,
  "I": 15,
  "SC": 1
}