{
  "PEC_consultas": 81.42867825610737,
  "PEC_partos_nat": 22.199110222813946,
  "PEC_partos_ces": 38.41805517415506,
  "PEC_general": 65.71233308183912,
  "UT_med": 0.4761275743124366,
  "UT_Q": 0.3085519834507672,
  "PTOSR": [
    1.0079311484986138,
    0.0,
    0.0,
    0.0,
    0.0,
    0.0,
    0.0,
    0.0,
    0.0,
    0.0,
    0.0,
    0.0,
    0.0,
    0.0,
    0.0,
    0.0,
    0.0,
    0.0,
    0.0,
    0.0,
    0.0,
    0.0,
    0.0,
    0.0
  ],
  "PTOSR_promedio": 0.04199713118744224,
  "PPDSR": 0.0004848394435535002,
  "PPDINC": 0.0,
  "total_pacientes_llegados": 89203,
  "total_pacientes_atendidos": 89203,
  "total_consultas": 62390,
  "total_partos_naturales": 15334,
  "total_partos_cesarea": 11479,
  "total_derivaciones_sr": 13,
  "total_derivaciones_inc": 0,
  "total_partos": 26813,
  "costo_medicos": 292581333.3333334,
  "costo_quirofano": 2547235000.0,
  "costo_sr_operacion": 2406725642.4791837,
  "costo_inc_operacion": 269000000.0,
  "CTM": 45333221.719006985,
  "costo_total_10_anios": 5515541975.812517,
  "CII": 0.0,
  "eventos_procesados": 297092,
  "tiempo_simulacion": 5256041.9371698685,
  "G": 1,
  "SR": 24,
  "I": 15,
  "SC": 1
}