{
  "PEC_consultas": 83.13857335779107,
  "PEC_partos_nat": 21.84712045289349,
  "PEC_partos_ces": 38.9092185676993,
  "PEC_general": 67.1105845483787,
  "UT_med": 0.4729375244841701,
  "UT_Q": 0.3047330144876298,
  "PTOSR": [
    1.0077491480668463,
    0.0,
    0.0,
    0.0,
    0.0,
    0.0,
    0.0,
    0.0,
    0.0,
    0.0,
    0.0,
    0.0,
    0.0,
    0.0,
    0.0,
    0.0,
    0.0,
    0.0,
    0.0,
    0.0,
    0.0,
    0.0,
    0.0,
    0.0
  ],
  "PTOSR_promedio": 0.0419895478361186,
  "PPDSR": 0.0007177123862048125,
  "PPDINC": 0.0,
  "total_pacientes_llegados": 89066,
  "total_pacientes_atendidos": 89066,
  "total_consultas": 62593,
  "total_partos_naturales": 15043,
  "total_partos_cesarea": 11430,
  "total_derivaciones_sr": 19,
  "total_derivaciones_inc": 0,
  "total_partos": 26473,
  "costo_medicos": 291954333.3333334,
  "costo_quirofano": 2514935000.0,
  "costo_sr_operacion": 2377303800.5398803,
  "costo_inc_operacion": 259300000.0,
  "CTM": 44741039.45649216,
  "costo_total_10_anios": 5443493133.873214,
  "CII": 0.0,
  "eventos_procesados": 296233,
  "tiempo_simulacion": 5256022.546710326,
  "G": 1,
  "SR": 24,
  "I": 15,
  "SC": 1
}