{
  "PEC_consultas": 84.03494758891138,
  "PEC_partos_nat": 21.686356298562345,
  "PEC_partos_ces": 39.87033330814486,
  "PEC_general": 67.60762920518873,
  "UT_med": 0.4741301021785843,
  "UT_Q": 0.3075267438413418,
  "PTOSR": [
    1.0078431072637966,
    0.0,
    0.0,
    0.0,
    0.0,
    0.0,
    0.0,
    0.0,
    0.0,
    0.0,
    0.0,
    0.0,
    0.0,
    0.0,
    0.0,
    0.0,
    0.0,
    0.0,
    0.0,
    0.0,
    0.0,
    0.0,
    0.0,
    0.0
  ],
  "PTOSR_promedio": 0.04199346280265819,
  "PPDSR": 0.0006736022752787965,
  "PPDINC": 0.0,
  "total_pacientes_llegados": 88821,
  "total_pacientes_atendidos": 88821,
  "total_consultas": 62099,
  "total_partos_naturales": 15339,
  "total_partos_cesarea": 11383,
  "total_derivaciones_sr": 18,
  "total_derivaciones_inc": 0,
  "total_partos": 26722,
  "costo_medicos": 292467333.3333334,
  "costo_quirofano": 2538590000.0,
  "costo_sr_operacion": 2404100186.3965354,
  "costo_inc_operacion": 259800000.0,
  "CTM": 45164034.40873864,
  "costo_total_10_anios": 5494957519.729869,
  "CII": 0.0,
  "eventos_procesados": 295757,
  "tiempo_simulacion": 5256068.648516585,
  "G": 1,
  "SR": 24,
  "I": 15,
  "SC": 1
}