{
  "PEC_consultas": 81.21967904601595,
  "PEC_partos_nat": 21.25652705487605,
  "PEC_partos_ces": 38.1947191020575,
  "PEC_general": 65.4578885696675,
  "UT_med": 0.475638787514647,
  "UT_Q": 0.30774067603212657,
  "PTOSR": [
    1.0079443758926951,
    0.0,
    0.0,
    0.0,
    0.0,
    0.0,
    0.0,
    0.0,
    0.0,
    0.0,
    0.0,
    0.0,
    0.0,
    0.0,
    0.0,
    0.0,
    0.0,
    0.0,
    0.0,
    0.0,
    0.0,
    0.0,
    0.0,
    0.0
  ],
  "PTOSR_promedio": 0.0419976823288623,
  "PPDSR": 0.00041184619416676025,
  "PPDINC": 0.0,
  "total_pacientes_llegados": 89261,
  "total_pacientes_atendidos": 89256,
  "total_consultas": 62547,
  "total_partos_naturales": 15213,
  "total_partos_cesarea": 11496,
  "total_derivaciones_sr": 11,
  "total_derivaciones_inc": 0,
  "total_partos": 26709,
  "costo_medicos": 292410333.3333334,
  "costo_quirofano": 2537355000.0,
  "costo_sr_operacion": 2404239776.548521,
  "costo_inc_operacion": 257800000.0,
  "CTM": 45138124.190809764,
  "costo_total_10_anios": 5491805109.881855,
  "CII": 0.0,
  "eventos_procesados": 297034,
  "tiempo_simulacion": 5256024.519206879,
  "G": 1,
  "SR": 24,
  "I": 15,
  "SC": 1
}