{
  "PEC_consultas": 83.8350445541756,
  "PEC_partos_nat": 21.802206619818982,
  "PEC_partos_ces": 38.9640901661363,
  "PEC_general": 67.43143597531659,
  "UT_med": 0.47931214806679323,
  "UT_Q": 0.31046652509009626,
  "PTOSR": [
    1.0080369308452706,
    0.0,
    0.0,
    0.0,
    0.0,
    0.0,
    0.0,
    0.0,
    0.0,
    0.0,
    0.0,
    0.0,
    0.0,
    0.0,
    0.0,
    0.0,
    0.0,
    0.0,
    0.0,
    0.0,
    0.0,
    0.0,
    0.0,
    0.0
  ],
  "PTOSR_promedio": 0.04200153878521961,
  "PPDSR": 0.00048158850114840335,
  "PPDINC": 0.0,
  "total_pacientes_llegados": 89836,
  "total_pacientes_atendidos": 89836,
  "total_consultas": 62842,
  "total_partos_naturales": 15289,
  "total_partos_cesarea": 11705,
  "total_derivaciones_sr": 13,
  "total_derivaciones_inc": 0,
  "total_partos": 26994,
  "costo_medicos": 292923333.3333334,
  "costo_quirofano": 2564430000.0,
  "costo_sr_operacion": 2426797782.2343116,
  "costo_inc_operacion": 271600000.0,
  "CTM": 45663707.799186125,
  "costo_total_10_anios": 5555751115.567645,
  "CII": 0.0,
  "eventos_procesados": 299194,
  "tiempo_simulacion": 5256353.729805163,
  "G": 1,
  "SR": 24,
  "I": 15,
  "SC": 1
}