{
  "PEC_consultas": 85.79341665357292,
  "PEC_partos_nat": 21.765216664179444,
  "PEC_partos_ces": 40.51749096474948,
  "PEC_general": 68.94424320064907,
  "UT_med": 0.48248003615449647,
  "UT_Q": 0.31304066974705846,
  "PTOSR": [
    1.0079160358834278,
    0.0,
    0.0,
    0.0,
    0.0,
    0.0,
    0.0,
    0.0,
    0.0,
    0.0,
    0.0,
    0.0,
    0.0,
    0.0,
    0.0,
    0.0,
    0.0,
    0.0,
    0.0,
    0.0,
    0.0,
    0.0,
    0.0,
    0.0
  ],
  "PTOSR_promedio": 0.04199650149514283,
  "PPDSR": 0.0006984780530843321,
  "PPDINC": 0.0,
  "total_pacientes_llegados": 90326,
  "total_pacientes_atendidos": 90326,
  "total_consultas": 63124,
  "total_partos_naturales": 15482,
  "total_partos_cesarea": 11720,
  "total_derivaciones_sr": 19,
  "total_derivaciones_inc": 0,
  "total_partos": 27202,
  "costo_medicos": 293322333.3333334,
  "costo_quirofano": 2584190000.0,
  "costo_sr_operacion": 2442812534.7147913,
  "costo_inc_operacion": 268200000.0,
  "CTM": 45933081.10724486,
  "costo_total_10_anios": 5588524868.048124,
  "CII": 0.0,
  "eventos_procesados": 300837,
  "tiempo_simulacion": 5256181.323631105,
  "G": 1,
  "SR": 24,
  "I": 15,
  "SC": 1
}