{
  "PEC_consultas": 83.52826070390232,
  "PEC_partos_nat": 21.82130141538484,
  "PEC_partos_ces": 38.76951492170605,
  "PEC_general": 67.21302994867553,
  "UT_med": 0.4771904833622738,
  "UT_Q": 0.3090357079724129,
  "PTOSR": [
    1.0078171401837812,
    0.0,
    0.0,
    0.0,
    0.0,
    0.0,
    0.0,
    0.0,
    0.0,
    0.0,
    0.0,
    0.0,
    0.0,
    0.0,
    0.0,
    0.0,
    0.0,
    0.0,
    0.0,
    0.0,
    0.0,
    0.0,
    0.0,
    0.0
  ],
  "PTOSR_promedio": 0.041992380840990884,
  "PPDSR": 0.0005957256683297342,
  "PPDINC": 0.0,
  "total_pacientes_llegados": 89573,
  "total_pacientes_atendidos": 89573,
  "total_consultas": 62715,
  "total_partos_naturales": 15298,
  "total_partos_cesarea": 11560,
  "total_derivaciones_sr": 16,
  "total_derivaciones_inc": 0,
  "total_partos": 26858,
  "costo_medicos": 292695333.3333334,
  "costo_quirofano": 2551510000.0,
  "costo_sr_operacion": 2414817068.829016,
  "costo_inc_operacion": 266100000.0,
  "CTM": 45411964.949279584,
  "costo_total_10_anios": 5525122402.16235,
  "CII": 0.0,
  "eventos_procesados": 298213,
  "tiempo_simulacion": 5256013.183600785,
  "G": 1,
  "SR": 24,
  "I": 15,
  "SC": 1
}