{
  "PEC_consultas": 84.86184815470219,
  "PEC_partos_nat": 21.8167483032208,
  "PEC_partos_ces": 39.162635825541265,
  "PEC_general": 68.18979014556123,
  "UT_med": 0.47638365694288953,
  "UT_Q": 0.30832896827575534,
  "PTOSR": [
    1.0080914274793544,
    0.0,
    0.0,
    0.0,
    0.0,
    0.0,
    0.0,
    0.0,
    0.0,
    0.0,
    0.0,
    0.0,
    0.0,
    0.0,
    0.0,
    0.0,
    0.0,
    0.0,
    0.0,
    0.0,
    0.0,
    0.0,
    0.0,
    0.0
  ],
  "PTOSR_promedio": 0.04200380947830643,
  "PPDSR": 0.0003357081577082323,
  "PPDINC": 0.0,
  "total_pacientes_llegados": 89465,
  "total_pacientes_atendidos": 89465,
  "total_consultas": 62656,
  "total_partos_naturales": 15359,
  "total_partos_cesarea": 11450,
  "total_derivaciones_sr": 9,
  "total_derivaciones_inc": 0,
  "total_partos": 26809,
  "costo_medicos": 292581333.3333334,
  "costo_quirofano": 2546855000.0,
  "costo_sr_operacion": 2413822018.377285,
  "costo_inc_operacion": 265800000.0,
  "CTM": 45362123.43871742,
  "costo_total_10_anios": 5519058351.710619,
  "CII": 0.0,
  "eventos_procesados": 297844,
  "tiempo_simulacion": 5256009.919623957,
  "G": 1,
  "SR": 24,
  "I": 15,
  "SC": 1
}