{
  "PEC_consultas": 81.31721482264426,
  "PEC_partos_nat": 21.329570510006413,
  "PEC_partos_ces": 38.08929811068857,
  "PEC_general": 65.59966796070509,
  "UT_med": 0.4789148664388911,
  "UT_Q": 0.30935470014573657,
  "PTOSR": [
    1.0079199841857427,
    0.0,
    0.0,
    0.0,
    0.0,
    0.0,
    0.0,
    0.0,
    0.0,
    0.0,
    0.0,
    0.0,
    0.0,
    0.0,
    0.0,
    0.0,
    0.0,
    0.0,
    0.0,
    0.0,
    0.0,
    0.0,
    0.0,
    0.0
  ],
  "PTOSR_promedio": 0.041996666007739276,
  "PPDSR": 0.000297630120168161,
  "PPDINC": 0.0,
  "total_pacientes_llegados": 90196,
  "total_pacientes_atendidos": 90196,
  "total_consultas": 63317,
  "total_partos_naturales": 15259,
  "total_partos_cesarea": 11620,
  "total_derivaciones_sr": 8,
  "total_derivaciones_inc": 0,
  "total_partos": 26879,
  "costo_medicos": 292752333.3333334,
  "costo_quirofano": 2553505000.0,
  "costo_sr_operacion": 2417434038.1774473,
  "costo_inc_operacion": 267400000.0,
  "CTM": 45461024.97132148,
  "costo_total_10_anios": 5531091371.51078,
  "CII": 0.0,
  "eventos_procesados": 300122,
  "tiempo_simulacion": 5256091.141276824,
  "G": 1,
  "SR": 24,
  "I": 15,
  "SC": 1
}