{
  "PEC_consultas": 82.50593124659984,
  "PEC_partos_nat": 21.969595651635306,
  "PEC_partos_ces": 40.32274157658222,
  "PEC_general": 66.78645657660189,
  "UT_med": 0.47374601001292366,
  "UT_Q": 0.30639468024577027,
  "PTOSR": [
    1.0079555055341554,
    0.0,
    0.0,
    0.0,
    0.0,
    0.0,
    0.0,
    0.0,
    0.0,
    0.0,
    0.0,
    0.0,
    0.0,
    0.0,
    0.0,
    0.0,
    0.0,
    0.0,
    0.0,
    0.0,
    0.0,
    0.0,
    0.0,
    0.0
  ],
  "PTOSR_promedio": 0.04199814606392314,
  "PPDSR": 0.00045116174148432213,
  "PPDINC": 0.0,
  "total_pacientes_llegados": 88897,
  "total_pacientes_atendidos": 88897,
  "total_consultas": 62299,
  "total_partos_naturales": 15007,
  "total_partos_cesarea": 11591,
  "total_derivaciones_sr": 12,
  "total_derivaciones_inc": 0,
  "total_partos": 26598,
  "costo_medicos": 292239333.3333334,
  "costo_quirofano": 2526810000.0,
  "costo_sr_operacion": 2388712318.12282,
  "costo_inc_operacion": 274800000.0,
  "CTM": 45062150.55991359,
  "costo_total_10_anios": 5482561651.456154,
  "CII": 0.0,
  "eventos_procesados": 296008,
  "tiempo_simulacion": 5256000.062513771,
  "G": 1,
  "SR": 24,
  "I": 15,
  "SC": 1
}