{
  "PEC_consultas": 84.44393251855848,
  "PEC_partos_nat": 21.799146325965364,
  "PEC_partos_ces": 41.78681827819593,
  "PEC_general": 68.25213224064544,
  "UT_med": 0.47059995222590406,
  "UT_Q": 0.30448735020787704,
  "PTOSR": [
    1.0076826393424252,
    0.0,
    0.0,
    0.0,
    0.0,
    0.0,
    0.0,
    0.0,
    0.0,
    0.0,
    0.0,
    0.0,
    0.0,
    0.0,
    0.0,
    0.0,
    0.0,
    0.0,
    0.0,
    0.0,
    0.0,
    0.0,
    0.0,
    0.0
  ],
  "PTOSR_promedio": 0.04198677663926772,
  "PPDSR": 0.0009828752882470797,
  "PPDINC": 0.0,
  "total_pacientes_llegados": 88316,
  "total_pacientes_atendidos": 88314,
  "total_consultas": 61861,
  "total_partos_naturales": 15087,
  "total_partos_cesarea": 11366,
  "total_derivaciones_sr": 26,
  "total_derivaciones_inc": 0,
  "total_partos": 26453,
  "costo_medicos": 291954333.3333334,
  "costo_quirofano": 2513035000.0,
  "costo_sr_operacion": 2376826877.648577,
  "costo_inc_operacion": 262500000.0,
  "CTM": 44747804.47382392,
  "costo_total_10_anios": 5444316210.981911,
  "CII": 0.0,
  "eventos_procesados": 293989,
  "tiempo_simulacion": 5256009.075866109,
  "G": 1,
  "SR": 24,
  "I": 15,
  "SC": 1
}