{
  "PEC_consultas": 81.42452932867532,
  "PEC_partos_nat": 21.273571215016176,
  "PEC_partos_ces": 39.45858363147988,
  "PEC_general": 65.79978797277043,
  "UT_med": 0.4729217132559355,
  "UT_Q": 0.30560325692074036,
  "PTOSR": [
    1.0079729409969471,
    0.0,
    0.0,
    0.0,
    0.0,
    0.0,
    0.0,
    0.0,
    0.0,
    0.0,
    0.0,
    0.0,
    0.0,
    0.0,
    0.0,
    0.0,
    0.0,
    0.0,
    0.0,
    0.0,
    0.0,
    0.0,
    0.0,
    0.0
  ],
  "PTOSR_promedio": 0.041998872541539466,
  "PPDSR": 0.0004140163348263013,
  "PPDINC": 0.0,
  "total_pacientes_llegados": 88950,
  "total_pacientes_atendidos": 88949,
  "total_consultas": 62380,
  "total_partos_naturales": 15112,
  "total_partos_cesarea": 11457,
  "total_derivaciones_sr": 11,
  "total_derivaciones_inc": 0,
  "total_partos": 26569,
  "costo_medicos": 292182333.3333334,
  "costo_quirofano": 2524055000.0,
  "costo_sr_operacion": 2388769285.4643335,
  "costo_inc_operacion": 254900000.0,
  "CTM": 44875944.81203561,
  "costo_total_10_anios": 5459906618.797667,
  "CII": 0.0,
  "eventos_procesados": 295942,
  "tiempo_simulacion": 5256019.9606212955,
  "G": 1,
  "SR": 24,
  "I": 15,
  "SC": 1
}