{
  "PEC_consultas": 82.25925908461508,
  "PEC_partos_nat": 21.33899762573923,
  "PEC_partos_ces": 39.567404688762636,
  "PEC_general": 66.37911647572382,
  "UT_med": 0.48069756162409566,
  "UT_Q": 0.3106776505268666,
  "PTOSR": [
    1.0078582108695613,
    0.0,
    0.0,
    0.0,
    0.0,
    0.0,
    0.0,
    0.0,
    0.0,
    0.0,
    0.0,
    0.0,
    0.0,
    0.0,
    0.0,
    0.0,
    0.0,
    0.0,
    0.0,
    0.0,
    0.0,
    0.0,
    0.0,
    0.0
  ],
  "PTOSR_promedio": 0.041994092119565056,
  "PPDSR": 0.00044421411120159916,
  "PPDINC": 0.0,
  "total_pacientes_llegados": 90333,
  "total_pacientes_atendidos": 90331,
  "total_consultas": 63317,
  "total_partos_naturales": 15426,
  "total_partos_cesarea": 11588,
  "total_derivaciones_sr": 12,
  "total_derivaciones_inc": 0,
  "total_partos": 27014,
  "costo_medicos": 292980333.3333334,
  "costo_quirofano": 2566330000.0,
  "costo_sr_operacion": 2430522897.483306,
  "costo_inc_operacion": 273000000.0,
  "CTM": 45721916.96561621,
  "costo_total_10_anios": 5562833230.816639,
  "CII": 0.0,
  "eventos_procesados": 300723,
  "tiempo_simulacion": 5256004.408468338,
  "G": 1,
  "SR": 24,
  "I": 15,
  "SC": 1
}