{
  "PEC_consultas": 78.77950122266951,
  "PEC_partos_nat": 21.42428861293537,
  "PEC_partos_ces": 38.47028665709521,
  "PEC_general": 63.85668433955964,
  "UT_med": 0.47479301449739236,
  "UT_Q": 0.306751627773203,
  "PTOSR": [
    1.0079096763111413,
    0.0,
    0.0,
    0.0,
    0.0,
    0.0,
    0.0,
    0.0,
    0.0,
    0.0,
    0.0,
    0.0,
    0.0,
    0.0,
    0.0,
    0.0,
    0.0,
    0.0,
    0.0,
    0.0,
    0.0,
    0.0,
    0.0,
    0.0
  ],
  "PTOSR_promedio": 0.04199623651296422,
  "PPDSR": 0.000300187617260788,
  "PPDINC": 0.0,
  "total_pacientes_llegados": 89198,
  "total_pacientes_atendidos": 89196,
  "total_consultas": 62546,
  "total_partos_naturales": 15066,
  "total_partos_cesarea": 11584,
  "total_derivaciones_sr": 8,
  "total_derivaciones_inc": 0,
  "total_partos": 26650,
  "costo_medicos": 292296333.3333334,
  "costo_quirofano": 2531750000.0,
  "costo_sr_operacion": 2395897983.1809483,
  "costo_inc_operacion": 272700000.0,
  "CTM": 45145021.77956944,
  "costo_total_10_anios": 5492644316.514282,
  "CII": 0.0,
  "eventos_procesados": 296952,
  "tiempo_simulacion": 5256001.96575207,
  "G": 1,
  "SR": 24,
  "I": 15,
  "SC": 1
}