{
  "PEC_consultas": 87.00460842820966,
  "PEC_partos_nat": 21.09912467911568,
  "PEC_partos_ces": 40.680641840959,
  "PEC_general": 69.78273370354133,
  "UT_med": 0.47822916280769145,
  "UT_Q": 0.3093952795351802,
  "PTOSR": [
    1.007752182999275,
    0.0,
    0.0,
    0.0,
    0.0,
    0.0,
    0.0,
    0.0,
    0.0,
    0.0,
    0.0,
    0.0,
    0.0,
    0.0,
    0.0,
    0.0,
    0.0,
    0.0,
    0.0,
    0.0,
    0.0,
    0.0,
    0.0,
    0.0
  ],
  "PTOSR_promedio": 0.04198967429163646,
  "PPDSR": 0.0006323698991927984,
  "PPDINC": 0.0,
  "total_pacientes_llegados": 89615,
  "total_pacientes_atendidos": 89615,
  "total_consultas": 62732,
  "total_partos_naturales": 15219,
  "total_partos_cesarea": 11664,
  "total_derivaciones_sr": 17,
  "total_derivaciones_inc": 0,
  "total_partos": 26883,
  "costo_medicos": 292752333.3333334,
  "costo_quirofano": 2553885000.0,
  "costo_sr_operacion": 2418045315.0925713,
  "costo_inc_operacion": 275200000.0,
  "CTM": 45533282.04185675,
  "costo_total_10_anios": 5539882648.425905,
  "CII": 0.0,
  "eventos_procesados": 298458,
  "tiempo_simulacion": 5256011.585412749,
  "G": 1,
  "SR": 24,
  "I": 15,
  "SC": 1
}