{
  "PEC_consultas": 84.368197424978,
  "PEC_partos_nat": 21.3090359920921,
  "PEC_partos_ces": 40.398086993669516,
  "PEC_general": 67.90988643286538,
  "UT_med": 0.4780446010719466,
  "UT_Q": 0.3096292385983954,
  "PTOSR": [
    1.0076160507794485,
    0.0,
    0.0,
    0.0,
    0.0,
    0.0,
    0.0,
    0.0,
    0.0,
    0.0,
    0.0,
    0.0,
    0.0,
    0.0,
    0.0,
    0.0,
    0.0,
    0.0,
    0.0,
    0.0,
    0.0,
    0.0,
    0.0,
    0.0
  ],
  "PTOSR_promedio": 0.041984002115810354,
  "PPDSR": 0.0005203106998178912,
  "PPDINC": 0.0,
  "total_pacientes_llegados": 89599,
  "total_pacientes_atendidos": 89598,
  "total_consultas": 62691,
  "total_partos_naturales": 15272,
  "total_partos_cesarea": 11635,
  "total_derivaciones_sr": 14,
  "total_derivaciones_inc": 0,
  "total_partos": 26907,
  "costo_medicos": 292752333.3333334,
  "costo_quirofano": 2556165000.0,
  "costo_sr_operacion": 2415791307.934419,
  "costo_inc_operacion": 269700000.0,
  "CTM": 45488290.2022007,
  "costo_total_10_anios": 5534408641.267753,
  "CII": 0.0,
  "eventos_procesados": 298380,
  "tiempo_simulacion": 5256078.116356966,
  "G": 1,
  "SR": 24,
  "I": 15,
  "SC": 1
}