{
  "PEC_consultas": 88.26254353903028,
  "PEC_partos_nat": 22.343065857640173,
  "PEC_partos_ces": 40.949520774634834,
  "PEC_general": 70.91839399589642,
  "UT_med": 0.47929964008974163,
  "UT_Q": 0.3098306987274983,
  "PTOSR": [
    1.0079204497191736,
    0.0,
    0.0,
    0.0,
    0.0,
    0.0,
    0.0,
    0.0,
    0.0,
    0.0,
    0.0,
    0.0,
    0.0,
    0.0,
    0.0,
    0.0,
    0.0,
    0.0,
    0.0,
    0.0,
    0.0,
    0.0,
    0.0,
    0.0
  ],
  "PTOSR_promedio": 0.04199668540496557,
  "PPDSR": 0.0006687223687632352,
  "PPDINC": 0.0,
  "total_pacientes_llegados": 89897,
  "total_pacientes_atendidos": 89895,
  "total_consultas": 62978,
  "total_partos_naturales": 15351,
  "total_partos_cesarea": 11566,
  "total_derivaciones_sr": 18,
  "total_derivaciones_inc": 0,
  "total_partos": 26917,
  "costo_medicos": 292809333.3333334,
  "costo_quirofano": 2557115000.0,
  "costo_sr_operacion": 2423249104.2658987,
  "costo_inc_operacion": 268600000.0,
  "CTM": 45548822.7747882,
  "costo_total_10_anios": 5541773437.599232,
  "CII": 0.0,
  "eventos_procesados": 299270,
  "tiempo_simulacion": 5256000.656762555,
  "G": 1,
  "SR": 24,
  "I": 15,
  "SC": 1
}