{
  "PEC_consultas": 83.77022632037757,
  "PEC_partos_nat": 21.723269520976093,
  "PEC_partos_ces": 40.19820295790887,
  "PEC_general": 67.47013735020055,
  "UT_med": 0.4742553223237693,
  "UT_Q": 0.30785192077007845,
  "PTOSR": [
    1.0079032244983237,
    0.0,
    0.0,
    0.0,
    0.0,
    0.0,
    0.0,
    0.0,
    0.0,
    0.0,
    0.0,
    0.0,
    0.0,
    0.0,
    0.0,
    0.0,
    0.0,
    0.0,
    0.0,
    0.0,
    0.0,
    0.0,
    0.0,
    0.0
  ],
  "PTOSR_promedio": 0.04199596768743016,
  "PPDSR": 0.00033641086980899337,
  "PPDINC": 0.0,
  "total_pacientes_llegados": 88804,
  "total_pacientes_atendidos": 88802,
  "total_consultas": 62049,
  "total_partos_naturales": 15253,
  "total_partos_cesarea": 11500,
  "total_derivaciones_sr": 9,
  "total_derivaciones_inc": 0,
  "total_partos": 26753,
  "costo_medicos": 292524333.3333334,
  "costo_quirofano": 2541535000.0,
  "costo_sr_operacion": 2407725219.0571947,
  "costo_inc_operacion": 263400000.0,
  "CTM": 45248092.21142899,
  "costo_total_10_anios": 5505184552.390528,
  "CII": 0.0,
  "eventos_procesados": 295773,
  "tiempo_simulacion": 5256002.094508203,
  "G": 1,
  "SR": 24,
  "I": 15,
  "SC": 1
}