{
  "PEC_consultas": 86.13805662625106,
  "PEC_partos_nat": 22.382281853987593,
  "PEC_partos_ces": 40.39955192878131,
  "PEC_general": 69.19437465135145,
  "UT_med": 0.4835213950423108,
  "UT_Q": 0.31435389258876434,
  "PTOSR": [
    1.0079478200904686,
    0.0,
    0.0,
    0.0,
    0.0,
    0.0,
    0.0,
    0.0,
    0.0,
    0.0,
    0.0,
    0.0,
    0.0,
    0.0,
    0.0,
    0.0,
    0.0,
    0.0,
    0.0,
    0.0,
    0.0,
    0.0,
    0.0,
    0.0
  ],
  "PTOSR_promedio": 0.041997825837102855,
  "PPDSR": 0.0005854586702769951,
  "PPDINC": 0.0,
  "total_pacientes_llegados": 90403,
  "total_pacientes_atendidos": 90403,
  "total_consultas": 63074,
  "total_partos_naturales": 15639,
  "total_partos_cesarea": 11690,
  "total_derivaciones_sr": 16,
  "total_derivaciones_inc": 0,
  "total_partos": 27329,
  "costo_medicos": 293550333.3333334,
  "costo_quirofano": 2596255000.0,
  "costo_sr_operacion": 2458358323.9793363,
  "costo_inc_operacion": 272500000.0,
  "CTM": 46197235.53955619,
  "costo_total_10_anios": 5620663657.31267,
  "CII": 0.0,
  "eventos_procesados": 301244,
  "tiempo_simulacion": 5256613.962176862,
  "G": 1,
  "SR": 24,
  "I": 15,
  "SC": 1
}