{
  "PEC_consultas": 84.29810544530375,
  "PEC_partos_nat": 22.05692047260604,
  "PEC_partos_ces": 40.0400463200194,
  "PEC_general": 67.86363500760415,
  "UT_med": 0.4795057243609532,
  "UT_Q": 0.31091125893303667,
  "PTOSR": [
    1.007843231318187,
    0.0,
    0.0,
    0.0,
    0.0,
    0.0,
    0.0,
    0.0,
    0.0,
    0.0,
    0.0,
    0.0,
    0.0,
    0.0,
    0.0,
    0.0,
    0.0,
    0.0,
    0.0,
    0.0,
    0.0,
    0.0,
    0.0,
    0.0
  ],
  "PTOSR_promedio": 0.04199346797159113,
  "PPDSR": 0.000406985348527453,
  "PPDINC": 0.0,
  "total_pacientes_llegados": 89705,
  "total_pacientes_atendidos": 89700,
  "total_consultas": 62672,
  "total_partos_naturales": 15457,
  "total_partos_cesarea": 11571,
  "total_derivaciones_sr": 11,
  "total_derivaciones_inc": 0,
  "total_partos": 27028,
  "costo_medicos": 292980333.3333334,
  "costo_quirofano": 2567660000.0,
  "costo_sr_operacion": 2429121102.702758,
  "costo_inc_operacion": 271700000.0,
  "CTM": 45710641.94002266,
  "costo_total_10_anios": 5561461436.036091,
  "CII": 0.0,
  "eventos_procesados": 298820,
  "tiempo_simulacion": 5256012.574133729,
  "G": 1,
  "SR": 24,
  "I": 15,
  "SC": 1
}