{
  "PEC_consultas": 86.03770393287101,
  "PEC_partos_nat": 22.436634141828403,
  "PEC_partos_ces": 41.626464963315634,
  "PEC_general": 69.41364542441589,
  "UT_med": 0.48230849178693636,
  "UT_Q": 0.31253126936398873,
  "PTOSR": [
    1.0076935030351546,
    0.0,
    0.0,
    0.0,
    0.0,
    0.0,
    0.0,
    0.0,
    0.0,
    0.0,
    0.0,
    0.0,
    0.0,
    0.0,
    0.0,
    0.0,
    0.0,
    0.0,
    0.0,
    0.0,
    0.0,
    0.0,
    0.0,
    0.0
  ],
  "PTOSR_promedio": 0.041987229293131444,
  "PPDSR": 0.0005525879535826119,
  "PPDINC": 0.0,
  "total_pacientes_llegados": 90342,
  "total_pacientes_atendidos": 90341,
  "total_consultas": 63196,
  "total_partos_naturales": 15440,
  "total_partos_cesarea": 11705,
  "total_derivaciones_sr": 15,
  "total_derivaciones_inc": 0,
  "total_partos": 27145,
  "costo_medicos": 293208333.3333334,
  "costo_quirofano": 2578775000.0,
  "costo_sr_operacion": 2438352123.29891,
  "costo_inc_operacion": 273400000.0,
  "CTM": 45893716.08190885,
  "costo_total_10_anios": 5583735456.632244,
  "CII": 0.0,
  "eventos_procesados": 300878,
  "tiempo_simulacion": 5256099.214502045,
  "G": 1,
  "SR": 24,
  "I": 15,
  "SC": 1
}