{
  "PEC_consultas": 84.1858956268709,
  "PEC_partos_nat": 21.949294029622543,
  "PEC_partos_ces": 39.981478396800746,
  "PEC_general": 67.72361505512046,
  "UT_med": 0.48046742397011416,
  "UT_Q": 0.31216316034190295,
  "PTOSR": [
    1.0076724190673068,
    0.0,
    0.0,
    0.0,
    0.0,
    0.0,
    0.0,
    0.0,
    0.0,
    0.0,
    0.0,
    0.0,
    0.0,
    0.0,
    0.0,
    0.0,
    0.0,
    0.0,
    0.0,
    0.0,
    0.0,
    0.0,
    0.0,
    0.0
  ],
  "PTOSR_promedio": 0.04198635079447111,
  "PPDSR": 0.0008109403221644735,
  "PPDINC": 0.0,
  "total_pacientes_llegados": 89794,
  "total_pacientes_atendidos": 89793,
  "total_consultas": 62664,
  "total_partos_naturales": 15471,
  "total_partos_cesarea": 11658,
  "total_derivaciones_sr": 22,
  "total_derivaciones_inc": 0,
  "total_partos": 27129,
  "costo_medicos": 293208333.3333334,
  "costo_quirofano": 2577255000.0,
  "costo_sr_operacion": 2436383526.3884525,
  "costo_inc_operacion": 277900000.0,
  "CTM": 45902028.98401468,
  "costo_total_10_anios": 5584746859.7217865,
  "CII": 0.0,
  "eventos_procesados": 299256,
  "tiempo_simulacion": 5256050.48281924,
  "G": 1,
  "SR": 24,
  "I": 15,
  "SC": 1
}